Date,Record,Group,Tier,Range,IPA Target,IPA Actual,Alignment,Result,filename,Query Source,Analysis,Phase,Language,Participant,Speaker,Probe,Probe Type,IPA Alignment,Tiers,Notes,Orthography,IPA Target Words,IPA Actual Words,IPA Alignment Words,Accuracy
2020-10-21,1,1,"IPA Target ↔ IPA Actual; Orthography (Group), IPA Target (Group), IPA Actual (Group), Alignment (Group), Notes (Group)","(1...2) ↔ (0...1); (0...4), (0...5), (0...4), (0...15), (0...19)",d,d,d:O↔d:O,"d ↔ d; dedo, ˈdedo, dedo, d↔d,e↔e,d↔d,o↔o, LC di KR /ə/--> /e/",S401.S401_EFE-A_Pre_05_20_2024.csv,Queries_Target_v2,Consonants,Pre,Spanish,S401,S401,EFE-A,Pre,d ↔ d,"dedo, ˈdedo, dedo, d↔d,e↔e,d↔d,o↔o, LC di KR /ə/--> /e/",LC di KR /ə/--> /e/,dedo,ˈdedo,dedo,"d↔d,e↔e,d↔d,o↔o",1.0
2020-10-21,1,1,"IPA Target ↔ IPA Actual; Orthography (Group), IPA Target (Group), IPA Actual (Group), Alignment (Group), Notes (Group)","(3...4) ↔ (2...3); (0...4), (0...5), (0...4), (0...15), (0...19)",d,d,d:O↔d:O,"d ↔ d; dedo, ˈdedo, dedo, d↔d,e↔e,d↔d,o↔o, LC di KR /ə/--> /e/",S401.S401_EFE-A_Pre_05_20_2024.csv,Queries_Target_v2,Consonants,Pre,Spanish,S401,S401,EFE-A,Pre,d ↔ d,"dedo, ˈdedo, dedo, d↔d,e↔e,d↔d,o↔o, LC di KR /ə/--> /e/",LC di KR /ə/--> /e/,dedo,ˈdedo,dedo,"d↔d,e↔e,d↔d,o↔o",1.0
2020-10-21,2,1,"IPA Target ↔ IPA Actual; Orthography (Group), IPA Target (Group), IPA Actual (Group), Alignment (Group), Notes (Group)","(1...2) ↔ (0...1); (0...4), (0...5), (0...4), (0...15), (0...70)",k,k,k:O↔k:O,"k ↔ k; caja, ˈkaxa, kaxa, k↔k,a↔a,x↔x,a↔a, LC di (clinician interuption), CL: English influence on first stop VOT",S401.S401_EFE-A_Pre_05_20_2024.csv,Queries_Target_v2,Consonants,Pre,Spanish,S401,S401,EFE-A,Pre,k ↔ k,"caja, ˈkaxa, kaxa, k↔k,a↔a,x↔x,a↔a, LC di (clinician interuption), CL: English influence on first stop VOT","LC di (clinician interuption), CL: English influence on first stop VOT",caja,ˈkaxa,kaxa,"k↔k,a↔a,x↔x,a↔a",1.0
2020-10-21,2,1,"IPA Target ↔ IPA Actual; Orthography (Group), IPA Target (Group), IPA Actual (Group), Alignment (Group), Notes (Group)","(3...4) ↔ (2...3); (0...4), (0...5), (0...4), (0...15), (0...70)",x,x,x:O↔x:O,"x ↔ x; caja, ˈkaxa, kaxa, k↔k,a↔a,x↔x,a↔a, LC di (clinician interuption), CL: English influence on first stop VOT",S401.S401_EFE-A_Pre_05_20_2024.csv,Queries_Target_v2,Consonants,Pre,Spanish,S401,S401,EFE-A,Pre,x ↔ x,"caja, ˈkaxa, kaxa, k↔k,a↔a,x↔x,a↔a, LC di (clinician interuption), CL: English influence on first stop VOT","LC di (clinician interuption), CL: English influence on first stop VOT",caja,ˈkaxa,kaxa,"k↔k,a↔a,x↔x,a↔a",1.0
2020-10-21,3,1,"IPA Target ↔ IPA Actual; Orthography (Group), IPA Target (Group), IPA Actual (Group), Alignment (Group), Notes (Group)","(1...2) ↔ (0...1); (0...6), (0...7), (0...6), (0...23), (0...0)",f,f,f:O↔f:O,"f ↔ f; fuerte, ˈfweɾte, fweɾte, f↔f,w↔w,e↔e,ɾ↔ɾ,t↔t,e↔e, ∅",S401.S401_EFE-A_Pre_05_20_2024.csv,Queries_Target_v2,Consonants,Pre,Spanish,S401,S401,EFE-A,Pre,f ↔ f,"fuerte, ˈfweɾte, fweɾte, f↔f,w↔w,e↔e,ɾ↔ɾ,t↔t,e↔e, ∅",∅,fuerte,ˈfweɾte,fweɾte,"f↔f,w↔w,e↔e,ɾ↔ɾ,t↔t,e↔e",1.0
2020-10-21,3,1,"IPA Target ↔ IPA Actual; Orthography (Group), IPA Target (Group), IPA Actual (Group), Alignment (Group), Notes (Group)","(2...3) ↔ (1...2); (0...6), (0...7), (0...6), (0...23), (0...0)",w,w,w:O↔w:O,"w ↔ w; fuerte, ˈfweɾte, fweɾte, f↔f,w↔w,e↔e,ɾ↔ɾ,t↔t,e↔e, ∅",S401.S401_EFE-A_Pre_05_20_2024.csv,Queries_Target_v2,Consonants,Pre,Spanish,S401,S401,EFE-A,Pre,w ↔ w,"fuerte, ˈfweɾte, fweɾte, f↔f,w↔w,e↔e,ɾ↔ɾ,t↔t,e↔e, ∅",∅,fuerte,ˈfweɾte,fweɾte,"f↔f,w↔w,e↔e,ɾ↔ɾ,t↔t,e↔e",1.0
2020-10-21,3,1,"IPA Target ↔ IPA Actual; Orthography (Group), IPA Target (Group), IPA Actual (Group), Alignment (Group), Notes (Group)","(4...5) ↔ (3...4); (0...6), (0...7), (0...6), (0...23), (0...0)",ɾ,ɾ,ɾ:C↔ɾ:C,"ɾ ↔ ɾ; fuerte, ˈfweɾte, fweɾte, f↔f,w↔w,e↔e,ɾ↔ɾ,t↔t,e↔e, ∅",S401.S401_EFE-A_Pre_05_20_2024.csv,Queries_Target_v2,Consonants,Pre,Spanish,S401,S401,EFE-A,Pre,ɾ ↔ ɾ,"fuerte, ˈfweɾte, fweɾte, f↔f,w↔w,e↔e,ɾ↔ɾ,t↔t,e↔e, ∅",∅,fuerte,ˈfweɾte,fweɾte,"f↔f,w↔w,e↔e,ɾ↔ɾ,t↔t,e↔e",1.0
2020-10-21,3,1,"IPA Target ↔ IPA Actual; Orthography (Group), IPA Target (Group), IPA Actual (Group), Alignment (Group), Notes (Group)","(5...6) ↔ (4...5); (0...6), (0...7), (0...6), (0...23), (0...0)",t,t,t:O↔t:O,"t ↔ t; fuerte, ˈfweɾte, fweɾte, f↔f,w↔w,e↔e,ɾ↔ɾ,t↔t,e↔e, ∅",S401.S401_EFE-A_Pre_05_20_2024.csv,Queries_Target_v2,Consonants,Pre,Spanish,S401,S401,EFE-A,Pre,t ↔ t,"fuerte, ˈfweɾte, fweɾte, f↔f,w↔w,e↔e,ɾ↔ɾ,t↔t,e↔e, ∅",∅,fuerte,ˈfweɾte,fweɾte,"f↔f,w↔w,e↔e,ɾ↔ɾ,t↔t,e↔e",1.0
2020-10-21,4,1,"IPA Target ↔ IPA Actual; Orthography (Group), IPA Target (Group), IPA Actual (Group), Alignment (Group), Notes (Group)","(0...1) ↔ (0...1); (0...9), (0...9), (0...8), (0...31), (0...6)",k,k,k:O↔k:O,"k ↔ k; corriendo, koˈrjendo, korjendo, k↔k,o↔o,r↔r,j↔j,e↔e,n↔n,d↔d,o↔o, LC di ",S401.S401_EFE-A_Pre_05_20_2024.csv,Queries_Target_v2,Consonants,Pre,Spanish,S401,S401,EFE-A,Pre,k ↔ k,"corriendo, koˈrjendo, korjendo, k↔k,o↔o,r↔r,j↔j,e↔e,n↔n,d↔d,o↔o, LC di",LC di ,corriendo,koˈrjendo,korjendo,"k↔k,o↔o,r↔r,j↔j,e↔e,n↔n,d↔d,o↔o",1.0
2020-10-21,4,1,"IPA Target ↔ IPA Actual; Orthography (Group), IPA Target (Group), IPA Actual (Group), Alignment (Group), Notes (Group)","(3...4) ↔ (2...3); (0...9), (0...9), (0...8), (0...31), (0...6)",r,r,r:O↔r:O,"r ↔ r; corriendo, koˈrjendo, korjendo, k↔k,o↔o,r↔r,j↔j,e↔e,n↔n,d↔d,o↔o, LC di ",S401.S401_EFE-A_Pre_05_20_2024.csv,Queries_Target_v2,Consonants,Pre,Spanish,S401,S401,EFE-A,Pre,r ↔ r,"corriendo, koˈrjendo, korjendo, k↔k,o↔o,r↔r,j↔j,e↔e,n↔n,d↔d,o↔o, LC di",LC di ,corriendo,koˈrjendo,korjendo,"k↔k,o↔o,r↔r,j↔j,e↔e,n↔n,d↔d,o↔o",1.0
2020-10-21,4,1,"IPA Target ↔ IPA Actual; Orthography (Group), IPA Target (Group), IPA Actual (Group), Alignment (Group), Notes (Group)","(4...5) ↔ (3...4); (0...9), (0...9), (0...8), (0...31), (0...6)",j,j,j:O↔j:O,"j ↔ j; corriendo, koˈrjendo, korjendo, k↔k,o↔o,r↔r,j↔j,e↔e,n↔n,d↔d,o↔o, LC di ",S401.S401_EFE-A_Pre_05_20_2024.csv,Queries_Target_v2,Consonants,Pre,Spanish,S401,S401,EFE-A,Pre,j ↔ j,"corriendo, koˈrjendo, korjendo, k↔k,o↔o,r↔r,j↔j,e↔e,n↔n,d↔d,o↔o, LC di",LC di ,corriendo,koˈrjendo,korjendo,"k↔k,o↔o,r↔r,j↔j,e↔e,n↔n,d↔d,o↔o",1.0
2020-10-21,4,1,"IPA Target ↔ IPA Actual; Orthography (Group), IPA Target (Group), IPA Actual (Group), Alignment (Group), Notes (Group)","(6...7) ↔ (5...6); (0...9), (0...9), (0...8), (0...31), (0...6)",n,n,n:C↔n:C,"n ↔ n; corriendo, koˈrjendo, korjendo, k↔k,o↔o,r↔r,j↔j,e↔e,n↔n,d↔d,o↔o, LC di ",S401.S401_EFE-A_Pre_05_20_2024.csv,Queries_Target_v2,Consonants,Pre,Spanish,S401,S401,EFE-A,Pre,n ↔ n,"corriendo, koˈrjendo, korjendo, k↔k,o↔o,r↔r,j↔j,e↔e,n↔n,d↔d,o↔o, LC di",LC di ,corriendo,koˈrjendo,korjendo,"k↔k,o↔o,r↔r,j↔j,e↔e,n↔n,d↔d,o↔o",1.0
2020-10-21,4,1,"IPA Target ↔ IPA Actual; Orthography (Group), IPA Target (Group), IPA Actual (Group), Alignment (Group), Notes (Group)","(7...8) ↔ (6...7); (0...9), (0...9), (0...8), (0...31), (0...6)",d,d,d:O↔d:O,"d ↔ d; corriendo, koˈrjendo, korjendo, k↔k,o↔o,r↔r,j↔j,e↔e,n↔n,d↔d,o↔o, LC di ",S401.S401_EFE-A_Pre_05_20_2024.csv,Queries_Target_v2,Consonants,Pre,Spanish,S401,S401,EFE-A,Pre,d ↔ d,"corriendo, koˈrjendo, korjendo, k↔k,o↔o,r↔r,j↔j,e↔e,n↔n,d↔d,o↔o, LC di",LC di ,corriendo,koˈrjendo,korjendo,"k↔k,o↔o,r↔r,j↔j,e↔e,n↔n,d↔d,o↔o",1.0
2020-10-21,5,1,"IPA Target ↔ IPA Actual; Orthography (Group), IPA Target (Group), IPA Actual (Group), Alignment (Group), Notes (Group)","(1...2) ↔ (0...1); (0...6), (0...6), (0...6), (0...27), (0...9)",p,p,p:O↔p:O,"p ↔ p; puerro, ˈpwero, peɾdum, p↔p,w↔∅,e↔e,r↔ɾ,∅↔d,o↔u,∅↔m, LC di 2/2",S401.S401_EFE-A_Pre_05_20_2024.csv,Queries_Target_v2,Consonants,Pre,Spanish,S401,S401,EFE-A,Pre,p ↔ p,"puerro, ˈpwero, peɾdum, p↔p,w↔∅,e↔e,r↔ɾ,∅↔d,o↔u,∅↔m, LC di 2/2",LC di 2/2,puerro,ˈpwero,peɾdum,"p↔p,w↔∅,e↔e,r↔ɾ,∅↔d,o↔u,∅↔m",1.0
2020-10-21,5,1,"IPA Target ↔ IPA Actual; Orthography (Group), IPA Target (Group), IPA Actual (Group), Alignment (Group), Notes (Group)","(2...3) ↔ (0...0); (0...6), (0...6), (0...6), (0...27), (0...9)",w,,w:O↔∅,"w ↔ ∅; puerro, ˈpwero, peɾdum, p↔p,w↔∅,e↔e,r↔ɾ,∅↔d,o↔u,∅↔m, LC di 2/2",S401.S401_EFE-A_Pre_05_20_2024.csv,Queries_Target_v2,Consonants,Pre,Spanish,S401,S401,EFE-A,Pre,w ↔ ∅,"puerro, ˈpwero, peɾdum, p↔p,w↔∅,e↔e,r↔ɾ,∅↔d,o↔u,∅↔m, LC di 2/2",LC di 2/2,puerro,ˈpwero,peɾdum,"p↔p,w↔∅,e↔e,r↔ɾ,∅↔d,o↔u,∅↔m",0.0
2020-10-21,5,1,"IPA Target ↔ IPA Actual; Orthography (Group), IPA Target (Group), IPA Actual (Group), Alignment (Group), Notes (Group)","(4...5) ↔ (2...3); (0...6), (0...6), (0...6), (0...27), (0...9)",r,ɾ,r:O↔ɾ:C,"r ↔ ɾ; puerro, ˈpwero, peɾdum, p↔p,w↔∅,e↔e,r↔ɾ,∅↔d,o↔u,∅↔m, LC di 2/2",S401.S401_EFE-A_Pre_05_20_2024.csv,Queries_Target_v2,Consonants,Pre,Spanish,S401,S401,EFE-A,Pre,r ↔ ɾ,"puerro, ˈpwero, peɾdum, p↔p,w↔∅,e↔e,r↔ɾ,∅↔d,o↔u,∅↔m, LC di 2/2",LC di 2/2,puerro,ˈpwero,peɾdum,"p↔p,w↔∅,e↔e,r↔ɾ,∅↔d,o↔u,∅↔m",0.7058823529411765
2020-10-21,6,1,"IPA Target ↔ IPA Actual; Orthography (Group), IPA Target (Group), IPA Actual (Group), Alignment (Group), Notes (Group)","(0...1) ↔ (0...1); (0...8), (0...9), (0...8), (0...31), (0...20)",ɡ,k,ɡ:O↔k:O,"ɡ ↔ k; gasolina, ɡasoˈlina, kasolina, ɡ↔k,a↔a,s↔s,o↔o,l↔l,i↔i,n↔n,a↔a, LC  di (interuption)",S401.S401_EFE-A_Pre_05_20_2024.csv,Queries_Target_v2,Consonants,Pre,Spanish,S401,S401,EFE-A,Pre,ɡ ↔ k,"gasolina, ɡasoˈlina, kasolina, ɡ↔k,a↔a,s↔s,o↔o,l↔l,i↔i,n↔n,a↔a, LC  di (interuption)",LC  di (interuption),gasolina,ɡasoˈlina,kasolina,"ɡ↔k,a↔a,s↔s,o↔o,l↔l,i↔i,n↔n,a↔a",0.6470588235294118
2020-10-21,6,1,"IPA Target ↔ IPA Actual; Orthography (Group), IPA Target (Group), IPA Actual (Group), Alignment (Group), Notes (Group)","(2...3) ↔ (2...3); (0...8), (0...9), (0...8), (0...31), (0...20)",s,s,s:O↔s:O,"s ↔ s; gasolina, ɡasoˈlina, kasolina, ɡ↔k,a↔a,s↔s,o↔o,l↔l,i↔i,n↔n,a↔a, LC  di (interuption)",S401.S401_EFE-A_Pre_05_20_2024.csv,Queries_Target_v2,Consonants,Pre,Spanish,S401,S401,EFE-A,Pre,s ↔ s,"gasolina, ɡasoˈlina, kasolina, ɡ↔k,a↔a,s↔s,o↔o,l↔l,i↔i,n↔n,a↔a, LC  di (interuption)",LC  di (interuption),gasolina,ɡasoˈlina,kasolina,"ɡ↔k,a↔a,s↔s,o↔o,l↔l,i↔i,n↔n,a↔a",1.0
2020-10-21,6,1,"IPA Target ↔ IPA Actual; Orthography (Group), IPA Target (Group), IPA Actual (Group), Alignment (Group), Notes (Group)","(5...6) ↔ (4...5); (0...8), (0...9), (0...8), (0...31), (0...20)",l,l,l:O↔l:O,"l ↔ l; gasolina, ɡasoˈlina, kasolina, ɡ↔k,a↔a,s↔s,o↔o,l↔l,i↔i,n↔n,a↔a, LC  di (interuption)",S401.S401_EFE-A_Pre_05_20_2024.csv,Queries_Target_v2,Consonants,Pre,Spanish,S401,S401,EFE-A,Pre,l ↔ l,"gasolina, ɡasoˈlina, kasolina, ɡ↔k,a↔a,s↔s,o↔o,l↔l,i↔i,n↔n,a↔a, LC  di (interuption)",LC  di (interuption),gasolina,ɡasoˈlina,kasolina,"ɡ↔k,a↔a,s↔s,o↔o,l↔l,i↔i,n↔n,a↔a",1.0
2020-10-21,6,1,"IPA Target ↔ IPA Actual; Orthography (Group), IPA Target (Group), IPA Actual (Group), Alignment (Group), Notes (Group)","(7...8) ↔ (6...7); (0...8), (0...9), (0...8), (0...31), (0...20)",n,n,n:O↔n:O,"n ↔ n; gasolina, ɡasoˈlina, kasolina, ɡ↔k,a↔a,s↔s,o↔o,l↔l,i↔i,n↔n,a↔a, LC  di (interuption)",S401.S401_EFE-A_Pre_05_20_2024.csv,Queries_Target_v2,Consonants,Pre,Spanish,S401,S401,EFE-A,Pre,n ↔ n,"gasolina, ɡasoˈlina, kasolina, ɡ↔k,a↔a,s↔s,o↔o,l↔l,i↔i,n↔n,a↔a, LC  di (interuption)",LC  di (interuption),gasolina,ɡasoˈlina,kasolina,"ɡ↔k,a↔a,s↔s,o↔o,l↔l,i↔i,n↔n,a↔a",1.0
2020-10-21,7,1,"IPA Target ↔ IPA Actual; Orthography (Group), IPA Target (Group), IPA Actual (Group), Alignment (Group), Notes (Group)","(1...2) ↔ (0...1); (0...6), (0...7), (0...5), (0...23), (0...9)",p,p,p:O↔p:O,"p ↔ p; prende, ˈpɾende, pende, p↔p,ɾ↔∅,e↔e,n↔n,d↔d,e↔e, LC 2/2 di",S401.S401_EFE-A_Pre_05_20_2024.csv,Queries_Target_v2,Consonants,Pre,Spanish,S401,S401,EFE-A,Pre,p ↔ p,"prende, ˈpɾende, pende, p↔p,ɾ↔∅,e↔e,n↔n,d↔d,e↔e, LC 2/2 di",LC 2/2 di,prende,ˈpɾende,pende,"p↔p,ɾ↔∅,e↔e,n↔n,d↔d,e↔e",1.0
2020-10-21,7,1,"IPA Target ↔ IPA Actual; Orthography (Group), IPA Target (Group), IPA Actual (Group), Alignment (Group), Notes (Group)","(2...3) ↔ (0...0); (0...6), (0...7), (0...5), (0...23), (0...9)",ɾ,,ɾ:O↔∅,"ɾ ↔ ∅; prende, ˈpɾende, pende, p↔p,ɾ↔∅,e↔e,n↔n,d↔d,e↔e, LC 2/2 di",S401.S401_EFE-A_Pre_05_20_2024.csv,Queries_Target_v2,Consonants,Pre,Spanish,S401,S401,EFE-A,Pre,ɾ ↔ ∅,"prende, ˈpɾende, pende, p↔p,ɾ↔∅,e↔e,n↔n,d↔d,e↔e, LC 2/2 di",LC 2/2 di,prende,ˈpɾende,pende,"p↔p,ɾ↔∅,e↔e,n↔n,d↔d,e↔e",0.0
2020-10-21,7,1,"IPA Target ↔ IPA Actual; Orthography (Group), IPA Target (Group), IPA Actual (Group), Alignment (Group), Notes (Group)","(4...5) ↔ (2...3); (0...6), (0...7), (0...5), (0...23), (0...9)",n,n,n:C↔n:C,"n ↔ n; prende, ˈpɾende, pende, p↔p,ɾ↔∅,e↔e,n↔n,d↔d,e↔e, LC 2/2 di",S401.S401_EFE-A_Pre_05_20_2024.csv,Queries_Target_v2,Consonants,Pre,Spanish,S401,S401,EFE-A,Pre,n ↔ n,"prende, ˈpɾende, pende, p↔p,ɾ↔∅,e↔e,n↔n,d↔d,e↔e, LC 2/2 di",LC 2/2 di,prende,ˈpɾende,pende,"p↔p,ɾ↔∅,e↔e,n↔n,d↔d,e↔e",1.0
2020-10-21,7,1,"IPA Target ↔ IPA Actual; Orthography (Group), IPA Target (Group), IPA Actual (Group), Alignment (Group), Notes (Group)","(5...6) ↔ (3...4); (0...6), (0...7), (0...5), (0...23), (0...9)",d,d,d:O↔d:O,"d ↔ d; prende, ˈpɾende, pende, p↔p,ɾ↔∅,e↔e,n↔n,d↔d,e↔e, LC 2/2 di",S401.S401_EFE-A_Pre_05_20_2024.csv,Queries_Target_v2,Consonants,Pre,Spanish,S401,S401,EFE-A,Pre,d ↔ d,"prende, ˈpɾende, pende, p↔p,ɾ↔∅,e↔e,n↔n,d↔d,e↔e, LC 2/2 di",LC 2/2 di,prende,ˈpɾende,pende,"p↔p,ɾ↔∅,e↔e,n↔n,d↔d,e↔e",1.0
2020-10-21,8,1,"IPA Target ↔ IPA Actual; Orthography (Group), IPA Target (Group), IPA Actual (Group), Alignment (Group), Notes (Group)","(1...2) ↔ (0...1); (0...6), (0...7), (0...5), (0...23), (0...64)",m,m,m:O↔m:O,"m ↔ m; muerde, ˈmweɾde, meɾde, m↔m,w↔∅,e↔e,ɾ↔ɾ,d↔d,e↔e, LC di KR no /ʝ/ and /ɾ/ instead of /r/--> /meɾde/, CL: English R",S401.S401_EFE-A_Pre_05_20_2024.csv,Queries_Target_v2,Consonants,Pre,Spanish,S401,S401,EFE-A,Pre,m ↔ m,"muerde, ˈmweɾde, meɾde, m↔m,w↔∅,e↔e,ɾ↔ɾ,d↔d,e↔e, LC di KR no /ʝ/ and /ɾ/ instead of /r/--> /meɾde/, CL: English R","LC di KR no /ʝ/ and /ɾ/ instead of /r/--> /meɾde/, CL: English R",muerde,ˈmweɾde,meɾde,"m↔m,w↔∅,e↔e,ɾ↔ɾ,d↔d,e↔e",1.0
2020-10-21,8,1,"IPA Target ↔ IPA Actual; Orthography (Group), IPA Target (Group), IPA Actual (Group), Alignment (Group), Notes (Group)","(2...3) ↔ (0...0); (0...6), (0...7), (0...5), (0...23), (0...64)",w,,w:O↔∅,"w ↔ ∅; muerde, ˈmweɾde, meɾde, m↔m,w↔∅,e↔e,ɾ↔ɾ,d↔d,e↔e, LC di KR no /ʝ/ and /ɾ/ instead of /r/--> /meɾde/, CL: English R",S401.S401_EFE-A_Pre_05_20_2024.csv,Queries_Target_v2,Consonants,Pre,Spanish,S401,S401,EFE-A,Pre,w ↔ ∅,"muerde, ˈmweɾde, meɾde, m↔m,w↔∅,e↔e,ɾ↔ɾ,d↔d,e↔e, LC di KR no /ʝ/ and /ɾ/ instead of /r/--> /meɾde/, CL: English R","LC di KR no /ʝ/ and /ɾ/ instead of /r/--> /meɾde/, CL: English R",muerde,ˈmweɾde,meɾde,"m↔m,w↔∅,e↔e,ɾ↔ɾ,d↔d,e↔e",0.0
2020-10-21,8,1,"IPA Target ↔ IPA Actual; Orthography (Group), IPA Target (Group), IPA Actual (Group), Alignment (Group), Notes (Group)","(4...5) ↔ (2...3); (0...6), (0...7), (0...5), (0...23), (0...64)",ɾ,ɾ,ɾ:C↔ɾ:C,"ɾ ↔ ɾ; muerde, ˈmweɾde, meɾde, m↔m,w↔∅,e↔e,ɾ↔ɾ,d↔d,e↔e, LC di KR no /ʝ/ and /ɾ/ instead of /r/--> /meɾde/, CL: English R",S401.S401_EFE-A_Pre_05_20_2024.csv,Queries_Target_v2,Consonants,Pre,Spanish,S401,S401,EFE-A,Pre,ɾ ↔ ɾ,"muerde, ˈmweɾde, meɾde, m↔m,w↔∅,e↔e,ɾ↔ɾ,d↔d,e↔e, LC di KR no /ʝ/ and /ɾ/ instead of /r/--> /meɾde/, CL: English R","LC di KR no /ʝ/ and /ɾ/ instead of /r/--> /meɾde/, CL: English R",muerde,ˈmweɾde,meɾde,"m↔m,w↔∅,e↔e,ɾ↔ɾ,d↔d,e↔e",1.0
2020-10-21,8,1,"IPA Target ↔ IPA Actual; Orthography (Group), IPA Target (Group), IPA Actual (Group), Alignment (Group), Notes (Group)","(5...6) ↔ (3...4); (0...6), (0...7), (0...5), (0...23), (0...64)",d,d,d:O↔d:O,"d ↔ d; muerde, ˈmweɾde, meɾde, m↔m,w↔∅,e↔e,ɾ↔ɾ,d↔d,e↔e, LC di KR no /ʝ/ and /ɾ/ instead of /r/--> /meɾde/, CL: English R",S401.S401_EFE-A_Pre_05_20_2024.csv,Queries_Target_v2,Consonants,Pre,Spanish,S401,S401,EFE-A,Pre,d ↔ d,"muerde, ˈmweɾde, meɾde, m↔m,w↔∅,e↔e,ɾ↔ɾ,d↔d,e↔e, LC di KR no /ʝ/ and /ɾ/ instead of /r/--> /meɾde/, CL: English R","LC di KR no /ʝ/ and /ɾ/ instead of /r/--> /meɾde/, CL: English R",muerde,ˈmweɾde,meɾde,"m↔m,w↔∅,e↔e,ɾ↔ɾ,d↔d,e↔e",1.0
2020-10-21,9,1,"IPA Target ↔ IPA Actual; Orthography (Group), IPA Target (Group), IPA Actual (Group), Alignment (Group), Notes (Group)","(0...1) ↔ (0...1); (0...4), (0...4), (0...4), (0...15), (0...12)",n,n,n:O↔n:O,"n ↔ n; nuez, nwes, nweʪ, n↔n,w↔w,e↔e,s↔ʪ, LC di, noise",S401.S401_EFE-A_Pre_05_20_2024.csv,Queries_Target_v2,Consonants,Pre,Spanish,S401,S401,EFE-A,Pre,n ↔ n,"nuez, nwes, nweʪ, n↔n,w↔w,e↔e,s↔ʪ, LC di, noise","LC di, noise",nuez,nwes,nweʪ,"n↔n,w↔w,e↔e,s↔ʪ",1.0
2020-10-21,9,1,"IPA Target ↔ IPA Actual; Orthography (Group), IPA Target (Group), IPA Actual (Group), Alignment (Group), Notes (Group)","(1...2) ↔ (1...2); (0...4), (0...4), (0...4), (0...15), (0...12)",w,w,w:O↔w:O,"w ↔ w; nuez, nwes, nweʪ, n↔n,w↔w,e↔e,s↔ʪ, LC di, noise",S401.S401_EFE-A_Pre_05_20_2024.csv,Queries_Target_v2,Consonants,Pre,Spanish,S401,S401,EFE-A,Pre,w ↔ w,"nuez, nwes, nweʪ, n↔n,w↔w,e↔e,s↔ʪ, LC di, noise","LC di, noise",nuez,nwes,nweʪ,"n↔n,w↔w,e↔e,s↔ʪ",1.0
2020-10-21,9,1,"IPA Target ↔ IPA Actual; Orthography (Group), IPA Target (Group), IPA Actual (Group), Alignment (Group), Notes (Group)","(3...4) ↔ (3...4); (0...4), (0...4), (0...4), (0...15), (0...12)",s,ʪ,s:C↔ʪ:C,"s ↔ ʪ; nuez, nwes, nweʪ, n↔n,w↔w,e↔e,s↔ʪ, LC di, noise",S401.S401_EFE-A_Pre_05_20_2024.csv,Queries_Target_v2,Consonants,Pre,Spanish,S401,S401,EFE-A,Pre,s ↔ ʪ,"nuez, nwes, nweʪ, n↔n,w↔w,e↔e,s↔ʪ, LC di, noise","LC di, noise",nuez,nwes,nweʪ,"n↔n,w↔w,e↔e,s↔ʪ",0.7058823529411765
2020-10-21,10,1,"IPA Target ↔ IPA Actual; Orthography (Group), IPA Target (Group), IPA Actual (Group), Alignment (Group), Notes (Group)","(1...2) ↔ (0...1); (0...6), (0...7), (0...5), (0...23), (0...6)",ɡ,ɡ,ɡ:O↔g:O,"ɡ ↔ g; grande, ˈɡɾande, gande, ɡ↔g,ɾ↔∅,a↔a,n↔n,d↔d,e↔e, LC di ",S401.S401_EFE-A_Pre_05_20_2024.csv,Queries_Target_v2,Consonants,Pre,Spanish,S401,S401,EFE-A,Pre,ɡ ↔ g,"grande, ˈɡɾande, gande, ɡ↔g,ɾ↔∅,a↔a,n↔n,d↔d,e↔e, LC di",LC di ,grande,ˈɡɾande,gande,"ɡ↔g,ɾ↔∅,a↔a,n↔n,d↔d,e↔e",1.0
2020-10-21,10,1,"IPA Target ↔ IPA Actual; Orthography (Group), IPA Target (Group), IPA Actual (Group), Alignment (Group), Notes (Group)","(2...3) ↔ (0...0); (0...6), (0...7), (0...5), (0...23), (0...6)",ɾ,,ɾ:O↔∅,"ɾ ↔ ∅; grande, ˈɡɾande, gande, ɡ↔g,ɾ↔∅,a↔a,n↔n,d↔d,e↔e, LC di ",S401.S401_EFE-A_Pre_05_20_2024.csv,Queries_Target_v2,Consonants,Pre,Spanish,S401,S401,EFE-A,Pre,ɾ ↔ ∅,"grande, ˈɡɾande, gande, ɡ↔g,ɾ↔∅,a↔a,n↔n,d↔d,e↔e, LC di",LC di ,grande,ˈɡɾande,gande,"ɡ↔g,ɾ↔∅,a↔a,n↔n,d↔d,e↔e",0.0
2020-10-21,10,1,"IPA Target ↔ IPA Actual; Orthography (Group), IPA Target (Group), IPA Actual (Group), Alignment (Group), Notes (Group)","(4...5) ↔ (2...3); (0...6), (0...7), (0...5), (0...23), (0...6)",n,n,n:C↔n:C,"n ↔ n; grande, ˈɡɾande, gande, ɡ↔g,ɾ↔∅,a↔a,n↔n,d↔d,e↔e, LC di ",S401.S401_EFE-A_Pre_05_20_2024.csv,Queries_Target_v2,Consonants,Pre,Spanish,S401,S401,EFE-A,Pre,n ↔ n,"grande, ˈɡɾande, gande, ɡ↔g,ɾ↔∅,a↔a,n↔n,d↔d,e↔e, LC di",LC di ,grande,ˈɡɾande,gande,"ɡ↔g,ɾ↔∅,a↔a,n↔n,d↔d,e↔e",1.0
2020-10-21,10,1,"IPA Target ↔ IPA Actual; Orthography (Group), IPA Target (Group), IPA Actual (Group), Alignment (Group), Notes (Group)","(5...6) ↔ (3...4); (0...6), (0...7), (0...5), (0...23), (0...6)",d,d,d:O↔d:O,"d ↔ d; grande, ˈɡɾande, gande, ɡ↔g,ɾ↔∅,a↔a,n↔n,d↔d,e↔e, LC di ",S401.S401_EFE-A_Pre_05_20_2024.csv,Queries_Target_v2,Consonants,Pre,Spanish,S401,S401,EFE-A,Pre,d ↔ d,"grande, ˈɡɾande, gande, ɡ↔g,ɾ↔∅,a↔a,n↔n,d↔d,e↔e, LC di",LC di ,grande,ˈɡɾande,gande,"ɡ↔g,ɾ↔∅,a↔a,n↔n,d↔d,e↔e",1.0
2020-10-21,11,1,"IPA Target ↔ IPA Actual; Orthography (Group), IPA Target (Group), IPA Actual (Group), Alignment (Group), Notes (Group)","(0...1) ↔ (0...1); (0...7), (0...8), (0...7), (0...27), (0...49)",b,b,b:O↔b:O,"b ↔ b; bandera, banˈdeɾa, bandeda, b↔b,a↔a,n↔n,d↔d,e↔e,ɾ↔d,a↔a, LC 1/2 di KR double check approximant rules here ",S401.S401_EFE-A_Pre_05_20_2024.csv,Queries_Target_v2,Consonants,Pre,Spanish,S401,S401,EFE-A,Pre,b ↔ b,"bandera, banˈdeɾa, bandeda, b↔b,a↔a,n↔n,d↔d,e↔e,ɾ↔d,a↔a, LC 1/2 di KR double check approximant rules here",LC 1/2 di KR double check approximant rules here ,bandera,banˈdeɾa,bandeda,"b↔b,a↔a,n↔n,d↔d,e↔e,ɾ↔d,a↔a",1.0
2020-10-21,11,1,"IPA Target ↔ IPA Actual; Orthography (Group), IPA Target (Group), IPA Actual (Group), Alignment (Group), Notes (Group)","(2...3) ↔ (2...3); (0...7), (0...8), (0...7), (0...27), (0...49)",n,n,n:C↔n:C,"n ↔ n; bandera, banˈdeɾa, bandeda, b↔b,a↔a,n↔n,d↔d,e↔e,ɾ↔d,a↔a, LC 1/2 di KR double check approximant rules here ",S401.S401_EFE-A_Pre_05_20_2024.csv,Queries_Target_v2,Consonants,Pre,Spanish,S401,S401,EFE-A,Pre,n ↔ n,"bandera, banˈdeɾa, bandeda, b↔b,a↔a,n↔n,d↔d,e↔e,ɾ↔d,a↔a, LC 1/2 di KR double check approximant rules here",LC 1/2 di KR double check approximant rules here ,bandera,banˈdeɾa,bandeda,"b↔b,a↔a,n↔n,d↔d,e↔e,ɾ↔d,a↔a",1.0
2020-10-21,11,1,"IPA Target ↔ IPA Actual; Orthography (Group), IPA Target (Group), IPA Actual (Group), Alignment (Group), Notes (Group)","(4...5) ↔ (3...4); (0...7), (0...8), (0...7), (0...27), (0...49)",d,d,d:O↔d:O,"d ↔ d; bandera, banˈdeɾa, bandeda, b↔b,a↔a,n↔n,d↔d,e↔e,ɾ↔d,a↔a, LC 1/2 di KR double check approximant rules here ",S401.S401_EFE-A_Pre_05_20_2024.csv,Queries_Target_v2,Consonants,Pre,Spanish,S401,S401,EFE-A,Pre,d ↔ d,"bandera, banˈdeɾa, bandeda, b↔b,a↔a,n↔n,d↔d,e↔e,ɾ↔d,a↔a, LC 1/2 di KR double check approximant rules here",LC 1/2 di KR double check approximant rules here ,bandera,banˈdeɾa,bandeda,"b↔b,a↔a,n↔n,d↔d,e↔e,ɾ↔d,a↔a",1.0
2020-10-21,11,1,"IPA Target ↔ IPA Actual; Orthography (Group), IPA Target (Group), IPA Actual (Group), Alignment (Group), Notes (Group)","(6...7) ↔ (5...6); (0...7), (0...8), (0...7), (0...27), (0...49)",ɾ,d,ɾ:O↔d:O,"ɾ ↔ d; bandera, banˈdeɾa, bandeda, b↔b,a↔a,n↔n,d↔d,e↔e,ɾ↔d,a↔a, LC 1/2 di KR double check approximant rules here ",S401.S401_EFE-A_Pre_05_20_2024.csv,Queries_Target_v2,Consonants,Pre,Spanish,S401,S401,EFE-A,Pre,ɾ ↔ d,"bandera, banˈdeɾa, bandeda, b↔b,a↔a,n↔n,d↔d,e↔e,ɾ↔d,a↔a, LC 1/2 di KR double check approximant rules here",LC 1/2 di KR double check approximant rules here ,bandera,banˈdeɾa,bandeda,"b↔b,a↔a,n↔n,d↔d,e↔e,ɾ↔d,a↔a",0.5882352941176471
2020-10-21,12,1,"IPA Target ↔ IPA Actual; Orthography (Group), IPA Target (Group), IPA Actual (Group), Alignment (Group), Notes (Group)","(1...2) ↔ (0...1); (0...5), (0...6), (0...5), (0...19), (0...9)",x,x,x:O↔x:O,"x ↔ x; jaula, ˈxawla, xawʝa, x↔x,a↔a,w↔w,l↔ʝ,a↔a, LC 2/2 di",S401.S401_EFE-A_Pre_05_20_2024.csv,Queries_Target_v2,Consonants,Pre,Spanish,S401,S401,EFE-A,Pre,x ↔ x,"jaula, ˈxawla, xawʝa, x↔x,a↔a,w↔w,l↔ʝ,a↔a, LC 2/2 di",LC 2/2 di,jaula,ˈxawla,xawʝa,"x↔x,a↔a,w↔w,l↔ʝ,a↔a",1.0
2020-10-21,12,1,"IPA Target ↔ IPA Actual; Orthography (Group), IPA Target (Group), IPA Actual (Group), Alignment (Group), Notes (Group)","(3...4) ↔ (2...3); (0...5), (0...6), (0...5), (0...19), (0...9)",w,w,w:N↔w:N,"w ↔ w; jaula, ˈxawla, xawʝa, x↔x,a↔a,w↔w,l↔ʝ,a↔a, LC 2/2 di",S401.S401_EFE-A_Pre_05_20_2024.csv,Queries_Target_v2,Consonants,Pre,Spanish,S401,S401,EFE-A,Pre,w ↔ w,"jaula, ˈxawla, xawʝa, x↔x,a↔a,w↔w,l↔ʝ,a↔a, LC 2/2 di",LC 2/2 di,jaula,ˈxawla,xawʝa,"x↔x,a↔a,w↔w,l↔ʝ,a↔a",1.0
2020-10-21,12,1,"IPA Target ↔ IPA Actual; Orthography (Group), IPA Target (Group), IPA Actual (Group), Alignment (Group), Notes (Group)","(4...5) ↔ (3...4); (0...5), (0...6), (0...5), (0...19), (0...9)",l,ʝ,l:O↔ʝ:O,"l ↔ ʝ; jaula, ˈxawla, xawʝa, x↔x,a↔a,w↔w,l↔ʝ,a↔a, LC 2/2 di",S401.S401_EFE-A_Pre_05_20_2024.csv,Queries_Target_v2,Consonants,Pre,Spanish,S401,S401,EFE-A,Pre,l ↔ ʝ,"jaula, ˈxawla, xawʝa, x↔x,a↔a,w↔w,l↔ʝ,a↔a, LC 2/2 di",LC 2/2 di,jaula,ˈxawla,xawʝa,"x↔x,a↔a,w↔w,l↔ʝ,a↔a",0.4117647058823529
2020-10-21,13,1,"IPA Target ↔ IPA Actual; Orthography (Group), IPA Target (Group), IPA Actual (Group), Alignment (Group), Notes (Group)","(0...1) ↔ (0...1); (0...3), (0...3), (0...3), (0...11), (0...5)",m,m,m:O↔m:O,"m ↔ m; más, mas, mas, m↔m,a↔a,s↔s, LC di",S401.S401_EFE-A_Pre_05_20_2024.csv,Queries_Target_v2,Consonants,Pre,Spanish,S401,S401,EFE-A,Pre,m ↔ m,"más, mas, mas, m↔m,a↔a,s↔s, LC di",LC di,más,mas,mas,"m↔m,a↔a,s↔s",1.0
2020-10-21,13,1,"IPA Target ↔ IPA Actual; Orthography (Group), IPA Target (Group), IPA Actual (Group), Alignment (Group), Notes (Group)","(2...3) ↔ (2...3); (0...3), (0...3), (0...3), (0...11), (0...5)",s,s,s:C↔s:C,"s ↔ s; más, mas, mas, m↔m,a↔a,s↔s, LC di",S401.S401_EFE-A_Pre_05_20_2024.csv,Queries_Target_v2,Consonants,Pre,Spanish,S401,S401,EFE-A,Pre,s ↔ s,"más, mas, mas, m↔m,a↔a,s↔s, LC di",LC di,más,mas,mas,"m↔m,a↔a,s↔s",1.0
2020-10-21,14,1,"IPA Target ↔ IPA Actual; Orthography (Group), IPA Target (Group), IPA Actual (Group), Alignment (Group), Notes (Group)","(2...3) ↔ (1...2); (0...9), (0...10), (0...8), (0...35), (0...49)",ɾ,ɾ,ɾ:C↔ɾ:C,"ɾ ↔ ɾ; arco iris, ˈaɾkoˈiɾis, aɾkoiɾi*, a↔a,ɾ↔ɾ,k↔k,o↔o,i↔i,ɾ↔ɾ,i↔i,∅↔*,s↔∅, LC di (interuption) KR-->/akoiːdi/, CL: English R",S401.S401_EFE-A_Pre_05_20_2024.csv,Queries_Target_v2,Consonants,Pre,Spanish,S401,S401,EFE-A,Pre,ɾ ↔ ɾ,"arco iris, ˈaɾkoˈiɾis, aɾkoiɾi*, a↔a,ɾ↔ɾ,k↔k,o↔o,i↔i,ɾ↔ɾ,i↔i,∅↔*,s↔∅, LC di (interuption) KR-->/akoiːdi/, CL: English R","LC di (interuption) KR-->/akoiːdi/, CL: English R",arco iris,ˈaɾkoˈiɾis,aɾkoiɾi*,"a↔a,ɾ↔ɾ,k↔k,o↔o,i↔i,ɾ↔ɾ,i↔i,∅↔*,s↔∅",1.0
2020-10-21,14,1,"IPA Target ↔ IPA Actual; Orthography (Group), IPA Target (Group), IPA Actual (Group), Alignment (Group), Notes (Group)","(3...4) ↔ (2...3); (0...9), (0...10), (0...8), (0...35), (0...49)",k,k,k:O↔k:O,"k ↔ k; arco iris, ˈaɾkoˈiɾis, aɾkoiɾi*, a↔a,ɾ↔ɾ,k↔k,o↔o,i↔i,ɾ↔ɾ,i↔i,∅↔*,s↔∅, LC di (interuption) KR-->/akoiːdi/, CL: English R",S401.S401_EFE-A_Pre_05_20_2024.csv,Queries_Target_v2,Consonants,Pre,Spanish,S401,S401,EFE-A,Pre,k ↔ k,"arco iris, ˈaɾkoˈiɾis, aɾkoiɾi*, a↔a,ɾ↔ɾ,k↔k,o↔o,i↔i,ɾ↔ɾ,i↔i,∅↔*,s↔∅, LC di (interuption) KR-->/akoiːdi/, CL: English R","LC di (interuption) KR-->/akoiːdi/, CL: English R",arco iris,ˈaɾkoˈiɾis,aɾkoiɾi*,"a↔a,ɾ↔ɾ,k↔k,o↔o,i↔i,ɾ↔ɾ,i↔i,∅↔*,s↔∅",1.0
2020-10-21,14,1,"IPA Target ↔ IPA Actual; Orthography (Group), IPA Target (Group), IPA Actual (Group), Alignment (Group), Notes (Group)","(7...8) ↔ (5...6); (0...9), (0...10), (0...8), (0...35), (0...49)",ɾ,ɾ,ɾ:O↔ɾ:O,"ɾ ↔ ɾ; arco iris, ˈaɾkoˈiɾis, aɾkoiɾi*, a↔a,ɾ↔ɾ,k↔k,o↔o,i↔i,ɾ↔ɾ,i↔i,∅↔*,s↔∅, LC di (interuption) KR-->/akoiːdi/, CL: English R",S401.S401_EFE-A_Pre_05_20_2024.csv,Queries_Target_v2,Consonants,Pre,Spanish,S401,S401,EFE-A,Pre,ɾ ↔ ɾ,"arco iris, ˈaɾkoˈiɾis, aɾkoiɾi*, a↔a,ɾ↔ɾ,k↔k,o↔o,i↔i,ɾ↔ɾ,i↔i,∅↔*,s↔∅, LC di (interuption) KR-->/akoiːdi/, CL: English R","LC di (interuption) KR-->/akoiːdi/, CL: English R",arco iris,ˈaɾkoˈiɾis,aɾkoiɾi*,"a↔a,ɾ↔ɾ,k↔k,o↔o,i↔i,ɾ↔ɾ,i↔i,∅↔*,s↔∅",1.0
2020-10-21,14,1,"IPA Target ↔ IPA Actual; Orthography (Group), IPA Target (Group), IPA Actual (Group), Alignment (Group), Notes (Group)","(9...10) ↔ (0...0); (0...9), (0...10), (0...8), (0...35), (0...49)",s,,s:C↔∅,"s ↔ ∅; arco iris, ˈaɾkoˈiɾis, aɾkoiɾi*, a↔a,ɾ↔ɾ,k↔k,o↔o,i↔i,ɾ↔ɾ,i↔i,∅↔*,s↔∅, LC di (interuption) KR-->/akoiːdi/, CL: English R",S401.S401_EFE-A_Pre_05_20_2024.csv,Queries_Target_v2,Consonants,Pre,Spanish,S401,S401,EFE-A,Pre,s ↔ ∅,"arco iris, ˈaɾkoˈiɾis, aɾkoiɾi*, a↔a,ɾ↔ɾ,k↔k,o↔o,i↔i,ɾ↔ɾ,i↔i,∅↔*,s↔∅, LC di (interuption) KR-->/akoiːdi/, CL: English R","LC di (interuption) KR-->/akoiːdi/, CL: English R",arco iris,ˈaɾkoˈiɾis,aɾkoiɾi*,"a↔a,ɾ↔ɾ,k↔k,o↔o,i↔i,ɾ↔ɾ,i↔i,∅↔*,s↔∅",0.0
2020-10-21,15,1,"IPA Target ↔ IPA Actual; Orthography (Group), IPA Target (Group), IPA Actual (Group), Alignment (Group), Notes (Group)","(0...1) ↔ (0...1); (0...8), (0...9), (0...8), (0...31), (0...58)",m,m,m:O↔m:O,"m ↔ m; mariposa, maɾiˈposa, maɾiposa, m↔m,a↔a,ɾ↔ɾ,i↔i,p↔p,o↔o,s↔s,a↔a, LC 3/3 di KR diphthong with /j/ instead of /ʝ/ --> mejposa",S401.S401_EFE-A_Pre_05_20_2024.csv,Queries_Target_v2,Consonants,Pre,Spanish,S401,S401,EFE-A,Pre,m ↔ m,"mariposa, maɾiˈposa, maɾiposa, m↔m,a↔a,ɾ↔ɾ,i↔i,p↔p,o↔o,s↔s,a↔a, LC 3/3 di KR diphthong with /j/ instead of /ʝ/ --> mejposa",LC 3/3 di KR diphthong with /j/ instead of /ʝ/ --> mejposa,mariposa,maɾiˈposa,maɾiposa,"m↔m,a↔a,ɾ↔ɾ,i↔i,p↔p,o↔o,s↔s,a↔a",1.0
2020-10-21,15,1,"IPA Target ↔ IPA Actual; Orthography (Group), IPA Target (Group), IPA Actual (Group), Alignment (Group), Notes (Group)","(2...3) ↔ (2...3); (0...8), (0...9), (0...8), (0...31), (0...58)",ɾ,ɾ,ɾ:O↔ɾ:O,"ɾ ↔ ɾ; mariposa, maɾiˈposa, maɾiposa, m↔m,a↔a,ɾ↔ɾ,i↔i,p↔p,o↔o,s↔s,a↔a, LC 3/3 di KR diphthong with /j/ instead of /ʝ/ --> mejposa",S401.S401_EFE-A_Pre_05_20_2024.csv,Queries_Target_v2,Consonants,Pre,Spanish,S401,S401,EFE-A,Pre,ɾ ↔ ɾ,"mariposa, maɾiˈposa, maɾiposa, m↔m,a↔a,ɾ↔ɾ,i↔i,p↔p,o↔o,s↔s,a↔a, LC 3/3 di KR diphthong with /j/ instead of /ʝ/ --> mejposa",LC 3/3 di KR diphthong with /j/ instead of /ʝ/ --> mejposa,mariposa,maɾiˈposa,maɾiposa,"m↔m,a↔a,ɾ↔ɾ,i↔i,p↔p,o↔o,s↔s,a↔a",1.0
2020-10-21,15,1,"IPA Target ↔ IPA Actual; Orthography (Group), IPA Target (Group), IPA Actual (Group), Alignment (Group), Notes (Group)","(5...6) ↔ (4...5); (0...8), (0...9), (0...8), (0...31), (0...58)",p,p,p:O↔p:O,"p ↔ p; mariposa, maɾiˈposa, maɾiposa, m↔m,a↔a,ɾ↔ɾ,i↔i,p↔p,o↔o,s↔s,a↔a, LC 3/3 di KR diphthong with /j/ instead of /ʝ/ --> mejposa",S401.S401_EFE-A_Pre_05_20_2024.csv,Queries_Target_v2,Consonants,Pre,Spanish,S401,S401,EFE-A,Pre,p ↔ p,"mariposa, maɾiˈposa, maɾiposa, m↔m,a↔a,ɾ↔ɾ,i↔i,p↔p,o↔o,s↔s,a↔a, LC 3/3 di KR diphthong with /j/ instead of /ʝ/ --> mejposa",LC 3/3 di KR diphthong with /j/ instead of /ʝ/ --> mejposa,mariposa,maɾiˈposa,maɾiposa,"m↔m,a↔a,ɾ↔ɾ,i↔i,p↔p,o↔o,s↔s,a↔a",1.0
2020-10-21,15,1,"IPA Target ↔ IPA Actual; Orthography (Group), IPA Target (Group), IPA Actual (Group), Alignment (Group), Notes (Group)","(7...8) ↔ (6...7); (0...8), (0...9), (0...8), (0...31), (0...58)",s,s,s:O↔s:O,"s ↔ s; mariposa, maɾiˈposa, maɾiposa, m↔m,a↔a,ɾ↔ɾ,i↔i,p↔p,o↔o,s↔s,a↔a, LC 3/3 di KR diphthong with /j/ instead of /ʝ/ --> mejposa",S401.S401_EFE-A_Pre_05_20_2024.csv,Queries_Target_v2,Consonants,Pre,Spanish,S401,S401,EFE-A,Pre,s ↔ s,"mariposa, maɾiˈposa, maɾiposa, m↔m,a↔a,ɾ↔ɾ,i↔i,p↔p,o↔o,s↔s,a↔a, LC 3/3 di KR diphthong with /j/ instead of /ʝ/ --> mejposa",LC 3/3 di KR diphthong with /j/ instead of /ʝ/ --> mejposa,mariposa,maɾiˈposa,maɾiposa,"m↔m,a↔a,ɾ↔ɾ,i↔i,p↔p,o↔o,s↔s,a↔a",1.0
2020-10-21,17,1,"IPA Target ↔ IPA Actual; Orthography (Group), IPA Target (Group), IPA Actual (Group), Alignment (Group), Notes (Group)","(1...2) ↔ (0...1); (0...5), (0...6), (0...4), (0...19), (0...7)",k,k,k:O↔k:O,"k ↔ k; caldo, ˈkaldo, kalo, k↔k,a↔a,l↔l,d↔∅,o↔o, di, 2/2",S401.S401_EFE-A_Pre_05_20_2024.csv,Queries_Target_v2,Consonants,Pre,Spanish,S401,S401,EFE-A,Pre,k ↔ k,"caldo, ˈkaldo, kalo, k↔k,a↔a,l↔l,d↔∅,o↔o, di, 2/2","di, 2/2",caldo,ˈkaldo,kalo,"k↔k,a↔a,l↔l,d↔∅,o↔o",1.0
2020-10-21,17,1,"IPA Target ↔ IPA Actual; Orthography (Group), IPA Target (Group), IPA Actual (Group), Alignment (Group), Notes (Group)","(3...4) ↔ (2...3); (0...5), (0...6), (0...4), (0...19), (0...7)",l,l,l:C↔l:O,"l ↔ l; caldo, ˈkaldo, kalo, k↔k,a↔a,l↔l,d↔∅,o↔o, di, 2/2",S401.S401_EFE-A_Pre_05_20_2024.csv,Queries_Target_v2,Consonants,Pre,Spanish,S401,S401,EFE-A,Pre,l ↔ l,"caldo, ˈkaldo, kalo, k↔k,a↔a,l↔l,d↔∅,o↔o, di, 2/2","di, 2/2",caldo,ˈkaldo,kalo,"k↔k,a↔a,l↔l,d↔∅,o↔o",1.0
2020-10-21,17,1,"IPA Target ↔ IPA Actual; Orthography (Group), IPA Target (Group), IPA Actual (Group), Alignment (Group), Notes (Group)","(4...5) ↔ (0...0); (0...5), (0...6), (0...4), (0...19), (0...7)",d,,d:O↔∅,"d ↔ ∅; caldo, ˈkaldo, kalo, k↔k,a↔a,l↔l,d↔∅,o↔o, di, 2/2",S401.S401_EFE-A_Pre_05_20_2024.csv,Queries_Target_v2,Consonants,Pre,Spanish,S401,S401,EFE-A,Pre,d ↔ ∅,"caldo, ˈkaldo, kalo, k↔k,a↔a,l↔l,d↔∅,o↔o, di, 2/2","di, 2/2",caldo,ˈkaldo,kalo,"k↔k,a↔a,l↔l,d↔∅,o↔o",0.0
2020-10-21,18,1,"IPA Target ↔ IPA Actual; Orthography (Group), IPA Target (Group), IPA Actual (Group), Alignment (Group), Notes (Group)","(0...1) ↔ (0...1); (0...8), (0...8), (0...7), (0...27), (0...23)",k,k,k:O↔k:O,"k ↔ k; castillo, kasˈtiʝo, kastiʝo, k↔k,a↔a,s↔s,t↔t,i↔i,ʝ↔ʝ,o↔o, LC di, KP: shakey voice",S401.S401_EFE-A_Pre_05_20_2024.csv,Queries_Target_v2,Consonants,Pre,Spanish,S401,S401,EFE-A,Pre,k ↔ k,"castillo, kasˈtiʝo, kastiʝo, k↔k,a↔a,s↔s,t↔t,i↔i,ʝ↔ʝ,o↔o, LC di, KP: shakey voice","LC di, KP: shakey voice",castillo,kasˈtiʝo,kastiʝo,"k↔k,a↔a,s↔s,t↔t,i↔i,ʝ↔ʝ,o↔o",1.0
2020-10-21,18,1,"IPA Target ↔ IPA Actual; Orthography (Group), IPA Target (Group), IPA Actual (Group), Alignment (Group), Notes (Group)","(2...3) ↔ (2...3); (0...8), (0...8), (0...7), (0...27), (0...23)",s,s,s:C↔s:C,"s ↔ s; castillo, kasˈtiʝo, kastiʝo, k↔k,a↔a,s↔s,t↔t,i↔i,ʝ↔ʝ,o↔o, LC di, KP: shakey voice",S401.S401_EFE-A_Pre_05_20_2024.csv,Queries_Target_v2,Consonants,Pre,Spanish,S401,S401,EFE-A,Pre,s ↔ s,"castillo, kasˈtiʝo, kastiʝo, k↔k,a↔a,s↔s,t↔t,i↔i,ʝ↔ʝ,o↔o, LC di, KP: shakey voice","LC di, KP: shakey voice",castillo,kasˈtiʝo,kastiʝo,"k↔k,a↔a,s↔s,t↔t,i↔i,ʝ↔ʝ,o↔o",1.0
2020-10-21,18,1,"IPA Target ↔ IPA Actual; Orthography (Group), IPA Target (Group), IPA Actual (Group), Alignment (Group), Notes (Group)","(4...5) ↔ (3...4); (0...8), (0...8), (0...7), (0...27), (0...23)",t,t,t:O↔t:O,"t ↔ t; castillo, kasˈtiʝo, kastiʝo, k↔k,a↔a,s↔s,t↔t,i↔i,ʝ↔ʝ,o↔o, LC di, KP: shakey voice",S401.S401_EFE-A_Pre_05_20_2024.csv,Queries_Target_v2,Consonants,Pre,Spanish,S401,S401,EFE-A,Pre,t ↔ t,"castillo, kasˈtiʝo, kastiʝo, k↔k,a↔a,s↔s,t↔t,i↔i,ʝ↔ʝ,o↔o, LC di, KP: shakey voice","LC di, KP: shakey voice",castillo,kasˈtiʝo,kastiʝo,"k↔k,a↔a,s↔s,t↔t,i↔i,ʝ↔ʝ,o↔o",1.0
2020-10-21,18,1,"IPA Target ↔ IPA Actual; Orthography (Group), IPA Target (Group), IPA Actual (Group), Alignment (Group), Notes (Group)","(6...7) ↔ (5...6); (0...8), (0...8), (0...7), (0...27), (0...23)",ʝ,ʝ,ʝ:O↔ʝ:O,"ʝ ↔ ʝ; castillo, kasˈtiʝo, kastiʝo, k↔k,a↔a,s↔s,t↔t,i↔i,ʝ↔ʝ,o↔o, LC di, KP: shakey voice",S401.S401_EFE-A_Pre_05_20_2024.csv,Queries_Target_v2,Consonants,Pre,Spanish,S401,S401,EFE-A,Pre,ʝ ↔ ʝ,"castillo, kasˈtiʝo, kastiʝo, k↔k,a↔a,s↔s,t↔t,i↔i,ʝ↔ʝ,o↔o, LC di, KP: shakey voice","LC di, KP: shakey voice",castillo,kasˈtiʝo,kastiʝo,"k↔k,a↔a,s↔s,t↔t,i↔i,ʝ↔ʝ,o↔o",1.0
2020-10-21,19,1,"IPA Target ↔ IPA Actual; Orthography (Group), IPA Target (Group), IPA Actual (Group), Alignment (Group), Notes (Group)","(0...1) ↔ (0...1); (0...4), (0...4), (0...3), (0...15), (0...5)",ɡ,ɡ,ɡ:O↔g:O,"ɡ ↔ g; gris, ɡɾis, giʪ, ɡ↔g,ɾ↔∅,i↔i,s↔ʪ, LC di",S401.S401_EFE-A_Pre_05_20_2024.csv,Queries_Target_v2,Consonants,Pre,Spanish,S401,S401,EFE-A,Pre,ɡ ↔ g,"gris, ɡɾis, giʪ, ɡ↔g,ɾ↔∅,i↔i,s↔ʪ, LC di",LC di,gris,ɡɾis,giʪ,"ɡ↔g,ɾ↔∅,i↔i,s↔ʪ",1.0
2020-10-21,19,1,"IPA Target ↔ IPA Actual; Orthography (Group), IPA Target (Group), IPA Actual (Group), Alignment (Group), Notes (Group)","(1...2) ↔ (0...0); (0...4), (0...4), (0...3), (0...15), (0...5)",ɾ,,ɾ:O↔∅,"ɾ ↔ ∅; gris, ɡɾis, giʪ, ɡ↔g,ɾ↔∅,i↔i,s↔ʪ, LC di",S401.S401_EFE-A_Pre_05_20_2024.csv,Queries_Target_v2,Consonants,Pre,Spanish,S401,S401,EFE-A,Pre,ɾ ↔ ∅,"gris, ɡɾis, giʪ, ɡ↔g,ɾ↔∅,i↔i,s↔ʪ, LC di",LC di,gris,ɡɾis,giʪ,"ɡ↔g,ɾ↔∅,i↔i,s↔ʪ",0.0
2020-10-21,19,1,"IPA Target ↔ IPA Actual; Orthography (Group), IPA Target (Group), IPA Actual (Group), Alignment (Group), Notes (Group)","(3...4) ↔ (2...3); (0...4), (0...4), (0...3), (0...15), (0...5)",s,ʪ,s:C↔ʪ:C,"s ↔ ʪ; gris, ɡɾis, giʪ, ɡ↔g,ɾ↔∅,i↔i,s↔ʪ, LC di",S401.S401_EFE-A_Pre_05_20_2024.csv,Queries_Target_v2,Consonants,Pre,Spanish,S401,S401,EFE-A,Pre,s ↔ ʪ,"gris, ɡɾis, giʪ, ɡ↔g,ɾ↔∅,i↔i,s↔ʪ, LC di",LC di,gris,ɡɾis,giʪ,"ɡ↔g,ɾ↔∅,i↔i,s↔ʪ",0.7058823529411765
2020-10-21,20,1,"IPA Target ↔ IPA Actual; Orthography (Group), IPA Target (Group), IPA Actual (Group), Alignment (Group), Notes (Group)","(1...2) ↔ (0...1); (0...5), (0...6), (0...4), (0...19), (0...10)",d,d,d:O↔d:O,"d ↔ d; doble, ˈdoble, dole, d↔d,o↔o,b↔∅,l↔l,e↔e, LC 2/2 di ",S401.S401_EFE-A_Pre_05_20_2024.csv,Queries_Target_v2,Consonants,Pre,Spanish,S401,S401,EFE-A,Pre,d ↔ d,"doble, ˈdoble, dole, d↔d,o↔o,b↔∅,l↔l,e↔e, LC 2/2 di",LC 2/2 di ,doble,ˈdoble,dole,"d↔d,o↔o,b↔∅,l↔l,e↔e",1.0
2020-10-21,20,1,"IPA Target ↔ IPA Actual; Orthography (Group), IPA Target (Group), IPA Actual (Group), Alignment (Group), Notes (Group)","(3...4) ↔ (0...0); (0...5), (0...6), (0...4), (0...19), (0...10)",b,,b:O↔∅,"b ↔ ∅; doble, ˈdoble, dole, d↔d,o↔o,b↔∅,l↔l,e↔e, LC 2/2 di ",S401.S401_EFE-A_Pre_05_20_2024.csv,Queries_Target_v2,Consonants,Pre,Spanish,S401,S401,EFE-A,Pre,b ↔ ∅,"doble, ˈdoble, dole, d↔d,o↔o,b↔∅,l↔l,e↔e, LC 2/2 di",LC 2/2 di ,doble,ˈdoble,dole,"d↔d,o↔o,b↔∅,l↔l,e↔e",0.0
2020-10-21,20,1,"IPA Target ↔ IPA Actual; Orthography (Group), IPA Target (Group), IPA Actual (Group), Alignment (Group), Notes (Group)","(4...5) ↔ (2...3); (0...5), (0...6), (0...4), (0...19), (0...10)",l,l,l:O↔l:O,"l ↔ l; doble, ˈdoble, dole, d↔d,o↔o,b↔∅,l↔l,e↔e, LC 2/2 di ",S401.S401_EFE-A_Pre_05_20_2024.csv,Queries_Target_v2,Consonants,Pre,Spanish,S401,S401,EFE-A,Pre,l ↔ l,"doble, ˈdoble, dole, d↔d,o↔o,b↔∅,l↔l,e↔e, LC 2/2 di",LC 2/2 di ,doble,ˈdoble,dole,"d↔d,o↔o,b↔∅,l↔l,e↔e",1.0
2020-10-21,21,1,"IPA Target ↔ IPA Actual; Orthography (Group), IPA Target (Group), IPA Actual (Group), Alignment (Group), Notes (Group)","(1...2) ↔ (0...1); (0...6), (0...7), (0...6), (0...23), (0...96)",f,f,f:O↔f:O,"f ↔ f; fiesta, ˈfjesta, fjesta, f↔f,j↔j,e↔e,s↔s,t↔t,a↔a, Lc di KR -diphthong and extra short dental /s/ at end  -->/fijsdas̪ˑ/. CL: neutralization of /a/",S401.S401_EFE-A_Pre_05_20_2024.csv,Queries_Target_v2,Consonants,Pre,Spanish,S401,S401,EFE-A,Pre,f ↔ f,"fiesta, ˈfjesta, fjesta, f↔f,j↔j,e↔e,s↔s,t↔t,a↔a, Lc di KR -diphthong and extra short dental /s/ at end  -->/fijsdas̪ˑ/. CL: neutralization of /a/",Lc di KR -diphthong and extra short dental /s/ at end  -->/fijsdas̪ˑ/. CL: neutralization of /a/,fiesta,ˈfjesta,fjesta,"f↔f,j↔j,e↔e,s↔s,t↔t,a↔a",1.0
2020-10-21,21,1,"IPA Target ↔ IPA Actual; Orthography (Group), IPA Target (Group), IPA Actual (Group), Alignment (Group), Notes (Group)","(2...3) ↔ (1...2); (0...6), (0...7), (0...6), (0...23), (0...96)",j,j,j:O↔j:O,"j ↔ j; fiesta, ˈfjesta, fjesta, f↔f,j↔j,e↔e,s↔s,t↔t,a↔a, Lc di KR -diphthong and extra short dental /s/ at end  -->/fijsdas̪ˑ/. CL: neutralization of /a/",S401.S401_EFE-A_Pre_05_20_2024.csv,Queries_Target_v2,Consonants,Pre,Spanish,S401,S401,EFE-A,Pre,j ↔ j,"fiesta, ˈfjesta, fjesta, f↔f,j↔j,e↔e,s↔s,t↔t,a↔a, Lc di KR -diphthong and extra short dental /s/ at end  -->/fijsdas̪ˑ/. CL: neutralization of /a/",Lc di KR -diphthong and extra short dental /s/ at end  -->/fijsdas̪ˑ/. CL: neutralization of /a/,fiesta,ˈfjesta,fjesta,"f↔f,j↔j,e↔e,s↔s,t↔t,a↔a",1.0
2020-10-21,21,1,"IPA Target ↔ IPA Actual; Orthography (Group), IPA Target (Group), IPA Actual (Group), Alignment (Group), Notes (Group)","(4...5) ↔ (3...4); (0...6), (0...7), (0...6), (0...23), (0...96)",s,s,s:C↔s:C,"s ↔ s; fiesta, ˈfjesta, fjesta, f↔f,j↔j,e↔e,s↔s,t↔t,a↔a, Lc di KR -diphthong and extra short dental /s/ at end  -->/fijsdas̪ˑ/. CL: neutralization of /a/",S401.S401_EFE-A_Pre_05_20_2024.csv,Queries_Target_v2,Consonants,Pre,Spanish,S401,S401,EFE-A,Pre,s ↔ s,"fiesta, ˈfjesta, fjesta, f↔f,j↔j,e↔e,s↔s,t↔t,a↔a, Lc di KR -diphthong and extra short dental /s/ at end  -->/fijsdas̪ˑ/. CL: neutralization of /a/",Lc di KR -diphthong and extra short dental /s/ at end  -->/fijsdas̪ˑ/. CL: neutralization of /a/,fiesta,ˈfjesta,fjesta,"f↔f,j↔j,e↔e,s↔s,t↔t,a↔a",1.0
2020-10-21,21,1,"IPA Target ↔ IPA Actual; Orthography (Group), IPA Target (Group), IPA Actual (Group), Alignment (Group), Notes (Group)","(5...6) ↔ (4...5); (0...6), (0...7), (0...6), (0...23), (0...96)",t,t,t:O↔t:O,"t ↔ t; fiesta, ˈfjesta, fjesta, f↔f,j↔j,e↔e,s↔s,t↔t,a↔a, Lc di KR -diphthong and extra short dental /s/ at end  -->/fijsdas̪ˑ/. CL: neutralization of /a/",S401.S401_EFE-A_Pre_05_20_2024.csv,Queries_Target_v2,Consonants,Pre,Spanish,S401,S401,EFE-A,Pre,t ↔ t,"fiesta, ˈfjesta, fjesta, f↔f,j↔j,e↔e,s↔s,t↔t,a↔a, Lc di KR -diphthong and extra short dental /s/ at end  -->/fijsdas̪ˑ/. CL: neutralization of /a/",Lc di KR -diphthong and extra short dental /s/ at end  -->/fijsdas̪ˑ/. CL: neutralization of /a/,fiesta,ˈfjesta,fjesta,"f↔f,j↔j,e↔e,s↔s,t↔t,a↔a",1.0
2020-10-21,22,1,"IPA Target ↔ IPA Actual; Orthography (Group), IPA Target (Group), IPA Actual (Group), Alignment (Group), Notes (Group)","(2...3) ↔ (1...2); (0...4), (0...5), (0...3), (0...15), (0...5)",j,j,j:N↔j:O,"j ↔ j; aire, ˈajɾe, aje, a↔a,j↔j,ɾ↔∅,e↔e, LC di",S401.S401_EFE-A_Pre_05_20_2024.csv,Queries_Target_v2,Consonants,Pre,Spanish,S401,S401,EFE-A,Pre,j ↔ j,"aire, ˈajɾe, aje, a↔a,j↔j,ɾ↔∅,e↔e, LC di",LC di,aire,ˈajɾe,aje,"a↔a,j↔j,ɾ↔∅,e↔e",1.0
2020-10-21,22,1,"IPA Target ↔ IPA Actual; Orthography (Group), IPA Target (Group), IPA Actual (Group), Alignment (Group), Notes (Group)","(3...4) ↔ (0...0); (0...4), (0...5), (0...3), (0...15), (0...5)",ɾ,,ɾ:O↔∅,"ɾ ↔ ∅; aire, ˈajɾe, aje, a↔a,j↔j,ɾ↔∅,e↔e, LC di",S401.S401_EFE-A_Pre_05_20_2024.csv,Queries_Target_v2,Consonants,Pre,Spanish,S401,S401,EFE-A,Pre,ɾ ↔ ∅,"aire, ˈajɾe, aje, a↔a,j↔j,ɾ↔∅,e↔e, LC di",LC di,aire,ˈajɾe,aje,"a↔a,j↔j,ɾ↔∅,e↔e",0.0
2020-10-21,23,1,"IPA Target ↔ IPA Actual; Orthography (Group), IPA Target (Group), IPA Actual (Group), Alignment (Group), Notes (Group)","(1...2) ↔ (0...1); (0...7), (0...8), (0...7), (0...27), (0...37)",b,b,b:O↔b:O,"b ↔ b; béisbol, ˈbejsbol, bejsbol, b↔b,e↔e,j↔j,s↔s,b↔b,o↔o,l↔l, LC di KR check diphthong --> /bejsbo/",S401.S401_EFE-A_Pre_05_20_2024.csv,Queries_Target_v2,Consonants,Pre,Spanish,S401,S401,EFE-A,Pre,b ↔ b,"béisbol, ˈbejsbol, bejsbol, b↔b,e↔e,j↔j,s↔s,b↔b,o↔o,l↔l, LC di KR check diphthong --> /bejsbo/",LC di KR check diphthong --> /bejsbo/,béisbol,ˈbejsbol,bejsbol,"b↔b,e↔e,j↔j,s↔s,b↔b,o↔o,l↔l",1.0
2020-10-21,23,1,"IPA Target ↔ IPA Actual; Orthography (Group), IPA Target (Group), IPA Actual (Group), Alignment (Group), Notes (Group)","(3...4) ↔ (2...3); (0...7), (0...8), (0...7), (0...27), (0...37)",j,j,j:N↔j:N,"j ↔ j; béisbol, ˈbejsbol, bejsbol, b↔b,e↔e,j↔j,s↔s,b↔b,o↔o,l↔l, LC di KR check diphthong --> /bejsbo/",S401.S401_EFE-A_Pre_05_20_2024.csv,Queries_Target_v2,Consonants,Pre,Spanish,S401,S401,EFE-A,Pre,j ↔ j,"béisbol, ˈbejsbol, bejsbol, b↔b,e↔e,j↔j,s↔s,b↔b,o↔o,l↔l, LC di KR check diphthong --> /bejsbo/",LC di KR check diphthong --> /bejsbo/,béisbol,ˈbejsbol,bejsbol,"b↔b,e↔e,j↔j,s↔s,b↔b,o↔o,l↔l",1.0
2020-10-21,23,1,"IPA Target ↔ IPA Actual; Orthography (Group), IPA Target (Group), IPA Actual (Group), Alignment (Group), Notes (Group)","(4...5) ↔ (3...4); (0...7), (0...8), (0...7), (0...27), (0...37)",s,s,s:C↔s:C,"s ↔ s; béisbol, ˈbejsbol, bejsbol, b↔b,e↔e,j↔j,s↔s,b↔b,o↔o,l↔l, LC di KR check diphthong --> /bejsbo/",S401.S401_EFE-A_Pre_05_20_2024.csv,Queries_Target_v2,Consonants,Pre,Spanish,S401,S401,EFE-A,Pre,s ↔ s,"béisbol, ˈbejsbol, bejsbol, b↔b,e↔e,j↔j,s↔s,b↔b,o↔o,l↔l, LC di KR check diphthong --> /bejsbo/",LC di KR check diphthong --> /bejsbo/,béisbol,ˈbejsbol,bejsbol,"b↔b,e↔e,j↔j,s↔s,b↔b,o↔o,l↔l",1.0
2020-10-21,23,1,"IPA Target ↔ IPA Actual; Orthography (Group), IPA Target (Group), IPA Actual (Group), Alignment (Group), Notes (Group)","(5...6) ↔ (4...5); (0...7), (0...8), (0...7), (0...27), (0...37)",b,b,b:O↔b:O,"b ↔ b; béisbol, ˈbejsbol, bejsbol, b↔b,e↔e,j↔j,s↔s,b↔b,o↔o,l↔l, LC di KR check diphthong --> /bejsbo/",S401.S401_EFE-A_Pre_05_20_2024.csv,Queries_Target_v2,Consonants,Pre,Spanish,S401,S401,EFE-A,Pre,b ↔ b,"béisbol, ˈbejsbol, bejsbol, b↔b,e↔e,j↔j,s↔s,b↔b,o↔o,l↔l, LC di KR check diphthong --> /bejsbo/",LC di KR check diphthong --> /bejsbo/,béisbol,ˈbejsbol,bejsbol,"b↔b,e↔e,j↔j,s↔s,b↔b,o↔o,l↔l",1.0
2020-10-21,23,1,"IPA Target ↔ IPA Actual; Orthography (Group), IPA Target (Group), IPA Actual (Group), Alignment (Group), Notes (Group)","(7...8) ↔ (6...7); (0...7), (0...8), (0...7), (0...27), (0...37)",l,l,l:C↔l:C,"l ↔ l; béisbol, ˈbejsbol, bejsbol, b↔b,e↔e,j↔j,s↔s,b↔b,o↔o,l↔l, LC di KR check diphthong --> /bejsbo/",S401.S401_EFE-A_Pre_05_20_2024.csv,Queries_Target_v2,Consonants,Pre,Spanish,S401,S401,EFE-A,Pre,l ↔ l,"béisbol, ˈbejsbol, bejsbol, b↔b,e↔e,j↔j,s↔s,b↔b,o↔o,l↔l, LC di KR check diphthong --> /bejsbo/",LC di KR check diphthong --> /bejsbo/,béisbol,ˈbejsbol,bejsbol,"b↔b,e↔e,j↔j,s↔s,b↔b,o↔o,l↔l",1.0
2020-10-21,24,1,"IPA Target ↔ IPA Actual; Orthography (Group), IPA Target (Group), IPA Actual (Group), Alignment (Group), Notes (Group)","(1...2) ↔ (0...1); (0...5), (0...6), (0...6), (0...23), (0...35)",d,d,d:O↔d:O,"d ↔ d; dueño, ˈdweɲo, duweɲo, d↔d,∅↔u,w↔w,e↔e,ɲ↔ɲ,o↔o, LC di KR check that nasal again /ɲ/",S401.S401_EFE-A_Pre_05_20_2024.csv,Queries_Target_v2,Consonants,Pre,Spanish,S401,S401,EFE-A,Pre,d ↔ d,"dueño, ˈdweɲo, duweɲo, d↔d,∅↔u,w↔w,e↔e,ɲ↔ɲ,o↔o, LC di KR check that nasal again /ɲ/",LC di KR check that nasal again /ɲ/,dueño,ˈdweɲo,duweɲo,"d↔d,∅↔u,w↔w,e↔e,ɲ↔ɲ,o↔o",1.0
2020-10-21,24,1,"IPA Target ↔ IPA Actual; Orthography (Group), IPA Target (Group), IPA Actual (Group), Alignment (Group), Notes (Group)","(2...3) ↔ (2...3); (0...5), (0...6), (0...6), (0...23), (0...35)",w,w,w:O↔w:O,"w ↔ w; dueño, ˈdweɲo, duweɲo, d↔d,∅↔u,w↔w,e↔e,ɲ↔ɲ,o↔o, LC di KR check that nasal again /ɲ/",S401.S401_EFE-A_Pre_05_20_2024.csv,Queries_Target_v2,Consonants,Pre,Spanish,S401,S401,EFE-A,Pre,w ↔ w,"dueño, ˈdweɲo, duweɲo, d↔d,∅↔u,w↔w,e↔e,ɲ↔ɲ,o↔o, LC di KR check that nasal again /ɲ/",LC di KR check that nasal again /ɲ/,dueño,ˈdweɲo,duweɲo,"d↔d,∅↔u,w↔w,e↔e,ɲ↔ɲ,o↔o",1.0
2020-10-21,24,1,"IPA Target ↔ IPA Actual; Orthography (Group), IPA Target (Group), IPA Actual (Group), Alignment (Group), Notes (Group)","(4...5) ↔ (4...5); (0...5), (0...6), (0...6), (0...23), (0...35)",ɲ,ɲ,ɲ:O↔ɲ:O,"ɲ ↔ ɲ; dueño, ˈdweɲo, duweɲo, d↔d,∅↔u,w↔w,e↔e,ɲ↔ɲ,o↔o, LC di KR check that nasal again /ɲ/",S401.S401_EFE-A_Pre_05_20_2024.csv,Queries_Target_v2,Consonants,Pre,Spanish,S401,S401,EFE-A,Pre,ɲ ↔ ɲ,"dueño, ˈdweɲo, duweɲo, d↔d,∅↔u,w↔w,e↔e,ɲ↔ɲ,o↔o, LC di KR check that nasal again /ɲ/",LC di KR check that nasal again /ɲ/,dueño,ˈdweɲo,duweɲo,"d↔d,∅↔u,w↔w,e↔e,ɲ↔ɲ,o↔o",1.0
2020-10-21,25,1,"IPA Target ↔ IPA Actual; Orthography (Group), IPA Target (Group), IPA Actual (Group), Alignment (Group), Notes (Group)","(1...2) ↔ (0...1); (0...4), (0...5), (0...4), (0...15), (0...17)",x,x,x:O↔x:O,"x ↔ x; jugo, ˈxuɡo, xugo, x↔x,u↔u,ɡ↔g,o↔o, LC di KR-->/wugo/",S401.S401_EFE-A_Pre_05_20_2024.csv,Queries_Target_v2,Consonants,Pre,Spanish,S401,S401,EFE-A,Pre,x ↔ x,"jugo, ˈxuɡo, xugo, x↔x,u↔u,ɡ↔g,o↔o, LC di KR-->/wugo/",LC di KR-->/wugo/,jugo,ˈxuɡo,xugo,"x↔x,u↔u,ɡ↔g,o↔o",1.0
2020-10-21,25,1,"IPA Target ↔ IPA Actual; Orthography (Group), IPA Target (Group), IPA Actual (Group), Alignment (Group), Notes (Group)","(3...4) ↔ (2...3); (0...4), (0...5), (0...4), (0...15), (0...17)",ɡ,ɡ,ɡ:O↔g:O,"ɡ ↔ g; jugo, ˈxuɡo, xugo, x↔x,u↔u,ɡ↔g,o↔o, LC di KR-->/wugo/",S401.S401_EFE-A_Pre_05_20_2024.csv,Queries_Target_v2,Consonants,Pre,Spanish,S401,S401,EFE-A,Pre,ɡ ↔ g,"jugo, ˈxuɡo, xugo, x↔x,u↔u,ɡ↔g,o↔o, LC di KR-->/wugo/",LC di KR-->/wugo/,jugo,ˈxuɡo,xugo,"x↔x,u↔u,ɡ↔g,o↔o",1.0
2020-10-21,26,1,"IPA Target ↔ IPA Actual; Orthography (Group), IPA Target (Group), IPA Actual (Group), Alignment (Group), Notes (Group)","(1...2) ↔ (0...1); (0...7), (0...8), (0...7), (0...27), (0...24)",l,l,l:O↔l:O,"l ↔ l; lágrima, ˈlaɡɾima, lagɾima, l↔l,a↔a,ɡ↔g,ɾ↔ɾ,i↔i,m↔m,a↔a, LC 2/2  di CL: English r",S401.S401_EFE-A_Pre_05_20_2024.csv,Queries_Target_v2,Consonants,Pre,Spanish,S401,S401,EFE-A,Pre,l ↔ l,"lágrima, ˈlaɡɾima, lagɾima, l↔l,a↔a,ɡ↔g,ɾ↔ɾ,i↔i,m↔m,a↔a, LC 2/2  di CL: English r",LC 2/2  di CL: English r,lágrima,ˈlaɡɾima,lagɾima,"l↔l,a↔a,ɡ↔g,ɾ↔ɾ,i↔i,m↔m,a↔a",1.0
2020-10-21,26,1,"IPA Target ↔ IPA Actual; Orthography (Group), IPA Target (Group), IPA Actual (Group), Alignment (Group), Notes (Group)","(3...4) ↔ (2...3); (0...7), (0...8), (0...7), (0...27), (0...24)",ɡ,ɡ,ɡ:O↔g:O,"ɡ ↔ g; lágrima, ˈlaɡɾima, lagɾima, l↔l,a↔a,ɡ↔g,ɾ↔ɾ,i↔i,m↔m,a↔a, LC 2/2  di CL: English r",S401.S401_EFE-A_Pre_05_20_2024.csv,Queries_Target_v2,Consonants,Pre,Spanish,S401,S401,EFE-A,Pre,ɡ ↔ g,"lágrima, ˈlaɡɾima, lagɾima, l↔l,a↔a,ɡ↔g,ɾ↔ɾ,i↔i,m↔m,a↔a, LC 2/2  di CL: English r",LC 2/2  di CL: English r,lágrima,ˈlaɡɾima,lagɾima,"l↔l,a↔a,ɡ↔g,ɾ↔ɾ,i↔i,m↔m,a↔a",1.0
2020-10-21,26,1,"IPA Target ↔ IPA Actual; Orthography (Group), IPA Target (Group), IPA Actual (Group), Alignment (Group), Notes (Group)","(4...5) ↔ (3...4); (0...7), (0...8), (0...7), (0...27), (0...24)",ɾ,ɾ,ɾ:O↔ɾ:O,"ɾ ↔ ɾ; lágrima, ˈlaɡɾima, lagɾima, l↔l,a↔a,ɡ↔g,ɾ↔ɾ,i↔i,m↔m,a↔a, LC 2/2  di CL: English r",S401.S401_EFE-A_Pre_05_20_2024.csv,Queries_Target_v2,Consonants,Pre,Spanish,S401,S401,EFE-A,Pre,ɾ ↔ ɾ,"lágrima, ˈlaɡɾima, lagɾima, l↔l,a↔a,ɡ↔g,ɾ↔ɾ,i↔i,m↔m,a↔a, LC 2/2  di CL: English r",LC 2/2  di CL: English r,lágrima,ˈlaɡɾima,lagɾima,"l↔l,a↔a,ɡ↔g,ɾ↔ɾ,i↔i,m↔m,a↔a",1.0
2020-10-21,26,1,"IPA Target ↔ IPA Actual; Orthography (Group), IPA Target (Group), IPA Actual (Group), Alignment (Group), Notes (Group)","(6...7) ↔ (5...6); (0...7), (0...8), (0...7), (0...27), (0...24)",m,m,m:O↔m:O,"m ↔ m; lágrima, ˈlaɡɾima, lagɾima, l↔l,a↔a,ɡ↔g,ɾ↔ɾ,i↔i,m↔m,a↔a, LC 2/2  di CL: English r",S401.S401_EFE-A_Pre_05_20_2024.csv,Queries_Target_v2,Consonants,Pre,Spanish,S401,S401,EFE-A,Pre,m ↔ m,"lágrima, ˈlaɡɾima, lagɾima, l↔l,a↔a,ɡ↔g,ɾ↔ɾ,i↔i,m↔m,a↔a, LC 2/2  di CL: English r",LC 2/2  di CL: English r,lágrima,ˈlaɡɾima,lagɾima,"l↔l,a↔a,ɡ↔g,ɾ↔ɾ,i↔i,m↔m,a↔a",1.0
2020-10-21,27,1,"IPA Target ↔ IPA Actual; Orthography (Group), IPA Target (Group), IPA Actual (Group), Alignment (Group), Notes (Group)","(0...1) ↔ (0...1); (0...7), (0...8), (0...9), (0...35), (0...43)",d,d,d:O↔d:O,"d ↔ d; dormido, doɾˈmido, doɾmiendo, d↔d,o↔o,ɾ↔ɾ,m↔m,i↔i,∅↔e,∅↔n,d↔d,o↔o, LC 1/2 di KR diphthong, not /ʝ/-->doːmjendo",S401.S401_EFE-A_Pre_05_20_2024.csv,Queries_Target_v2,Consonants,Pre,Spanish,S401,S401,EFE-A,Pre,d ↔ d,"dormido, doɾˈmido, doɾmiendo, d↔d,o↔o,ɾ↔ɾ,m↔m,i↔i,∅↔e,∅↔n,d↔d,o↔o, LC 1/2 di KR diphthong, not /ʝ/-->doːmjendo","LC 1/2 di KR diphthong, not /ʝ/-->doːmjendo",dormido,doɾˈmido,doɾmiendo,"d↔d,o↔o,ɾ↔ɾ,m↔m,i↔i,∅↔e,∅↔n,d↔d,o↔o",1.0
2020-10-21,27,1,"IPA Target ↔ IPA Actual; Orthography (Group), IPA Target (Group), IPA Actual (Group), Alignment (Group), Notes (Group)","(2...3) ↔ (2...3); (0...7), (0...8), (0...9), (0...35), (0...43)",ɾ,ɾ,ɾ:C↔ɾ:C,"ɾ ↔ ɾ; dormido, doɾˈmido, doɾmiendo, d↔d,o↔o,ɾ↔ɾ,m↔m,i↔i,∅↔e,∅↔n,d↔d,o↔o, LC 1/2 di KR diphthong, not /ʝ/-->doːmjendo",S401.S401_EFE-A_Pre_05_20_2024.csv,Queries_Target_v2,Consonants,Pre,Spanish,S401,S401,EFE-A,Pre,ɾ ↔ ɾ,"dormido, doɾˈmido, doɾmiendo, d↔d,o↔o,ɾ↔ɾ,m↔m,i↔i,∅↔e,∅↔n,d↔d,o↔o, LC 1/2 di KR diphthong, not /ʝ/-->doːmjendo","LC 1/2 di KR diphthong, not /ʝ/-->doːmjendo",dormido,doɾˈmido,doɾmiendo,"d↔d,o↔o,ɾ↔ɾ,m↔m,i↔i,∅↔e,∅↔n,d↔d,o↔o",1.0
2020-10-21,27,1,"IPA Target ↔ IPA Actual; Orthography (Group), IPA Target (Group), IPA Actual (Group), Alignment (Group), Notes (Group)","(4...5) ↔ (3...4); (0...7), (0...8), (0...9), (0...35), (0...43)",m,m,m:O↔m:O,"m ↔ m; dormido, doɾˈmido, doɾmiendo, d↔d,o↔o,ɾ↔ɾ,m↔m,i↔i,∅↔e,∅↔n,d↔d,o↔o, LC 1/2 di KR diphthong, not /ʝ/-->doːmjendo",S401.S401_EFE-A_Pre_05_20_2024.csv,Queries_Target_v2,Consonants,Pre,Spanish,S401,S401,EFE-A,Pre,m ↔ m,"dormido, doɾˈmido, doɾmiendo, d↔d,o↔o,ɾ↔ɾ,m↔m,i↔i,∅↔e,∅↔n,d↔d,o↔o, LC 1/2 di KR diphthong, not /ʝ/-->doːmjendo","LC 1/2 di KR diphthong, not /ʝ/-->doːmjendo",dormido,doɾˈmido,doɾmiendo,"d↔d,o↔o,ɾ↔ɾ,m↔m,i↔i,∅↔e,∅↔n,d↔d,o↔o",1.0
2020-10-21,27,1,"IPA Target ↔ IPA Actual; Orthography (Group), IPA Target (Group), IPA Actual (Group), Alignment (Group), Notes (Group)","(6...7) ↔ (7...8); (0...7), (0...8), (0...9), (0...35), (0...43)",d,d,d:O↔d:O,"d ↔ d; dormido, doɾˈmido, doɾmiendo, d↔d,o↔o,ɾ↔ɾ,m↔m,i↔i,∅↔e,∅↔n,d↔d,o↔o, LC 1/2 di KR diphthong, not /ʝ/-->doːmjendo",S401.S401_EFE-A_Pre_05_20_2024.csv,Queries_Target_v2,Consonants,Pre,Spanish,S401,S401,EFE-A,Pre,d ↔ d,"dormido, doɾˈmido, doɾmiendo, d↔d,o↔o,ɾ↔ɾ,m↔m,i↔i,∅↔e,∅↔n,d↔d,o↔o, LC 1/2 di KR diphthong, not /ʝ/-->doːmjendo","LC 1/2 di KR diphthong, not /ʝ/-->doːmjendo",dormido,doɾˈmido,doɾmiendo,"d↔d,o↔o,ɾ↔ɾ,m↔m,i↔i,∅↔e,∅↔n,d↔d,o↔o",1.0
2020-10-21,28,1,"IPA Target ↔ IPA Actual; Orthography (Group), IPA Target (Group), IPA Actual (Group), Alignment (Group), Notes (Group)","(1...2) ↔ (0...0); (0...6), (0...7), (0...6), (0...27), (0...18)",s,,s:O↔∅,"s ↔ ∅; suéter, ˈsweteɾ, welteɾ, s↔∅,w↔w,e↔e,∅↔l,t↔t,e↔e,ɾ↔ɾ, LC di KR-->/wentʌ/",S401.S401_EFE-A_Pre_05_20_2024.csv,Queries_Target_v2,Consonants,Pre,Spanish,S401,S401,EFE-A,Pre,s ↔ ∅,"suéter, ˈsweteɾ, welteɾ, s↔∅,w↔w,e↔e,∅↔l,t↔t,e↔e,ɾ↔ɾ, LC di KR-->/wentʌ/",LC di KR-->/wentʌ/,suéter,ˈsweteɾ,welteɾ,"s↔∅,w↔w,e↔e,∅↔l,t↔t,e↔e,ɾ↔ɾ",0.0
2020-10-21,28,1,"IPA Target ↔ IPA Actual; Orthography (Group), IPA Target (Group), IPA Actual (Group), Alignment (Group), Notes (Group)","(2...3) ↔ (0...1); (0...6), (0...7), (0...6), (0...27), (0...18)",w,w,w:O↔w:O,"w ↔ w; suéter, ˈsweteɾ, welteɾ, s↔∅,w↔w,e↔e,∅↔l,t↔t,e↔e,ɾ↔ɾ, LC di KR-->/wentʌ/",S401.S401_EFE-A_Pre_05_20_2024.csv,Queries_Target_v2,Consonants,Pre,Spanish,S401,S401,EFE-A,Pre,w ↔ w,"suéter, ˈsweteɾ, welteɾ, s↔∅,w↔w,e↔e,∅↔l,t↔t,e↔e,ɾ↔ɾ, LC di KR-->/wentʌ/",LC di KR-->/wentʌ/,suéter,ˈsweteɾ,welteɾ,"s↔∅,w↔w,e↔e,∅↔l,t↔t,e↔e,ɾ↔ɾ",1.0
2020-10-21,28,1,"IPA Target ↔ IPA Actual; Orthography (Group), IPA Target (Group), IPA Actual (Group), Alignment (Group), Notes (Group)","(4...5) ↔ (3...4); (0...6), (0...7), (0...6), (0...27), (0...18)",t,t,t:O↔t:O,"t ↔ t; suéter, ˈsweteɾ, welteɾ, s↔∅,w↔w,e↔e,∅↔l,t↔t,e↔e,ɾ↔ɾ, LC di KR-->/wentʌ/",S401.S401_EFE-A_Pre_05_20_2024.csv,Queries_Target_v2,Consonants,Pre,Spanish,S401,S401,EFE-A,Pre,t ↔ t,"suéter, ˈsweteɾ, welteɾ, s↔∅,w↔w,e↔e,∅↔l,t↔t,e↔e,ɾ↔ɾ, LC di KR-->/wentʌ/",LC di KR-->/wentʌ/,suéter,ˈsweteɾ,welteɾ,"s↔∅,w↔w,e↔e,∅↔l,t↔t,e↔e,ɾ↔ɾ",1.0
2020-10-21,28,1,"IPA Target ↔ IPA Actual; Orthography (Group), IPA Target (Group), IPA Actual (Group), Alignment (Group), Notes (Group)","(6...7) ↔ (5...6); (0...6), (0...7), (0...6), (0...27), (0...18)",ɾ,ɾ,ɾ:C↔ɾ:C,"ɾ ↔ ɾ; suéter, ˈsweteɾ, welteɾ, s↔∅,w↔w,e↔e,∅↔l,t↔t,e↔e,ɾ↔ɾ, LC di KR-->/wentʌ/",S401.S401_EFE-A_Pre_05_20_2024.csv,Queries_Target_v2,Consonants,Pre,Spanish,S401,S401,EFE-A,Pre,ɾ ↔ ɾ,"suéter, ˈsweteɾ, welteɾ, s↔∅,w↔w,e↔e,∅↔l,t↔t,e↔e,ɾ↔ɾ, LC di KR-->/wentʌ/",LC di KR-->/wentʌ/,suéter,ˈsweteɾ,welteɾ,"s↔∅,w↔w,e↔e,∅↔l,t↔t,e↔e,ɾ↔ɾ",1.0
2020-10-21,29,1,"IPA Target ↔ IPA Actual; Orthography (Group), IPA Target (Group), IPA Actual (Group), Alignment (Group), Notes (Group)","(0...1) ↔ (0...1); (0...6), (0...6), (0...7), (0...27), (0...6)",k,k,k:O↔k:O,"k ↔ k; correo, koˈreo, koɾdezo, k↔k,o↔o,r↔ɾ,∅↔d,e↔e,∅↔z,o↔o, LC  di",S401.S401_EFE-A_Pre_05_20_2024.csv,Queries_Target_v2,Consonants,Pre,Spanish,S401,S401,EFE-A,Pre,k ↔ k,"correo, koˈreo, koɾdezo, k↔k,o↔o,r↔ɾ,∅↔d,e↔e,∅↔z,o↔o, LC  di",LC  di,correo,koˈreo,koɾdezo,"k↔k,o↔o,r↔ɾ,∅↔d,e↔e,∅↔z,o↔o",1.0
2020-10-21,29,1,"IPA Target ↔ IPA Actual; Orthography (Group), IPA Target (Group), IPA Actual (Group), Alignment (Group), Notes (Group)","(3...4) ↔ (2...3); (0...6), (0...6), (0...7), (0...27), (0...6)",r,ɾ,r:O↔ɾ:C,"r ↔ ɾ; correo, koˈreo, koɾdezo, k↔k,o↔o,r↔ɾ,∅↔d,e↔e,∅↔z,o↔o, LC  di",S401.S401_EFE-A_Pre_05_20_2024.csv,Queries_Target_v2,Consonants,Pre,Spanish,S401,S401,EFE-A,Pre,r ↔ ɾ,"correo, koˈreo, koɾdezo, k↔k,o↔o,r↔ɾ,∅↔d,e↔e,∅↔z,o↔o, LC  di",LC  di,correo,koˈreo,koɾdezo,"k↔k,o↔o,r↔ɾ,∅↔d,e↔e,∅↔z,o↔o",0.7058823529411765
2020-10-21,30,1,"IPA Target ↔ IPA Actual; Orthography (Group), IPA Target (Group), IPA Actual (Group), Alignment (Group), Notes (Group)","(1...2) ↔ (0...1); (0...5), (0...6), (0...5), (0...19), (0...5)",p,p,p:O↔p:O,"p ↔ p; peine, ˈpejne, pejne, p↔p,e↔e,j↔j,n↔n,e↔e, LC di",S401.S401_EFE-A_Pre_05_20_2024.csv,Queries_Target_v2,Consonants,Pre,Spanish,S401,S401,EFE-A,Pre,p ↔ p,"peine, ˈpejne, pejne, p↔p,e↔e,j↔j,n↔n,e↔e, LC di",LC di,peine,ˈpejne,pejne,"p↔p,e↔e,j↔j,n↔n,e↔e",1.0
2020-10-21,30,1,"IPA Target ↔ IPA Actual; Orthography (Group), IPA Target (Group), IPA Actual (Group), Alignment (Group), Notes (Group)","(3...4) ↔ (2...3); (0...5), (0...6), (0...5), (0...19), (0...5)",j,j,j:N↔j:N,"j ↔ j; peine, ˈpejne, pejne, p↔p,e↔e,j↔j,n↔n,e↔e, LC di",S401.S401_EFE-A_Pre_05_20_2024.csv,Queries_Target_v2,Consonants,Pre,Spanish,S401,S401,EFE-A,Pre,j ↔ j,"peine, ˈpejne, pejne, p↔p,e↔e,j↔j,n↔n,e↔e, LC di",LC di,peine,ˈpejne,pejne,"p↔p,e↔e,j↔j,n↔n,e↔e",1.0
2020-10-21,30,1,"IPA Target ↔ IPA Actual; Orthography (Group), IPA Target (Group), IPA Actual (Group), Alignment (Group), Notes (Group)","(4...5) ↔ (3...4); (0...5), (0...6), (0...5), (0...19), (0...5)",n,n,n:O↔n:O,"n ↔ n; peine, ˈpejne, pejne, p↔p,e↔e,j↔j,n↔n,e↔e, LC di",S401.S401_EFE-A_Pre_05_20_2024.csv,Queries_Target_v2,Consonants,Pre,Spanish,S401,S401,EFE-A,Pre,n ↔ n,"peine, ˈpejne, pejne, p↔p,e↔e,j↔j,n↔n,e↔e, LC di",LC di,peine,ˈpejne,pejne,"p↔p,e↔e,j↔j,n↔n,e↔e",1.0
2020-10-21,31,1,"IPA Target ↔ IPA Actual; Orthography (Group), IPA Target (Group), IPA Actual (Group), Alignment (Group), Notes (Group)","(1...2) ↔ (0...0); (0...4), (0...5), (0...3), (0...15), (0...19)",f,,f:O↔∅,"f ↔ ∅; foto, ˈfoto, oto, f↔∅,o↔o,t↔t,o↔o, LC di (interuption)",S401.S401_EFE-A_Pre_05_20_2024.csv,Queries_Target_v2,Consonants,Pre,Spanish,S401,S401,EFE-A,Pre,f ↔ ∅,"foto, ˈfoto, oto, f↔∅,o↔o,t↔t,o↔o, LC di (interuption)",LC di (interuption),foto,ˈfoto,oto,"f↔∅,o↔o,t↔t,o↔o",0.0
2020-10-21,31,1,"IPA Target ↔ IPA Actual; Orthography (Group), IPA Target (Group), IPA Actual (Group), Alignment (Group), Notes (Group)","(3...4) ↔ (1...2); (0...4), (0...5), (0...3), (0...15), (0...19)",t,t,t:O↔t:O,"t ↔ t; foto, ˈfoto, oto, f↔∅,o↔o,t↔t,o↔o, LC di (interuption)",S401.S401_EFE-A_Pre_05_20_2024.csv,Queries_Target_v2,Consonants,Pre,Spanish,S401,S401,EFE-A,Pre,t ↔ t,"foto, ˈfoto, oto, f↔∅,o↔o,t↔t,o↔o, LC di (interuption)",LC di (interuption),foto,ˈfoto,oto,"f↔∅,o↔o,t↔t,o↔o",1.0
2020-10-21,32,1,"IPA Target ↔ IPA Actual; Orthography (Group), IPA Target (Group), IPA Actual (Group), Alignment (Group), Notes (Group)","(1...2) ↔ (0...1); (0...6), (0...7), (0...5), (0...23), (0...89)",p,p,p:O↔p:O,"p ↔ p; puerta, ˈpweɾta, peɾta, p↔p,w↔∅,e↔e,ɾ↔ɾ,t↔t,a↔a, LC di (noise) KR tap not trill --> /peɾta/ CL: English VOT on /p/ and dipthong, english r",S401.S401_EFE-A_Pre_05_20_2024.csv,Queries_Target_v2,Consonants,Pre,Spanish,S401,S401,EFE-A,Pre,p ↔ p,"puerta, ˈpweɾta, peɾta, p↔p,w↔∅,e↔e,ɾ↔ɾ,t↔t,a↔a, LC di (noise) KR tap not trill --> /peɾta/ CL: English VOT on /p/ and dipthong, english r","LC di (noise) KR tap not trill --> /peɾta/ CL: English VOT on /p/ and dipthong, english r",puerta,ˈpweɾta,peɾta,"p↔p,w↔∅,e↔e,ɾ↔ɾ,t↔t,a↔a",1.0
2020-10-21,32,1,"IPA Target ↔ IPA Actual; Orthography (Group), IPA Target (Group), IPA Actual (Group), Alignment (Group), Notes (Group)","(2...3) ↔ (0...0); (0...6), (0...7), (0...5), (0...23), (0...89)",w,,w:O↔∅,"w ↔ ∅; puerta, ˈpweɾta, peɾta, p↔p,w↔∅,e↔e,ɾ↔ɾ,t↔t,a↔a, LC di (noise) KR tap not trill --> /peɾta/ CL: English VOT on /p/ and dipthong, english r",S401.S401_EFE-A_Pre_05_20_2024.csv,Queries_Target_v2,Consonants,Pre,Spanish,S401,S401,EFE-A,Pre,w ↔ ∅,"puerta, ˈpweɾta, peɾta, p↔p,w↔∅,e↔e,ɾ↔ɾ,t↔t,a↔a, LC di (noise) KR tap not trill --> /peɾta/ CL: English VOT on /p/ and dipthong, english r","LC di (noise) KR tap not trill --> /peɾta/ CL: English VOT on /p/ and dipthong, english r",puerta,ˈpweɾta,peɾta,"p↔p,w↔∅,e↔e,ɾ↔ɾ,t↔t,a↔a",0.0
2020-10-21,32,1,"IPA Target ↔ IPA Actual; Orthography (Group), IPA Target (Group), IPA Actual (Group), Alignment (Group), Notes (Group)","(4...5) ↔ (2...3); (0...6), (0...7), (0...5), (0...23), (0...89)",ɾ,ɾ,ɾ:C↔ɾ:C,"ɾ ↔ ɾ; puerta, ˈpweɾta, peɾta, p↔p,w↔∅,e↔e,ɾ↔ɾ,t↔t,a↔a, LC di (noise) KR tap not trill --> /peɾta/ CL: English VOT on /p/ and dipthong, english r",S401.S401_EFE-A_Pre_05_20_2024.csv,Queries_Target_v2,Consonants,Pre,Spanish,S401,S401,EFE-A,Pre,ɾ ↔ ɾ,"puerta, ˈpweɾta, peɾta, p↔p,w↔∅,e↔e,ɾ↔ɾ,t↔t,a↔a, LC di (noise) KR tap not trill --> /peɾta/ CL: English VOT on /p/ and dipthong, english r","LC di (noise) KR tap not trill --> /peɾta/ CL: English VOT on /p/ and dipthong, english r",puerta,ˈpweɾta,peɾta,"p↔p,w↔∅,e↔e,ɾ↔ɾ,t↔t,a↔a",1.0
2020-10-21,32,1,"IPA Target ↔ IPA Actual; Orthography (Group), IPA Target (Group), IPA Actual (Group), Alignment (Group), Notes (Group)","(5...6) ↔ (3...4); (0...6), (0...7), (0...5), (0...23), (0...89)",t,t,t:O↔t:O,"t ↔ t; puerta, ˈpweɾta, peɾta, p↔p,w↔∅,e↔e,ɾ↔ɾ,t↔t,a↔a, LC di (noise) KR tap not trill --> /peɾta/ CL: English VOT on /p/ and dipthong, english r",S401.S401_EFE-A_Pre_05_20_2024.csv,Queries_Target_v2,Consonants,Pre,Spanish,S401,S401,EFE-A,Pre,t ↔ t,"puerta, ˈpweɾta, peɾta, p↔p,w↔∅,e↔e,ɾ↔ɾ,t↔t,a↔a, LC di (noise) KR tap not trill --> /peɾta/ CL: English VOT on /p/ and dipthong, english r","LC di (noise) KR tap not trill --> /peɾta/ CL: English VOT on /p/ and dipthong, english r",puerta,ˈpweɾta,peɾta,"p↔p,w↔∅,e↔e,ɾ↔ɾ,t↔t,a↔a",1.0
2020-10-21,33,1,"IPA Target ↔ IPA Actual; Orthography (Group), IPA Target (Group), IPA Actual (Group), Alignment (Group), Notes (Group)","(1...2) ↔ (0...1); (0...4), (0...5), (0...4), (0...15), (0...3)",s,s,s:O↔s:O,"s ↔ s; sopa, ˈsopa, sopa, s↔s,o↔o,p↔p,a↔a, LC ",S401.S401_EFE-A_Pre_05_20_2024.csv,Queries_Target_v2,Consonants,Pre,Spanish,S401,S401,EFE-A,Pre,s ↔ s,"sopa, ˈsopa, sopa, s↔s,o↔o,p↔p,a↔a, LC",LC ,sopa,ˈsopa,sopa,"s↔s,o↔o,p↔p,a↔a",1.0
2020-10-21,33,1,"IPA Target ↔ IPA Actual; Orthography (Group), IPA Target (Group), IPA Actual (Group), Alignment (Group), Notes (Group)","(3...4) ↔ (2...3); (0...4), (0...5), (0...4), (0...15), (0...3)",p,p,p:O↔p:O,"p ↔ p; sopa, ˈsopa, sopa, s↔s,o↔o,p↔p,a↔a, LC ",S401.S401_EFE-A_Pre_05_20_2024.csv,Queries_Target_v2,Consonants,Pre,Spanish,S401,S401,EFE-A,Pre,p ↔ p,"sopa, ˈsopa, sopa, s↔s,o↔o,p↔p,a↔a, LC",LC ,sopa,ˈsopa,sopa,"s↔s,o↔o,p↔p,a↔a",1.0
2020-10-21,34,1,"IPA Target ↔ IPA Actual; Orthography (Group), IPA Target (Group), IPA Actual (Group), Alignment (Group), Notes (Group)","(0...1) ↔ (0...1); (0...5), (0...6), (0...5), (0...19), (0...19)",m,m,m:O↔m:O,"m ↔ m; mujer, muˈxeɾ, muxeɾ, m↔m,u↔u,x↔x,e↔e,ɾ↔ɾ, LC di CL: english r",S401.S401_EFE-A_Pre_05_20_2024.csv,Queries_Target_v2,Consonants,Pre,Spanish,S401,S401,EFE-A,Pre,m ↔ m,"mujer, muˈxeɾ, muxeɾ, m↔m,u↔u,x↔x,e↔e,ɾ↔ɾ, LC di CL: english r",LC di CL: english r,mujer,muˈxeɾ,muxeɾ,"m↔m,u↔u,x↔x,e↔e,ɾ↔ɾ",1.0
2020-10-21,34,1,"IPA Target ↔ IPA Actual; Orthography (Group), IPA Target (Group), IPA Actual (Group), Alignment (Group), Notes (Group)","(3...4) ↔ (2...3); (0...5), (0...6), (0...5), (0...19), (0...19)",x,x,x:O↔x:O,"x ↔ x; mujer, muˈxeɾ, muxeɾ, m↔m,u↔u,x↔x,e↔e,ɾ↔ɾ, LC di CL: english r",S401.S401_EFE-A_Pre_05_20_2024.csv,Queries_Target_v2,Consonants,Pre,Spanish,S401,S401,EFE-A,Pre,x ↔ x,"mujer, muˈxeɾ, muxeɾ, m↔m,u↔u,x↔x,e↔e,ɾ↔ɾ, LC di CL: english r",LC di CL: english r,mujer,muˈxeɾ,muxeɾ,"m↔m,u↔u,x↔x,e↔e,ɾ↔ɾ",1.0
2020-10-21,34,1,"IPA Target ↔ IPA Actual; Orthography (Group), IPA Target (Group), IPA Actual (Group), Alignment (Group), Notes (Group)","(5...6) ↔ (4...5); (0...5), (0...6), (0...5), (0...19), (0...19)",ɾ,ɾ,ɾ:C↔ɾ:C,"ɾ ↔ ɾ; mujer, muˈxeɾ, muxeɾ, m↔m,u↔u,x↔x,e↔e,ɾ↔ɾ, LC di CL: english r",S401.S401_EFE-A_Pre_05_20_2024.csv,Queries_Target_v2,Consonants,Pre,Spanish,S401,S401,EFE-A,Pre,ɾ ↔ ɾ,"mujer, muˈxeɾ, muxeɾ, m↔m,u↔u,x↔x,e↔e,ɾ↔ɾ, LC di CL: english r",LC di CL: english r,mujer,muˈxeɾ,muxeɾ,"m↔m,u↔u,x↔x,e↔e,ɾ↔ɾ",1.0
2020-10-21,36,1,"IPA Target ↔ IPA Actual; Orthography (Group), IPA Target (Group), IPA Actual (Group), Alignment (Group), Notes (Group)","(0...1) ↔ (0...1); (0...12), (0...9), (0...10), (0...43), (0...27)",p,p,p:O↔p:O,"p ↔ p; paraguas que, paˈɾaɡwas, pablas que, p↔p,a↔a,ɾ↔∅,a↔∅,ɡ↔b,w↔l,a↔a,s↔s,∅↔q,∅↔u,∅↔e, LC di KR no /ʝ/-->/pabaske/",S401.S401_EFE-A_Pre_05_20_2024.csv,Queries_Target_v2,Consonants,Pre,Spanish,S401,S401,EFE-A,Pre,p ↔ p,"paraguas que, paˈɾaɡwas, pablas que, p↔p,a↔a,ɾ↔∅,a↔∅,ɡ↔b,w↔l,a↔a,s↔s,∅↔q,∅↔u,∅↔e, LC di KR no /ʝ/-->/pabaske/",LC di KR no /ʝ/-->/pabaske/,paraguas que,paˈɾaɡwas,pablas que,"p↔p,a↔a,ɾ↔∅,a↔∅,ɡ↔b,w↔l,a↔a,s↔s,∅↔q,∅↔u,∅↔e",1.0
2020-10-21,36,1,"IPA Target ↔ IPA Actual; Orthography (Group), IPA Target (Group), IPA Actual (Group), Alignment (Group), Notes (Group)","(3...4) ↔ (0...0); (0...12), (0...9), (0...10), (0...43), (0...27)",ɾ,,ɾ:O↔∅,"ɾ ↔ ∅; paraguas que, paˈɾaɡwas, pablas que, p↔p,a↔a,ɾ↔∅,a↔∅,ɡ↔b,w↔l,a↔a,s↔s,∅↔q,∅↔u,∅↔e, LC di KR no /ʝ/-->/pabaske/",S401.S401_EFE-A_Pre_05_20_2024.csv,Queries_Target_v2,Consonants,Pre,Spanish,S401,S401,EFE-A,Pre,ɾ ↔ ∅,"paraguas que, paˈɾaɡwas, pablas que, p↔p,a↔a,ɾ↔∅,a↔∅,ɡ↔b,w↔l,a↔a,s↔s,∅↔q,∅↔u,∅↔e, LC di KR no /ʝ/-->/pabaske/",LC di KR no /ʝ/-->/pabaske/,paraguas que,paˈɾaɡwas,pablas que,"p↔p,a↔a,ɾ↔∅,a↔∅,ɡ↔b,w↔l,a↔a,s↔s,∅↔q,∅↔u,∅↔e",0.0
2020-10-21,36,1,"IPA Target ↔ IPA Actual; Orthography (Group), IPA Target (Group), IPA Actual (Group), Alignment (Group), Notes (Group)","(5...6) ↔ (2...3); (0...12), (0...9), (0...10), (0...43), (0...27)",ɡ,b,ɡ:O↔b:O,"ɡ ↔ b; paraguas que, paˈɾaɡwas, pablas que, p↔p,a↔a,ɾ↔∅,a↔∅,ɡ↔b,w↔l,a↔a,s↔s,∅↔q,∅↔u,∅↔e, LC di KR no /ʝ/-->/pabaske/",S401.S401_EFE-A_Pre_05_20_2024.csv,Queries_Target_v2,Consonants,Pre,Spanish,S401,S401,EFE-A,Pre,ɡ ↔ b,"paraguas que, paˈɾaɡwas, pablas que, p↔p,a↔a,ɾ↔∅,a↔∅,ɡ↔b,w↔l,a↔a,s↔s,∅↔q,∅↔u,∅↔e, LC di KR no /ʝ/-->/pabaske/",LC di KR no /ʝ/-->/pabaske/,paraguas que,paˈɾaɡwas,pablas que,"p↔p,a↔a,ɾ↔∅,a↔∅,ɡ↔b,w↔l,a↔a,s↔s,∅↔q,∅↔u,∅↔e",0.7058823529411765
2020-10-21,36,1,"IPA Target ↔ IPA Actual; Orthography (Group), IPA Target (Group), IPA Actual (Group), Alignment (Group), Notes (Group)","(6...7) ↔ (3...4); (0...12), (0...9), (0...10), (0...43), (0...27)",w,l,w:O↔l:O,"w ↔ l; paraguas que, paˈɾaɡwas, pablas que, p↔p,a↔a,ɾ↔∅,a↔∅,ɡ↔b,w↔l,a↔a,s↔s,∅↔q,∅↔u,∅↔e, LC di KR no /ʝ/-->/pabaske/",S401.S401_EFE-A_Pre_05_20_2024.csv,Queries_Target_v2,Consonants,Pre,Spanish,S401,S401,EFE-A,Pre,w ↔ l,"paraguas que, paˈɾaɡwas, pablas que, p↔p,a↔a,ɾ↔∅,a↔∅,ɡ↔b,w↔l,a↔a,s↔s,∅↔q,∅↔u,∅↔e, LC di KR no /ʝ/-->/pabaske/",LC di KR no /ʝ/-->/pabaske/,paraguas que,paˈɾaɡwas,pablas que,"p↔p,a↔a,ɾ↔∅,a↔∅,ɡ↔b,w↔l,a↔a,s↔s,∅↔q,∅↔u,∅↔e",0.5
2020-10-21,36,1,"IPA Target ↔ IPA Actual; Orthography (Group), IPA Target (Group), IPA Actual (Group), Alignment (Group), Notes (Group)","(8...9) ↔ (5...6); (0...12), (0...9), (0...10), (0...43), (0...27)",s,s,s:C↔s:C,"s ↔ s; paraguas que, paˈɾaɡwas, pablas que, p↔p,a↔a,ɾ↔∅,a↔∅,ɡ↔b,w↔l,a↔a,s↔s,∅↔q,∅↔u,∅↔e, LC di KR no /ʝ/-->/pabaske/",S401.S401_EFE-A_Pre_05_20_2024.csv,Queries_Target_v2,Consonants,Pre,Spanish,S401,S401,EFE-A,Pre,s ↔ s,"paraguas que, paˈɾaɡwas, pablas que, p↔p,a↔a,ɾ↔∅,a↔∅,ɡ↔b,w↔l,a↔a,s↔s,∅↔q,∅↔u,∅↔e, LC di KR no /ʝ/-->/pabaske/",LC di KR no /ʝ/-->/pabaske/,paraguas que,paˈɾaɡwas,pablas que,"p↔p,a↔a,ɾ↔∅,a↔∅,ɡ↔b,w↔l,a↔a,s↔s,∅↔q,∅↔u,∅↔e",1.0
2020-10-21,37,1,"IPA Target ↔ IPA Actual; Orthography (Group), IPA Target (Group), IPA Actual (Group), Alignment (Group), Notes (Group)","(0...1) ↔ (0...1); (0...5), (0...6), (0...5), (0...19), (0...5)",p,p,p:O↔p:O,"p ↔ p; papel, paˈpel, papel, p↔p,a↔a,p↔p,e↔e,l↔l, LC di",S401.S401_EFE-A_Pre_05_20_2024.csv,Queries_Target_v2,Consonants,Pre,Spanish,S401,S401,EFE-A,Pre,p ↔ p,"papel, paˈpel, papel, p↔p,a↔a,p↔p,e↔e,l↔l, LC di",LC di,papel,paˈpel,papel,"p↔p,a↔a,p↔p,e↔e,l↔l",1.0
2020-10-21,37,1,"IPA Target ↔ IPA Actual; Orthography (Group), IPA Target (Group), IPA Actual (Group), Alignment (Group), Notes (Group)","(3...4) ↔ (2...3); (0...5), (0...6), (0...5), (0...19), (0...5)",p,p,p:O↔p:O,"p ↔ p; papel, paˈpel, papel, p↔p,a↔a,p↔p,e↔e,l↔l, LC di",S401.S401_EFE-A_Pre_05_20_2024.csv,Queries_Target_v2,Consonants,Pre,Spanish,S401,S401,EFE-A,Pre,p ↔ p,"papel, paˈpel, papel, p↔p,a↔a,p↔p,e↔e,l↔l, LC di",LC di,papel,paˈpel,papel,"p↔p,a↔a,p↔p,e↔e,l↔l",1.0
2020-10-21,37,1,"IPA Target ↔ IPA Actual; Orthography (Group), IPA Target (Group), IPA Actual (Group), Alignment (Group), Notes (Group)","(5...6) ↔ (4...5); (0...5), (0...6), (0...5), (0...19), (0...5)",l,l,l:C↔l:C,"l ↔ l; papel, paˈpel, papel, p↔p,a↔a,p↔p,e↔e,l↔l, LC di",S401.S401_EFE-A_Pre_05_20_2024.csv,Queries_Target_v2,Consonants,Pre,Spanish,S401,S401,EFE-A,Pre,l ↔ l,"papel, paˈpel, papel, p↔p,a↔a,p↔p,e↔e,l↔l, LC di",LC di,papel,paˈpel,papel,"p↔p,a↔a,p↔p,e↔e,l↔l",1.0
2020-10-21,38,1,"IPA Target ↔ IPA Actual; Orthography (Group), IPA Target (Group), IPA Actual (Group), Alignment (Group), Notes (Group)","(0...1) ↔ (0...1); (0...7), (0...8), (0...7), (0...31), (0...37)",p,p,p:O↔p:O,"p ↔ p; pintura, pinˈtuɾa, pintuas, p↔p,i↔i,n↔n,t↔t,u↔u,ɾ↔∅,a↔a,∅↔s, LC 2/2 di KR Beautiful Transcription!",S401.S401_EFE-A_Pre_05_20_2024.csv,Queries_Target_v2,Consonants,Pre,Spanish,S401,S401,EFE-A,Pre,p ↔ p,"pintura, pinˈtuɾa, pintuas, p↔p,i↔i,n↔n,t↔t,u↔u,ɾ↔∅,a↔a,∅↔s, LC 2/2 di KR Beautiful Transcription!",LC 2/2 di KR Beautiful Transcription!,pintura,pinˈtuɾa,pintuas,"p↔p,i↔i,n↔n,t↔t,u↔u,ɾ↔∅,a↔a,∅↔s",1.0
2020-10-21,38,1,"IPA Target ↔ IPA Actual; Orthography (Group), IPA Target (Group), IPA Actual (Group), Alignment (Group), Notes (Group)","(2...3) ↔ (2...3); (0...7), (0...8), (0...7), (0...31), (0...37)",n,n,n:C↔n:C,"n ↔ n; pintura, pinˈtuɾa, pintuas, p↔p,i↔i,n↔n,t↔t,u↔u,ɾ↔∅,a↔a,∅↔s, LC 2/2 di KR Beautiful Transcription!",S401.S401_EFE-A_Pre_05_20_2024.csv,Queries_Target_v2,Consonants,Pre,Spanish,S401,S401,EFE-A,Pre,n ↔ n,"pintura, pinˈtuɾa, pintuas, p↔p,i↔i,n↔n,t↔t,u↔u,ɾ↔∅,a↔a,∅↔s, LC 2/2 di KR Beautiful Transcription!",LC 2/2 di KR Beautiful Transcription!,pintura,pinˈtuɾa,pintuas,"p↔p,i↔i,n↔n,t↔t,u↔u,ɾ↔∅,a↔a,∅↔s",1.0
2020-10-21,38,1,"IPA Target ↔ IPA Actual; Orthography (Group), IPA Target (Group), IPA Actual (Group), Alignment (Group), Notes (Group)","(4...5) ↔ (3...4); (0...7), (0...8), (0...7), (0...31), (0...37)",t,t,t:O↔t:O,"t ↔ t; pintura, pinˈtuɾa, pintuas, p↔p,i↔i,n↔n,t↔t,u↔u,ɾ↔∅,a↔a,∅↔s, LC 2/2 di KR Beautiful Transcription!",S401.S401_EFE-A_Pre_05_20_2024.csv,Queries_Target_v2,Consonants,Pre,Spanish,S401,S401,EFE-A,Pre,t ↔ t,"pintura, pinˈtuɾa, pintuas, p↔p,i↔i,n↔n,t↔t,u↔u,ɾ↔∅,a↔a,∅↔s, LC 2/2 di KR Beautiful Transcription!",LC 2/2 di KR Beautiful Transcription!,pintura,pinˈtuɾa,pintuas,"p↔p,i↔i,n↔n,t↔t,u↔u,ɾ↔∅,a↔a,∅↔s",1.0
2020-10-21,38,1,"IPA Target ↔ IPA Actual; Orthography (Group), IPA Target (Group), IPA Actual (Group), Alignment (Group), Notes (Group)","(6...7) ↔ (0...0); (0...7), (0...8), (0...7), (0...31), (0...37)",ɾ,,ɾ:O↔∅,"ɾ ↔ ∅; pintura, pinˈtuɾa, pintuas, p↔p,i↔i,n↔n,t↔t,u↔u,ɾ↔∅,a↔a,∅↔s, LC 2/2 di KR Beautiful Transcription!",S401.S401_EFE-A_Pre_05_20_2024.csv,Queries_Target_v2,Consonants,Pre,Spanish,S401,S401,EFE-A,Pre,ɾ ↔ ∅,"pintura, pinˈtuɾa, pintuas, p↔p,i↔i,n↔n,t↔t,u↔u,ɾ↔∅,a↔a,∅↔s, LC 2/2 di KR Beautiful Transcription!",LC 2/2 di KR Beautiful Transcription!,pintura,pinˈtuɾa,pintuas,"p↔p,i↔i,n↔n,t↔t,u↔u,ɾ↔∅,a↔a,∅↔s",0.0
2020-10-21,39,1,"IPA Target ↔ IPA Actual; Orthography (Group), IPA Target (Group), IPA Actual (Group), Alignment (Group), Notes (Group)","(0...1) ↔ (0...0); (0...4), (0...4), (0...4), (0...19), (0...87)",f,,f:O↔∅,"f ↔ ∅; fiel, fjel, ʧel*, f↔∅,j↔ʧ,e↔e,l↔l,∅↔*, LC di KR -first sound almost souns more like a /ʧ/ to me. Chek diphthong instead of /ʝ/",S401.S401_EFE-A_Pre_05_20_2024.csv,Queries_Target_v2,Consonants,Pre,Spanish,S401,S401,EFE-A,Pre,f ↔ ∅,"fiel, fjel, ʧel*, f↔∅,j↔ʧ,e↔e,l↔l,∅↔*, LC di KR -first sound almost souns more like a /ʧ/ to me. Chek diphthong instead of /ʝ/",LC di KR -first sound almost souns more like a /ʧ/ to me. Chek diphthong instead of /ʝ/,fiel,fjel,ʧel*,"f↔∅,j↔ʧ,e↔e,l↔l,∅↔*",0.0
2020-10-21,39,1,"IPA Target ↔ IPA Actual; Orthography (Group), IPA Target (Group), IPA Actual (Group), Alignment (Group), Notes (Group)","(1...2) ↔ (0...1); (0...4), (0...4), (0...4), (0...19), (0...87)",j,ʧ,j:O↔ʧ:O,"j ↔ ʧ; fiel, fjel, ʧel*, f↔∅,j↔ʧ,e↔e,l↔l,∅↔*, LC di KR -first sound almost souns more like a /ʧ/ to me. Chek diphthong instead of /ʝ/",S401.S401_EFE-A_Pre_05_20_2024.csv,Queries_Target_v2,Consonants,Pre,Spanish,S401,S401,EFE-A,Pre,j ↔ ʧ,"fiel, fjel, ʧel*, f↔∅,j↔ʧ,e↔e,l↔l,∅↔*, LC di KR -first sound almost souns more like a /ʧ/ to me. Chek diphthong instead of /ʝ/",LC di KR -first sound almost souns more like a /ʧ/ to me. Chek diphthong instead of /ʝ/,fiel,fjel,ʧel*,"f↔∅,j↔ʧ,e↔e,l↔l,∅↔*",0.4411764705882353
2020-10-21,39,1,"IPA Target ↔ IPA Actual; Orthography (Group), IPA Target (Group), IPA Actual (Group), Alignment (Group), Notes (Group)","(3...4) ↔ (2...3); (0...4), (0...4), (0...4), (0...19), (0...87)",l,l,l:C↔l:C,"l ↔ l; fiel, fjel, ʧel*, f↔∅,j↔ʧ,e↔e,l↔l,∅↔*, LC di KR -first sound almost souns more like a /ʧ/ to me. Chek diphthong instead of /ʝ/",S401.S401_EFE-A_Pre_05_20_2024.csv,Queries_Target_v2,Consonants,Pre,Spanish,S401,S401,EFE-A,Pre,l ↔ l,"fiel, fjel, ʧel*, f↔∅,j↔ʧ,e↔e,l↔l,∅↔*, LC di KR -first sound almost souns more like a /ʧ/ to me. Chek diphthong instead of /ʝ/",LC di KR -first sound almost souns more like a /ʧ/ to me. Chek diphthong instead of /ʝ/,fiel,fjel,ʧel*,"f↔∅,j↔ʧ,e↔e,l↔l,∅↔*",1.0
2020-10-21,40,1,"IPA Target ↔ IPA Actual; Orthography (Group), IPA Target (Group), IPA Actual (Group), Alignment (Group), Notes (Group)","(1...2) ↔ (0...1); (0...3), (0...4), (0...3), (0...11), (0...18)",t,t,t:O↔t:O,"t ↔ t; tío, ˈtio, tio, t↔t,i↔i,o↔o, LC di KR diphthong",S401.S401_EFE-A_Pre_05_20_2024.csv,Queries_Target_v2,Consonants,Pre,Spanish,S401,S401,EFE-A,Pre,t ↔ t,"tío, ˈtio, tio, t↔t,i↔i,o↔o, LC di KR diphthong",LC di KR diphthong,tío,ˈtio,tio,"t↔t,i↔i,o↔o",1.0
2020-10-21,41,1,"IPA Target ↔ IPA Actual; Orthography (Group), IPA Target (Group), IPA Actual (Group), Alignment (Group), Notes (Group)","(1...2) ↔ (0...1); (0...4), (0...5), (0...4), (0...15), (0...148)",l,l,l:O↔l:O,"l ↔ l; luna, ˈluna, lono, l↔l,u↔o,n↔n,a↔o, LC  KR This one is tricky, something is going on with the n-I think a glottal stop before and nasalization on the /n/, last vowel is /o/--> /luʔño/",S401.S401_EFE-A_Pre_05_20_2024.csv,Queries_Target_v2,Consonants,Pre,Spanish,S401,S401,EFE-A,Pre,l ↔ l,"luna, ˈluna, lono, l↔l,u↔o,n↔n,a↔o, LC  KR This one is tricky, something is going on with the n-I think a glottal stop before and nasalization on the /n/, last vowel is /o/--> /luʔño/","LC  KR This one is tricky, something is going on with the n-I think a glottal stop before and nasalization on the /n/, last vowel is /o/--> /luʔño/",luna,ˈluna,lono,"l↔l,u↔o,n↔n,a↔o",1.0
2020-10-21,41,1,"IPA Target ↔ IPA Actual; Orthography (Group), IPA Target (Group), IPA Actual (Group), Alignment (Group), Notes (Group)","(3...4) ↔ (2...3); (0...4), (0...5), (0...4), (0...15), (0...148)",n,n,n:O↔n:O,"n ↔ n; luna, ˈluna, lono, l↔l,u↔o,n↔n,a↔o, LC  KR This one is tricky, something is going on with the n-I think a glottal stop before and nasalization on the /n/, last vowel is /o/--> /luʔño/",S401.S401_EFE-A_Pre_05_20_2024.csv,Queries_Target_v2,Consonants,Pre,Spanish,S401,S401,EFE-A,Pre,n ↔ n,"luna, ˈluna, lono, l↔l,u↔o,n↔n,a↔o, LC  KR This one is tricky, something is going on with the n-I think a glottal stop before and nasalization on the /n/, last vowel is /o/--> /luʔño/","LC  KR This one is tricky, something is going on with the n-I think a glottal stop before and nasalization on the /n/, last vowel is /o/--> /luʔño/",luna,ˈluna,lono,"l↔l,u↔o,n↔n,a↔o",1.0
2020-10-21,42,1,"IPA Target ↔ IPA Actual; Orthography (Group), IPA Target (Group), IPA Actual (Group), Alignment (Group), Notes (Group)","(1...2) ↔ (0...1); (0...4), (0...5), (0...4), (0...15), (0...4)",m,m,m:O↔m:O,"m ↔ m; mano, ˈmano, mano, m↔m,a↔a,n↔n,o↔o, LC  ",S401.S401_EFE-A_Pre_05_20_2024.csv,Queries_Target_v2,Consonants,Pre,Spanish,S401,S401,EFE-A,Pre,m ↔ m,"mano, ˈmano, mano, m↔m,a↔a,n↔n,o↔o, LC",LC  ,mano,ˈmano,mano,"m↔m,a↔a,n↔n,o↔o",1.0
2020-10-21,42,1,"IPA Target ↔ IPA Actual; Orthography (Group), IPA Target (Group), IPA Actual (Group), Alignment (Group), Notes (Group)","(3...4) ↔ (2...3); (0...4), (0...5), (0...4), (0...15), (0...4)",n,n,n:O↔n:O,"n ↔ n; mano, ˈmano, mano, m↔m,a↔a,n↔n,o↔o, LC  ",S401.S401_EFE-A_Pre_05_20_2024.csv,Queries_Target_v2,Consonants,Pre,Spanish,S401,S401,EFE-A,Pre,n ↔ n,"mano, ˈmano, mano, m↔m,a↔a,n↔n,o↔o, LC",LC  ,mano,ˈmano,mano,"m↔m,a↔a,n↔n,o↔o",1.0
2020-10-21,43,1,"IPA Target ↔ IPA Actual; Orthography (Group), IPA Target (Group), IPA Actual (Group), Alignment (Group), Notes (Group)","(0...1) ↔ (0...1); (0...3), (0...3), (0...3), (0...11), (0...17)",m,m,m:O↔m:O,"m ↔ m; mar, maɾ, maɹ, m↔m,a↔a,ɾ↔ɹ, LC  CL: English r",S401.S401_EFE-A_Pre_05_20_2024.csv,Queries_Target_v2,Consonants,Pre,Spanish,S401,S401,EFE-A,Pre,m ↔ m,"mar, maɾ, maɹ, m↔m,a↔a,ɾ↔ɹ, LC  CL: English r",LC  CL: English r,mar,maɾ,maɹ,"m↔m,a↔a,ɾ↔ɹ",1.0
2020-10-21,43,1,"IPA Target ↔ IPA Actual; Orthography (Group), IPA Target (Group), IPA Actual (Group), Alignment (Group), Notes (Group)","(2...3) ↔ (2...3); (0...3), (0...3), (0...3), (0...11), (0...17)",ɾ,ɹ,ɾ:C↔ɹ:C,"ɾ ↔ ɹ; mar, maɾ, maɹ, m↔m,a↔a,ɾ↔ɹ, LC  CL: English r",S401.S401_EFE-A_Pre_05_20_2024.csv,Queries_Target_v2,Consonants,Pre,Spanish,S401,S401,EFE-A,Pre,ɾ ↔ ɹ,"mar, maɾ, maɹ, m↔m,a↔a,ɾ↔ɹ, LC  CL: English r",LC  CL: English r,mar,maɾ,maɹ,"m↔m,a↔a,ɾ↔ɹ",0.5
2020-10-21,44,1,"IPA Target ↔ IPA Actual; Orthography (Group), IPA Target (Group), IPA Actual (Group), Alignment (Group), Notes (Group)","(1...2) ↔ (0...1); (0...5), (0...6), (0...5), (0...19), (0...6)",d,d,d:O↔d:O,"d ↔ d; duele, ˈdwele, dwele, d↔d,w↔w,e↔e,l↔l,e↔e, LC, di",S401.S401_EFE-A_Pre_05_20_2024.csv,Queries_Target_v2,Consonants,Pre,Spanish,S401,S401,EFE-A,Pre,d ↔ d,"duele, ˈdwele, dwele, d↔d,w↔w,e↔e,l↔l,e↔e, LC, di","LC, di",duele,ˈdwele,dwele,"d↔d,w↔w,e↔e,l↔l,e↔e",1.0
2020-10-21,44,1,"IPA Target ↔ IPA Actual; Orthography (Group), IPA Target (Group), IPA Actual (Group), Alignment (Group), Notes (Group)","(2...3) ↔ (1...2); (0...5), (0...6), (0...5), (0...19), (0...6)",w,w,w:O↔w:O,"w ↔ w; duele, ˈdwele, dwele, d↔d,w↔w,e↔e,l↔l,e↔e, LC, di",S401.S401_EFE-A_Pre_05_20_2024.csv,Queries_Target_v2,Consonants,Pre,Spanish,S401,S401,EFE-A,Pre,w ↔ w,"duele, ˈdwele, dwele, d↔d,w↔w,e↔e,l↔l,e↔e, LC, di","LC, di",duele,ˈdwele,dwele,"d↔d,w↔w,e↔e,l↔l,e↔e",1.0
2020-10-21,44,1,"IPA Target ↔ IPA Actual; Orthography (Group), IPA Target (Group), IPA Actual (Group), Alignment (Group), Notes (Group)","(4...5) ↔ (3...4); (0...5), (0...6), (0...5), (0...19), (0...6)",l,l,l:O↔l:O,"l ↔ l; duele, ˈdwele, dwele, d↔d,w↔w,e↔e,l↔l,e↔e, LC, di",S401.S401_EFE-A_Pre_05_20_2024.csv,Queries_Target_v2,Consonants,Pre,Spanish,S401,S401,EFE-A,Pre,l ↔ l,"duele, ˈdwele, dwele, d↔d,w↔w,e↔e,l↔l,e↔e, LC, di","LC, di",duele,ˈdwele,dwele,"d↔d,w↔w,e↔e,l↔l,e↔e",1.0
2020-10-21,46,1,"IPA Target ↔ IPA Actual; Orthography (Group), IPA Target (Group), IPA Actual (Group), Alignment (Group), Notes (Group)","(1...2) ↔ (0...1); (0...6), (0...6), (0...5), (0...19), (0...15)",w,l,w:O↔l:O,"w ↔ l; waffle, ˈwafle, lafle, w↔l,a↔a,f↔f,l↔l,e↔e, LC 2/2, muffled",S401.S401_EFE-A_Pre_05_20_2024.csv,Queries_Target_v2,Consonants,Pre,Spanish,S401,S401,EFE-A,Pre,w ↔ l,"waffle, ˈwafle, lafle, w↔l,a↔a,f↔f,l↔l,e↔e, LC 2/2, muffled","LC 2/2, muffled",waffle,ˈwafle,lafle,"w↔l,a↔a,f↔f,l↔l,e↔e",0.5
2020-10-21,46,1,"IPA Target ↔ IPA Actual; Orthography (Group), IPA Target (Group), IPA Actual (Group), Alignment (Group), Notes (Group)","(3...4) ↔ (2...3); (0...6), (0...6), (0...5), (0...19), (0...15)",f,f,f:O↔f:O,"f ↔ f; waffle, ˈwafle, lafle, w↔l,a↔a,f↔f,l↔l,e↔e, LC 2/2, muffled",S401.S401_EFE-A_Pre_05_20_2024.csv,Queries_Target_v2,Consonants,Pre,Spanish,S401,S401,EFE-A,Pre,f ↔ f,"waffle, ˈwafle, lafle, w↔l,a↔a,f↔f,l↔l,e↔e, LC 2/2, muffled","LC 2/2, muffled",waffle,ˈwafle,lafle,"w↔l,a↔a,f↔f,l↔l,e↔e",1.0
2020-10-21,46,1,"IPA Target ↔ IPA Actual; Orthography (Group), IPA Target (Group), IPA Actual (Group), Alignment (Group), Notes (Group)","(4...5) ↔ (3...4); (0...6), (0...6), (0...5), (0...19), (0...15)",l,l,l:O↔l:O,"l ↔ l; waffle, ˈwafle, lafle, w↔l,a↔a,f↔f,l↔l,e↔e, LC 2/2, muffled",S401.S401_EFE-A_Pre_05_20_2024.csv,Queries_Target_v2,Consonants,Pre,Spanish,S401,S401,EFE-A,Pre,l ↔ l,"waffle, ˈwafle, lafle, w↔l,a↔a,f↔f,l↔l,e↔e, LC 2/2, muffled","LC 2/2, muffled",waffle,ˈwafle,lafle,"w↔l,a↔a,f↔f,l↔l,e↔e",1.0
2020-10-21,47,1,"IPA Target ↔ IPA Actual; Orthography (Group), IPA Target (Group), IPA Actual (Group), Alignment (Group), Notes (Group)","(0...1) ↔ (0...1); (0...9), (0...10), (0...6), (0...35), (0...66)",b,b,b:O↔b:O,"b ↔ b; bicicleta, bisiˈkleta, bisika, b↔b,i↔i,s↔s,i↔i,k↔k,l↔∅,e↔∅,t↔∅,a↔a, LC End vowel english /ʌ/? CL: english neutralization of last vowel",S401.S401_EFE-A_Pre_05_20_2024.csv,Queries_Target_v2,Consonants,Pre,Spanish,S401,S401,EFE-A,Pre,b ↔ b,"bicicleta, bisiˈkleta, bisika, b↔b,i↔i,s↔s,i↔i,k↔k,l↔∅,e↔∅,t↔∅,a↔a, LC End vowel english /ʌ/? CL: english neutralization of last vowel",LC End vowel english /ʌ/? CL: english neutralization of last vowel,bicicleta,bisiˈkleta,bisika,"b↔b,i↔i,s↔s,i↔i,k↔k,l↔∅,e↔∅,t↔∅,a↔a",1.0
2020-10-21,47,1,"IPA Target ↔ IPA Actual; Orthography (Group), IPA Target (Group), IPA Actual (Group), Alignment (Group), Notes (Group)","(2...3) ↔ (2...3); (0...9), (0...10), (0...6), (0...35), (0...66)",s,s,s:O↔s:O,"s ↔ s; bicicleta, bisiˈkleta, bisika, b↔b,i↔i,s↔s,i↔i,k↔k,l↔∅,e↔∅,t↔∅,a↔a, LC End vowel english /ʌ/? CL: english neutralization of last vowel",S401.S401_EFE-A_Pre_05_20_2024.csv,Queries_Target_v2,Consonants,Pre,Spanish,S401,S401,EFE-A,Pre,s ↔ s,"bicicleta, bisiˈkleta, bisika, b↔b,i↔i,s↔s,i↔i,k↔k,l↔∅,e↔∅,t↔∅,a↔a, LC End vowel english /ʌ/? CL: english neutralization of last vowel",LC End vowel english /ʌ/? CL: english neutralization of last vowel,bicicleta,bisiˈkleta,bisika,"b↔b,i↔i,s↔s,i↔i,k↔k,l↔∅,e↔∅,t↔∅,a↔a",1.0
2020-10-21,47,1,"IPA Target ↔ IPA Actual; Orthography (Group), IPA Target (Group), IPA Actual (Group), Alignment (Group), Notes (Group)","(5...6) ↔ (4...5); (0...9), (0...10), (0...6), (0...35), (0...66)",k,k,k:O↔k:O,"k ↔ k; bicicleta, bisiˈkleta, bisika, b↔b,i↔i,s↔s,i↔i,k↔k,l↔∅,e↔∅,t↔∅,a↔a, LC End vowel english /ʌ/? CL: english neutralization of last vowel",S401.S401_EFE-A_Pre_05_20_2024.csv,Queries_Target_v2,Consonants,Pre,Spanish,S401,S401,EFE-A,Pre,k ↔ k,"bicicleta, bisiˈkleta, bisika, b↔b,i↔i,s↔s,i↔i,k↔k,l↔∅,e↔∅,t↔∅,a↔a, LC End vowel english /ʌ/? CL: english neutralization of last vowel",LC End vowel english /ʌ/? CL: english neutralization of last vowel,bicicleta,bisiˈkleta,bisika,"b↔b,i↔i,s↔s,i↔i,k↔k,l↔∅,e↔∅,t↔∅,a↔a",1.0
2020-10-21,47,1,"IPA Target ↔ IPA Actual; Orthography (Group), IPA Target (Group), IPA Actual (Group), Alignment (Group), Notes (Group)","(6...7) ↔ (0...0); (0...9), (0...10), (0...6), (0...35), (0...66)",l,,l:O↔∅,"l ↔ ∅; bicicleta, bisiˈkleta, bisika, b↔b,i↔i,s↔s,i↔i,k↔k,l↔∅,e↔∅,t↔∅,a↔a, LC End vowel english /ʌ/? CL: english neutralization of last vowel",S401.S401_EFE-A_Pre_05_20_2024.csv,Queries_Target_v2,Consonants,Pre,Spanish,S401,S401,EFE-A,Pre,l ↔ ∅,"bicicleta, bisiˈkleta, bisika, b↔b,i↔i,s↔s,i↔i,k↔k,l↔∅,e↔∅,t↔∅,a↔a, LC End vowel english /ʌ/? CL: english neutralization of last vowel",LC End vowel english /ʌ/? CL: english neutralization of last vowel,bicicleta,bisiˈkleta,bisika,"b↔b,i↔i,s↔s,i↔i,k↔k,l↔∅,e↔∅,t↔∅,a↔a",0.0
2020-10-21,47,1,"IPA Target ↔ IPA Actual; Orthography (Group), IPA Target (Group), IPA Actual (Group), Alignment (Group), Notes (Group)","(8...9) ↔ (0...0); (0...9), (0...10), (0...6), (0...35), (0...66)",t,,t:O↔∅,"t ↔ ∅; bicicleta, bisiˈkleta, bisika, b↔b,i↔i,s↔s,i↔i,k↔k,l↔∅,e↔∅,t↔∅,a↔a, LC End vowel english /ʌ/? CL: english neutralization of last vowel",S401.S401_EFE-A_Pre_05_20_2024.csv,Queries_Target_v2,Consonants,Pre,Spanish,S401,S401,EFE-A,Pre,t ↔ ∅,"bicicleta, bisiˈkleta, bisika, b↔b,i↔i,s↔s,i↔i,k↔k,l↔∅,e↔∅,t↔∅,a↔a, LC End vowel english /ʌ/? CL: english neutralization of last vowel",LC End vowel english /ʌ/? CL: english neutralization of last vowel,bicicleta,bisiˈkleta,bisika,"b↔b,i↔i,s↔s,i↔i,k↔k,l↔∅,e↔∅,t↔∅,a↔a",0.0
2020-10-21,48,1,"IPA Target ↔ IPA Actual; Orthography (Group), IPA Target (Group), IPA Actual (Group), Alignment (Group), Notes (Group)","(1...2) ↔ (0...1); (0...6), (0...7), (0...6), (0...23), (0...58)",k,k,k:O↔k:O,"k ↔ k; cuarto, ˈkwaɾto, kwaɾto, k↔k,w↔w,a↔a,ɾ↔ɾ,t↔t,o↔o, LC KR check that rhotic-tap instead of trill CL: english r",S401.S401_EFE-A_Pre_05_20_2024.csv,Queries_Target_v2,Consonants,Pre,Spanish,S401,S401,EFE-A,Pre,k ↔ k,"cuarto, ˈkwaɾto, kwaɾto, k↔k,w↔w,a↔a,ɾ↔ɾ,t↔t,o↔o, LC KR check that rhotic-tap instead of trill CL: english r",LC KR check that rhotic-tap instead of trill CL: english r,cuarto,ˈkwaɾto,kwaɾto,"k↔k,w↔w,a↔a,ɾ↔ɾ,t↔t,o↔o",1.0
2020-10-21,48,1,"IPA Target ↔ IPA Actual; Orthography (Group), IPA Target (Group), IPA Actual (Group), Alignment (Group), Notes (Group)","(2...3) ↔ (1...2); (0...6), (0...7), (0...6), (0...23), (0...58)",w,w,w:O↔w:O,"w ↔ w; cuarto, ˈkwaɾto, kwaɾto, k↔k,w↔w,a↔a,ɾ↔ɾ,t↔t,o↔o, LC KR check that rhotic-tap instead of trill CL: english r",S401.S401_EFE-A_Pre_05_20_2024.csv,Queries_Target_v2,Consonants,Pre,Spanish,S401,S401,EFE-A,Pre,w ↔ w,"cuarto, ˈkwaɾto, kwaɾto, k↔k,w↔w,a↔a,ɾ↔ɾ,t↔t,o↔o, LC KR check that rhotic-tap instead of trill CL: english r",LC KR check that rhotic-tap instead of trill CL: english r,cuarto,ˈkwaɾto,kwaɾto,"k↔k,w↔w,a↔a,ɾ↔ɾ,t↔t,o↔o",1.0
2020-10-21,48,1,"IPA Target ↔ IPA Actual; Orthography (Group), IPA Target (Group), IPA Actual (Group), Alignment (Group), Notes (Group)","(4...5) ↔ (3...4); (0...6), (0...7), (0...6), (0...23), (0...58)",ɾ,ɾ,ɾ:C↔ɾ:C,"ɾ ↔ ɾ; cuarto, ˈkwaɾto, kwaɾto, k↔k,w↔w,a↔a,ɾ↔ɾ,t↔t,o↔o, LC KR check that rhotic-tap instead of trill CL: english r",S401.S401_EFE-A_Pre_05_20_2024.csv,Queries_Target_v2,Consonants,Pre,Spanish,S401,S401,EFE-A,Pre,ɾ ↔ ɾ,"cuarto, ˈkwaɾto, kwaɾto, k↔k,w↔w,a↔a,ɾ↔ɾ,t↔t,o↔o, LC KR check that rhotic-tap instead of trill CL: english r",LC KR check that rhotic-tap instead of trill CL: english r,cuarto,ˈkwaɾto,kwaɾto,"k↔k,w↔w,a↔a,ɾ↔ɾ,t↔t,o↔o",1.0
2020-10-21,48,1,"IPA Target ↔ IPA Actual; Orthography (Group), IPA Target (Group), IPA Actual (Group), Alignment (Group), Notes (Group)","(5...6) ↔ (4...5); (0...6), (0...7), (0...6), (0...23), (0...58)",t,t,t:O↔t:O,"t ↔ t; cuarto, ˈkwaɾto, kwaɾto, k↔k,w↔w,a↔a,ɾ↔ɾ,t↔t,o↔o, LC KR check that rhotic-tap instead of trill CL: english r",S401.S401_EFE-A_Pre_05_20_2024.csv,Queries_Target_v2,Consonants,Pre,Spanish,S401,S401,EFE-A,Pre,t ↔ t,"cuarto, ˈkwaɾto, kwaɾto, k↔k,w↔w,a↔a,ɾ↔ɾ,t↔t,o↔o, LC KR check that rhotic-tap instead of trill CL: english r",LC KR check that rhotic-tap instead of trill CL: english r,cuarto,ˈkwaɾto,kwaɾto,"k↔k,w↔w,a↔a,ɾ↔ɾ,t↔t,o↔o",1.0
2020-10-21,49,1,"IPA Target ↔ IPA Actual; Orthography (Group), IPA Target (Group), IPA Actual (Group), Alignment (Group), Notes (Group)","(1...2) ↔ (0...1); (0...5), (0...5), (0...4), (0...16), (0...72)",w,w,w:O↔w:O,"w ↔ w; hueso, ˈweso, wesʲ, w↔w,e↔e,s↔sʲ,o↔∅, LC KR that /s/ is more of an interdental production than /ʃ/--> /wes̪͆o/",S401.S401_EFE-A_Pre_05_20_2024.csv,Queries_Target_v2,Consonants,Pre,Spanish,S401,S401,EFE-A,Pre,w ↔ w,"hueso, ˈweso, wesʲ, w↔w,e↔e,s↔sʲ,o↔∅, LC KR that /s/ is more of an interdental production than /ʃ/--> /wes̪͆o/",LC KR that /s/ is more of an interdental production than /ʃ/--> /wes̪͆o/,hueso,ˈweso,wesʲ,"w↔w,e↔e,s↔sʲ,o↔∅",1.0
2020-10-21,49,1,"IPA Target ↔ IPA Actual; Orthography (Group), IPA Target (Group), IPA Actual (Group), Alignment (Group), Notes (Group)","(3...4) ↔ (2...4); (0...5), (0...5), (0...4), (0...16), (0...72)",s,sʲ,s:O↔sʲ:C,"s ↔ sʲ; hueso, ˈweso, wesʲ, w↔w,e↔e,s↔sʲ,o↔∅, LC KR that /s/ is more of an interdental production than /ʃ/--> /wes̪͆o/",S401.S401_EFE-A_Pre_05_20_2024.csv,Queries_Target_v2,Consonants,Pre,Spanish,S401,S401,EFE-A,Pre,s ↔ sʲ,"hueso, ˈweso, wesʲ, w↔w,e↔e,s↔sʲ,o↔∅, LC KR that /s/ is more of an interdental production than /ʃ/--> /wes̪͆o/",LC KR that /s/ is more of an interdental production than /ʃ/--> /wes̪͆o/,hueso,ˈweso,wesʲ,"w↔w,e↔e,s↔sʲ,o↔∅",0.7058823529411765
2020-10-21,50,1,"IPA Target ↔ IPA Actual; Orthography (Group), IPA Target (Group), IPA Actual (Group), Alignment (Group), Notes (Group)","(0...1) ↔ (0...1); (0...7), (0...8), (0...7), (0...27), (0...2)",k,k,k:O↔k:O,"k ↔ k; campana, kamˈpana, kambana, k↔k,a↔a,m↔m,p↔b,a↔a,n↔n,a↔a, LC",S401.S401_EFE-A_Pre_05_20_2024.csv,Queries_Target_v2,Consonants,Pre,Spanish,S401,S401,EFE-A,Pre,k ↔ k,"campana, kamˈpana, kambana, k↔k,a↔a,m↔m,p↔b,a↔a,n↔n,a↔a, LC",LC,campana,kamˈpana,kambana,"k↔k,a↔a,m↔m,p↔b,a↔a,n↔n,a↔a",1.0
2020-10-21,50,1,"IPA Target ↔ IPA Actual; Orthography (Group), IPA Target (Group), IPA Actual (Group), Alignment (Group), Notes (Group)","(2...3) ↔ (2...3); (0...7), (0...8), (0...7), (0...27), (0...2)",m,m,m:C↔m:C,"m ↔ m; campana, kamˈpana, kambana, k↔k,a↔a,m↔m,p↔b,a↔a,n↔n,a↔a, LC",S401.S401_EFE-A_Pre_05_20_2024.csv,Queries_Target_v2,Consonants,Pre,Spanish,S401,S401,EFE-A,Pre,m ↔ m,"campana, kamˈpana, kambana, k↔k,a↔a,m↔m,p↔b,a↔a,n↔n,a↔a, LC",LC,campana,kamˈpana,kambana,"k↔k,a↔a,m↔m,p↔b,a↔a,n↔n,a↔a",1.0
2020-10-21,50,1,"IPA Target ↔ IPA Actual; Orthography (Group), IPA Target (Group), IPA Actual (Group), Alignment (Group), Notes (Group)","(4...5) ↔ (3...4); (0...7), (0...8), (0...7), (0...27), (0...2)",p,b,p:O↔b:O,"p ↔ b; campana, kamˈpana, kambana, k↔k,a↔a,m↔m,p↔b,a↔a,n↔n,a↔a, LC",S401.S401_EFE-A_Pre_05_20_2024.csv,Queries_Target_v2,Consonants,Pre,Spanish,S401,S401,EFE-A,Pre,p ↔ b,"campana, kamˈpana, kambana, k↔k,a↔a,m↔m,p↔b,a↔a,n↔n,a↔a, LC",LC,campana,kamˈpana,kambana,"k↔k,a↔a,m↔m,p↔b,a↔a,n↔n,a↔a",0.6470588235294118
2020-10-21,50,1,"IPA Target ↔ IPA Actual; Orthography (Group), IPA Target (Group), IPA Actual (Group), Alignment (Group), Notes (Group)","(6...7) ↔ (5...6); (0...7), (0...8), (0...7), (0...27), (0...2)",n,n,n:O↔n:O,"n ↔ n; campana, kamˈpana, kambana, k↔k,a↔a,m↔m,p↔b,a↔a,n↔n,a↔a, LC",S401.S401_EFE-A_Pre_05_20_2024.csv,Queries_Target_v2,Consonants,Pre,Spanish,S401,S401,EFE-A,Pre,n ↔ n,"campana, kamˈpana, kambana, k↔k,a↔a,m↔m,p↔b,a↔a,n↔n,a↔a, LC",LC,campana,kamˈpana,kambana,"k↔k,a↔a,m↔m,p↔b,a↔a,n↔n,a↔a",1.0
2020-10-21,51,1,"IPA Target ↔ IPA Actual; Orthography (Group), IPA Target (Group), IPA Actual (Group), Alignment (Group), Notes (Group)","(1...2) ↔ (0...1); (0...5), (0...6), (0...5), (0...19), (0...2)",k,k,k:O↔k:O,"k ↔ k; clavo, ˈklabo, kwabo, k↔k,l↔w,a↔a,b↔b,o↔o, LC",S401.S401_EFE-A_Pre_05_20_2024.csv,Queries_Target_v2,Consonants,Pre,Spanish,S401,S401,EFE-A,Pre,k ↔ k,"clavo, ˈklabo, kwabo, k↔k,l↔w,a↔a,b↔b,o↔o, LC",LC,clavo,ˈklabo,kwabo,"k↔k,l↔w,a↔a,b↔b,o↔o",1.0
2020-10-21,51,1,"IPA Target ↔ IPA Actual; Orthography (Group), IPA Target (Group), IPA Actual (Group), Alignment (Group), Notes (Group)","(2...3) ↔ (1...2); (0...5), (0...6), (0...5), (0...19), (0...2)",l,w,l:O↔w:O,"l ↔ w; clavo, ˈklabo, kwabo, k↔k,l↔w,a↔a,b↔b,o↔o, LC",S401.S401_EFE-A_Pre_05_20_2024.csv,Queries_Target_v2,Consonants,Pre,Spanish,S401,S401,EFE-A,Pre,l ↔ w,"clavo, ˈklabo, kwabo, k↔k,l↔w,a↔a,b↔b,o↔o, LC",LC,clavo,ˈklabo,kwabo,"k↔k,l↔w,a↔a,b↔b,o↔o",0.5
2020-10-21,51,1,"IPA Target ↔ IPA Actual; Orthography (Group), IPA Target (Group), IPA Actual (Group), Alignment (Group), Notes (Group)","(4...5) ↔ (3...4); (0...5), (0...6), (0...5), (0...19), (0...2)",b,b,b:O↔b:O,"b ↔ b; clavo, ˈklabo, kwabo, k↔k,l↔w,a↔a,b↔b,o↔o, LC",S401.S401_EFE-A_Pre_05_20_2024.csv,Queries_Target_v2,Consonants,Pre,Spanish,S401,S401,EFE-A,Pre,b ↔ b,"clavo, ˈklabo, kwabo, k↔k,l↔w,a↔a,b↔b,o↔o, LC",LC,clavo,ˈklabo,kwabo,"k↔k,l↔w,a↔a,b↔b,o↔o",1.0
2020-10-21,52,1,"IPA Target ↔ IPA Actual; Orthography (Group), IPA Target (Group), IPA Actual (Group), Alignment (Group), Notes (Group)","(1...2) ↔ (0...0); (0...5), (0...6), (0...4), (0...19), (0...15)",d,,d:O↔∅,"d ↔ ∅; dieta, ˈdjeta, jeta, d↔∅,j↔j,e↔e,t↔t,a↔a, LC KR-diphthong",S401.S401_EFE-A_Pre_05_20_2024.csv,Queries_Target_v2,Consonants,Pre,Spanish,S401,S401,EFE-A,Pre,d ↔ ∅,"dieta, ˈdjeta, jeta, d↔∅,j↔j,e↔e,t↔t,a↔a, LC KR-diphthong",LC KR-diphthong,dieta,ˈdjeta,jeta,"d↔∅,j↔j,e↔e,t↔t,a↔a",0.0
2020-10-21,52,1,"IPA Target ↔ IPA Actual; Orthography (Group), IPA Target (Group), IPA Actual (Group), Alignment (Group), Notes (Group)","(2...3) ↔ (0...1); (0...5), (0...6), (0...4), (0...19), (0...15)",j,j,j:O↔j:O,"j ↔ j; dieta, ˈdjeta, jeta, d↔∅,j↔j,e↔e,t↔t,a↔a, LC KR-diphthong",S401.S401_EFE-A_Pre_05_20_2024.csv,Queries_Target_v2,Consonants,Pre,Spanish,S401,S401,EFE-A,Pre,j ↔ j,"dieta, ˈdjeta, jeta, d↔∅,j↔j,e↔e,t↔t,a↔a, LC KR-diphthong",LC KR-diphthong,dieta,ˈdjeta,jeta,"d↔∅,j↔j,e↔e,t↔t,a↔a",1.0
2020-10-21,52,1,"IPA Target ↔ IPA Actual; Orthography (Group), IPA Target (Group), IPA Actual (Group), Alignment (Group), Notes (Group)","(4...5) ↔ (2...3); (0...5), (0...6), (0...4), (0...19), (0...15)",t,t,t:O↔t:O,"t ↔ t; dieta, ˈdjeta, jeta, d↔∅,j↔j,e↔e,t↔t,a↔a, LC KR-diphthong",S401.S401_EFE-A_Pre_05_20_2024.csv,Queries_Target_v2,Consonants,Pre,Spanish,S401,S401,EFE-A,Pre,t ↔ t,"dieta, ˈdjeta, jeta, d↔∅,j↔j,e↔e,t↔t,a↔a, LC KR-diphthong",LC KR-diphthong,dieta,ˈdjeta,jeta,"d↔∅,j↔j,e↔e,t↔t,a↔a",1.0
2020-10-21,53,1,"IPA Target ↔ IPA Actual; Orthography (Group), IPA Target (Group), IPA Actual (Group), Alignment (Group), Notes (Group)","(2...3) ↔ (0...0); (0...4), (0...5), (0...4), (0...16), (0...2)",ɡ,,ɡ:O↔∅,"ɡ ↔ ∅; agua, ˈaɡwa, ab͈a, a↔a,ɡ↔∅,w↔b͈,a↔a, LC",S401.S401_EFE-A_Pre_05_20_2024.csv,Queries_Target_v2,Consonants,Pre,Spanish,S401,S401,EFE-A,Pre,ɡ ↔ ∅,"agua, ˈaɡwa, ab͈a, a↔a,ɡ↔∅,w↔b͈,a↔a, LC",LC,agua,ˈaɡwa,ab͈a,"a↔a,ɡ↔∅,w↔b͈,a↔a",0.0
2020-10-21,53,1,"IPA Target ↔ IPA Actual; Orthography (Group), IPA Target (Group), IPA Actual (Group), Alignment (Group), Notes (Group)","(3...4) ↔ (1...3); (0...4), (0...5), (0...4), (0...16), (0...2)",w,b͈,w:O↔b͈:O,"w ↔ b͈; agua, ˈaɡwa, ab͈a, a↔a,ɡ↔∅,w↔b͈,a↔a, LC",S401.S401_EFE-A_Pre_05_20_2024.csv,Queries_Target_v2,Consonants,Pre,Spanish,S401,S401,EFE-A,Pre,w ↔ b͈,"agua, ˈaɡwa, ab͈a, a↔a,ɡ↔∅,w↔b͈,a↔a, LC",LC,agua,ˈaɡwa,ab͈a,"a↔a,ɡ↔∅,w↔b͈,a↔a",0.5
2020-10-21,54,1,"IPA Target ↔ IPA Actual; Orthography (Group), IPA Target (Group), IPA Actual (Group), Alignment (Group), Notes (Group)","(2...3) ↔ (2...3); (0...4), (0...5), (0...5), (0...16), (0...3)",l,l,l:C↔l:C,"l ↔ l; alto, ˈalto, aːldo, a↔aː,l↔l,t↔d,o↔o, LC ",S401.S401_EFE-A_Pre_05_20_2024.csv,Queries_Target_v2,Consonants,Pre,Spanish,S401,S401,EFE-A,Pre,l ↔ l,"alto, ˈalto, aːldo, a↔aː,l↔l,t↔d,o↔o, LC",LC ,alto,ˈalto,aːldo,"a↔aː,l↔l,t↔d,o↔o",1.0
2020-10-21,54,1,"IPA Target ↔ IPA Actual; Orthography (Group), IPA Target (Group), IPA Actual (Group), Alignment (Group), Notes (Group)","(3...4) ↔ (3...4); (0...4), (0...5), (0...5), (0...16), (0...3)",t,d,t:O↔d:O,"t ↔ d; alto, ˈalto, aːldo, a↔aː,l↔l,t↔d,o↔o, LC ",S401.S401_EFE-A_Pre_05_20_2024.csv,Queries_Target_v2,Consonants,Pre,Spanish,S401,S401,EFE-A,Pre,t ↔ d,"alto, ˈalto, aːldo, a↔aː,l↔l,t↔d,o↔o, LC",LC ,alto,ˈalto,aːldo,"a↔aː,l↔l,t↔d,o↔o",0.6470588235294118
2020-10-21,55,1,"IPA Target ↔ IPA Actual; Orthography (Group), IPA Target (Group), IPA Actual (Group), Alignment (Group), Notes (Group)","(0...1) ↔ (0...1); (0...10), (0...11), (0...9), (0...39), (0...3)",k,k,k:O↔k:O,"k ↔ k; calcetines, kalseˈtines, kasetineʪ, k↔k,a↔a,l↔∅,s↔s,e↔e,t↔t,i↔i,n↔n,e↔e,s↔ʪ, LC ",S401.S401_EFE-A_Pre_05_20_2024.csv,Queries_Target_v2,Consonants,Pre,Spanish,S401,S401,EFE-A,Pre,k ↔ k,"calcetines, kalseˈtines, kasetineʪ, k↔k,a↔a,l↔∅,s↔s,e↔e,t↔t,i↔i,n↔n,e↔e,s↔ʪ, LC",LC ,calcetines,kalseˈtines,kasetineʪ,"k↔k,a↔a,l↔∅,s↔s,e↔e,t↔t,i↔i,n↔n,e↔e,s↔ʪ",1.0
2020-10-21,55,1,"IPA Target ↔ IPA Actual; Orthography (Group), IPA Target (Group), IPA Actual (Group), Alignment (Group), Notes (Group)","(2...3) ↔ (0...0); (0...10), (0...11), (0...9), (0...39), (0...3)",l,,l:C↔∅,"l ↔ ∅; calcetines, kalseˈtines, kasetineʪ, k↔k,a↔a,l↔∅,s↔s,e↔e,t↔t,i↔i,n↔n,e↔e,s↔ʪ, LC ",S401.S401_EFE-A_Pre_05_20_2024.csv,Queries_Target_v2,Consonants,Pre,Spanish,S401,S401,EFE-A,Pre,l ↔ ∅,"calcetines, kalseˈtines, kasetineʪ, k↔k,a↔a,l↔∅,s↔s,e↔e,t↔t,i↔i,n↔n,e↔e,s↔ʪ, LC",LC ,calcetines,kalseˈtines,kasetineʪ,"k↔k,a↔a,l↔∅,s↔s,e↔e,t↔t,i↔i,n↔n,e↔e,s↔ʪ",0.0
2020-10-21,55,1,"IPA Target ↔ IPA Actual; Orthography (Group), IPA Target (Group), IPA Actual (Group), Alignment (Group), Notes (Group)","(3...4) ↔ (2...3); (0...10), (0...11), (0...9), (0...39), (0...3)",s,s,s:O↔s:O,"s ↔ s; calcetines, kalseˈtines, kasetineʪ, k↔k,a↔a,l↔∅,s↔s,e↔e,t↔t,i↔i,n↔n,e↔e,s↔ʪ, LC ",S401.S401_EFE-A_Pre_05_20_2024.csv,Queries_Target_v2,Consonants,Pre,Spanish,S401,S401,EFE-A,Pre,s ↔ s,"calcetines, kalseˈtines, kasetineʪ, k↔k,a↔a,l↔∅,s↔s,e↔e,t↔t,i↔i,n↔n,e↔e,s↔ʪ, LC",LC ,calcetines,kalseˈtines,kasetineʪ,"k↔k,a↔a,l↔∅,s↔s,e↔e,t↔t,i↔i,n↔n,e↔e,s↔ʪ",1.0
2020-10-21,55,1,"IPA Target ↔ IPA Actual; Orthography (Group), IPA Target (Group), IPA Actual (Group), Alignment (Group), Notes (Group)","(6...7) ↔ (4...5); (0...10), (0...11), (0...9), (0...39), (0...3)",t,t,t:O↔t:O,"t ↔ t; calcetines, kalseˈtines, kasetineʪ, k↔k,a↔a,l↔∅,s↔s,e↔e,t↔t,i↔i,n↔n,e↔e,s↔ʪ, LC ",S401.S401_EFE-A_Pre_05_20_2024.csv,Queries_Target_v2,Consonants,Pre,Spanish,S401,S401,EFE-A,Pre,t ↔ t,"calcetines, kalseˈtines, kasetineʪ, k↔k,a↔a,l↔∅,s↔s,e↔e,t↔t,i↔i,n↔n,e↔e,s↔ʪ, LC",LC ,calcetines,kalseˈtines,kasetineʪ,"k↔k,a↔a,l↔∅,s↔s,e↔e,t↔t,i↔i,n↔n,e↔e,s↔ʪ",1.0
2020-10-21,55,1,"IPA Target ↔ IPA Actual; Orthography (Group), IPA Target (Group), IPA Actual (Group), Alignment (Group), Notes (Group)","(8...9) ↔ (6...7); (0...10), (0...11), (0...9), (0...39), (0...3)",n,n,n:O↔n:O,"n ↔ n; calcetines, kalseˈtines, kasetineʪ, k↔k,a↔a,l↔∅,s↔s,e↔e,t↔t,i↔i,n↔n,e↔e,s↔ʪ, LC ",S401.S401_EFE-A_Pre_05_20_2024.csv,Queries_Target_v2,Consonants,Pre,Spanish,S401,S401,EFE-A,Pre,n ↔ n,"calcetines, kalseˈtines, kasetineʪ, k↔k,a↔a,l↔∅,s↔s,e↔e,t↔t,i↔i,n↔n,e↔e,s↔ʪ, LC",LC ,calcetines,kalseˈtines,kasetineʪ,"k↔k,a↔a,l↔∅,s↔s,e↔e,t↔t,i↔i,n↔n,e↔e,s↔ʪ",1.0
2020-10-21,55,1,"IPA Target ↔ IPA Actual; Orthography (Group), IPA Target (Group), IPA Actual (Group), Alignment (Group), Notes (Group)","(10...11) ↔ (8...9); (0...10), (0...11), (0...9), (0...39), (0...3)",s,ʪ,s:C↔ʪ:C,"s ↔ ʪ; calcetines, kalseˈtines, kasetineʪ, k↔k,a↔a,l↔∅,s↔s,e↔e,t↔t,i↔i,n↔n,e↔e,s↔ʪ, LC ",S401.S401_EFE-A_Pre_05_20_2024.csv,Queries_Target_v2,Consonants,Pre,Spanish,S401,S401,EFE-A,Pre,s ↔ ʪ,"calcetines, kalseˈtines, kasetineʪ, k↔k,a↔a,l↔∅,s↔s,e↔e,t↔t,i↔i,n↔n,e↔e,s↔ʪ, LC",LC ,calcetines,kalseˈtines,kasetineʪ,"k↔k,a↔a,l↔∅,s↔s,e↔e,t↔t,i↔i,n↔n,e↔e,s↔ʪ",0.7058823529411765
2020-10-21,56,1,"IPA Target ↔ IPA Actual; Orthography (Group), IPA Target (Group), IPA Actual (Group), Alignment (Group), Notes (Group)","(1...2) ↔ (0...1); (0...5), (0...5), (0...4), (0...15), (0...28)",ʧ,ʧ,ʧ:O↔ʧ:O,"ʧ ↔ ʧ; chino, ˈʧino, ʧino, ʧ↔ʧ,i↔i,n↔n,o↔o, LC 3/3 KR /ʦ/ instead of /ʃ/",S401.S401_EFE-A_Pre_05_20_2024.csv,Queries_Target_v2,Consonants,Pre,Spanish,S401,S401,EFE-A,Pre,ʧ ↔ ʧ,"chino, ˈʧino, ʧino, ʧ↔ʧ,i↔i,n↔n,o↔o, LC 3/3 KR /ʦ/ instead of /ʃ/",LC 3/3 KR /ʦ/ instead of /ʃ/,chino,ˈʧino,ʧino,"ʧ↔ʧ,i↔i,n↔n,o↔o",1.0
2020-10-21,56,1,"IPA Target ↔ IPA Actual; Orthography (Group), IPA Target (Group), IPA Actual (Group), Alignment (Group), Notes (Group)","(3...4) ↔ (2...3); (0...5), (0...5), (0...4), (0...15), (0...28)",n,n,n:O↔n:O,"n ↔ n; chino, ˈʧino, ʧino, ʧ↔ʧ,i↔i,n↔n,o↔o, LC 3/3 KR /ʦ/ instead of /ʃ/",S401.S401_EFE-A_Pre_05_20_2024.csv,Queries_Target_v2,Consonants,Pre,Spanish,S401,S401,EFE-A,Pre,n ↔ n,"chino, ˈʧino, ʧino, ʧ↔ʧ,i↔i,n↔n,o↔o, LC 3/3 KR /ʦ/ instead of /ʃ/",LC 3/3 KR /ʦ/ instead of /ʃ/,chino,ˈʧino,ʧino,"ʧ↔ʧ,i↔i,n↔n,o↔o",1.0
2020-10-21,57,1,"IPA Target ↔ IPA Actual; Orthography (Group), IPA Target (Group), IPA Actual (Group), Alignment (Group), Notes (Group)","(1...2) ↔ (1...2); (0...8), (0...8), (0...7), (0...27), (0...2)",m,m,m:O↔m:O,"m ↔ m; amarillo, amaˈɾiʝo, amariʝo, a↔a,m↔m,a↔a,ɾ↔r,i↔i,ʝ↔ʝ,o↔o, LC",S401.S401_EFE-A_Pre_05_20_2024.csv,Queries_Target_v2,Consonants,Pre,Spanish,S401,S401,EFE-A,Pre,m ↔ m,"amarillo, amaˈɾiʝo, amariʝo, a↔a,m↔m,a↔a,ɾ↔r,i↔i,ʝ↔ʝ,o↔o, LC",LC,amarillo,amaˈɾiʝo,amariʝo,"a↔a,m↔m,a↔a,ɾ↔r,i↔i,ʝ↔ʝ,o↔o",1.0
2020-10-21,57,1,"IPA Target ↔ IPA Actual; Orthography (Group), IPA Target (Group), IPA Actual (Group), Alignment (Group), Notes (Group)","(4...5) ↔ (3...4); (0...8), (0...8), (0...7), (0...27), (0...2)",ɾ,r,ɾ:O↔r:O,"ɾ ↔ r; amarillo, amaˈɾiʝo, amariʝo, a↔a,m↔m,a↔a,ɾ↔r,i↔i,ʝ↔ʝ,o↔o, LC",S401.S401_EFE-A_Pre_05_20_2024.csv,Queries_Target_v2,Consonants,Pre,Spanish,S401,S401,EFE-A,Pre,ɾ ↔ r,"amarillo, amaˈɾiʝo, amariʝo, a↔a,m↔m,a↔a,ɾ↔r,i↔i,ʝ↔ʝ,o↔o, LC",LC,amarillo,amaˈɾiʝo,amariʝo,"a↔a,m↔m,a↔a,ɾ↔r,i↔i,ʝ↔ʝ,o↔o",0.7058823529411765
2020-10-21,57,1,"IPA Target ↔ IPA Actual; Orthography (Group), IPA Target (Group), IPA Actual (Group), Alignment (Group), Notes (Group)","(6...7) ↔ (5...6); (0...8), (0...8), (0...7), (0...27), (0...2)",ʝ,ʝ,ʝ:O↔ʝ:O,"ʝ ↔ ʝ; amarillo, amaˈɾiʝo, amariʝo, a↔a,m↔m,a↔a,ɾ↔r,i↔i,ʝ↔ʝ,o↔o, LC",S401.S401_EFE-A_Pre_05_20_2024.csv,Queries_Target_v2,Consonants,Pre,Spanish,S401,S401,EFE-A,Pre,ʝ ↔ ʝ,"amarillo, amaˈɾiʝo, amariʝo, a↔a,m↔m,a↔a,ɾ↔r,i↔i,ʝ↔ʝ,o↔o, LC",LC,amarillo,amaˈɾiʝo,amariʝo,"a↔a,m↔m,a↔a,ɾ↔r,i↔i,ʝ↔ʝ,o↔o",1.0
2020-10-21,58,1,"IPA Target ↔ IPA Actual; Orthography (Group), IPA Target (Group), IPA Actual (Group), Alignment (Group), Notes (Group)","(1...2) ↔ (0...1); (0...6), (0...6), (0...5), (0...23), (0...3)",k,k,k:O↔k:O,"k ↔ k; carros, ˈkaros, kado*, k↔k,a↔a,r↔d,o↔o,∅↔*,s↔∅, LC ",S401.S401_EFE-A_Pre_05_20_2024.csv,Queries_Target_v2,Consonants,Pre,Spanish,S401,S401,EFE-A,Pre,k ↔ k,"carros, ˈkaros, kado*, k↔k,a↔a,r↔d,o↔o,∅↔*,s↔∅, LC",LC ,carros,ˈkaros,kado*,"k↔k,a↔a,r↔d,o↔o,∅↔*,s↔∅",1.0
2020-10-21,58,1,"IPA Target ↔ IPA Actual; Orthography (Group), IPA Target (Group), IPA Actual (Group), Alignment (Group), Notes (Group)","(3...4) ↔ (2...3); (0...6), (0...6), (0...5), (0...23), (0...3)",r,d,r:O↔d:O,"r ↔ d; carros, ˈkaros, kado*, k↔k,a↔a,r↔d,o↔o,∅↔*,s↔∅, LC ",S401.S401_EFE-A_Pre_05_20_2024.csv,Queries_Target_v2,Consonants,Pre,Spanish,S401,S401,EFE-A,Pre,r ↔ d,"carros, ˈkaros, kado*, k↔k,a↔a,r↔d,o↔o,∅↔*,s↔∅, LC",LC ,carros,ˈkaros,kado*,"k↔k,a↔a,r↔d,o↔o,∅↔*,s↔∅",0.5882352941176471
2020-10-21,58,1,"IPA Target ↔ IPA Actual; Orthography (Group), IPA Target (Group), IPA Actual (Group), Alignment (Group), Notes (Group)","(5...6) ↔ (0...0); (0...6), (0...6), (0...5), (0...23), (0...3)",s,,s:C↔∅,"s ↔ ∅; carros, ˈkaros, kado*, k↔k,a↔a,r↔d,o↔o,∅↔*,s↔∅, LC ",S401.S401_EFE-A_Pre_05_20_2024.csv,Queries_Target_v2,Consonants,Pre,Spanish,S401,S401,EFE-A,Pre,s ↔ ∅,"carros, ˈkaros, kado*, k↔k,a↔a,r↔d,o↔o,∅↔*,s↔∅, LC",LC ,carros,ˈkaros,kado*,"k↔k,a↔a,r↔d,o↔o,∅↔*,s↔∅",0.0
2020-10-21,59,1,"IPA Target ↔ IPA Actual; Orthography (Group), IPA Target (Group), IPA Actual (Group), Alignment (Group), Notes (Group)","(1...2) ↔ (0...1); (0...4), (0...5), (0...4), (0...15), (0...3)",n,n,n:O↔n:O,"n ↔ n; nudo, ˈnudo, nudo, n↔n,u↔u,d↔d,o↔o, LC ",S401.S401_EFE-A_Pre_05_20_2024.csv,Queries_Target_v2,Consonants,Pre,Spanish,S401,S401,EFE-A,Pre,n ↔ n,"nudo, ˈnudo, nudo, n↔n,u↔u,d↔d,o↔o, LC",LC ,nudo,ˈnudo,nudo,"n↔n,u↔u,d↔d,o↔o",1.0
2020-10-21,59,1,"IPA Target ↔ IPA Actual; Orthography (Group), IPA Target (Group), IPA Actual (Group), Alignment (Group), Notes (Group)","(3...4) ↔ (2...3); (0...4), (0...5), (0...4), (0...15), (0...3)",d,d,d:O↔d:O,"d ↔ d; nudo, ˈnudo, nudo, n↔n,u↔u,d↔d,o↔o, LC ",S401.S401_EFE-A_Pre_05_20_2024.csv,Queries_Target_v2,Consonants,Pre,Spanish,S401,S401,EFE-A,Pre,d ↔ d,"nudo, ˈnudo, nudo, n↔n,u↔u,d↔d,o↔o, LC",LC ,nudo,ˈnudo,nudo,"n↔n,u↔u,d↔d,o↔o",1.0
2020-10-21,60,1,"IPA Target ↔ IPA Actual; Orthography (Group), IPA Target (Group), IPA Actual (Group), Alignment (Group), Notes (Group)","(0...1) ↔ (0...1); (0...3), (0...3), (0...4), (0...12), (0...21)",s,s,s:O↔s:O,"s ↔ s; sol, sol, solʳ, s↔s,o↔o,l↔lʳ, LC dental /s/--/s̪oː/",S401.S401_EFE-A_Pre_05_20_2024.csv,Queries_Target_v2,Consonants,Pre,Spanish,S401,S401,EFE-A,Pre,s ↔ s,"sol, sol, solʳ, s↔s,o↔o,l↔lʳ, LC dental /s/--/s̪oː/", LC dental /s/--/s̪oː/,sol,sol,solʳ,"s↔s,o↔o,l↔lʳ",1.0
2020-10-21,60,1,"IPA Target ↔ IPA Actual; Orthography (Group), IPA Target (Group), IPA Actual (Group), Alignment (Group), Notes (Group)","(2...3) ↔ (2...4); (0...3), (0...3), (0...4), (0...12), (0...21)",l,lʳ,l:C↔lʳ:C,"l ↔ lʳ; sol, sol, solʳ, s↔s,o↔o,l↔lʳ, LC dental /s/--/s̪oː/",S401.S401_EFE-A_Pre_05_20_2024.csv,Queries_Target_v2,Consonants,Pre,Spanish,S401,S401,EFE-A,Pre,l ↔ lʳ,"sol, sol, solʳ, s↔s,o↔o,l↔lʳ, LC dental /s/--/s̪oː/", LC dental /s/--/s̪oː/,sol,sol,solʳ,"s↔s,o↔o,l↔lʳ",0.7058823529411765
2020-10-21,61,1,"IPA Target ↔ IPA Actual; Orthography (Group), IPA Target (Group), IPA Actual (Group), Alignment (Group), Notes (Group)","(0...1) ↔ (0...1); (0...4), (0...4), (0...3), (0...15), (0...3)",s,s,s:O↔s:O,"s ↔ s; seis, sejs, seθ, s↔s,e↔e,j↔∅,s↔θ, LC ",S401.S401_EFE-A_Pre_05_20_2024.csv,Queries_Target_v2,Consonants,Pre,Spanish,S401,S401,EFE-A,Pre,s ↔ s,"seis, sejs, seθ, s↔s,e↔e,j↔∅,s↔θ, LC",LC ,seis,sejs,seθ,"s↔s,e↔e,j↔∅,s↔θ",1.0
2020-10-21,61,1,"IPA Target ↔ IPA Actual; Orthography (Group), IPA Target (Group), IPA Actual (Group), Alignment (Group), Notes (Group)","(2...3) ↔ (0...0); (0...4), (0...4), (0...3), (0...15), (0...3)",j,,j:N↔∅,"j ↔ ∅; seis, sejs, seθ, s↔s,e↔e,j↔∅,s↔θ, LC ",S401.S401_EFE-A_Pre_05_20_2024.csv,Queries_Target_v2,Consonants,Pre,Spanish,S401,S401,EFE-A,Pre,j ↔ ∅,"seis, sejs, seθ, s↔s,e↔e,j↔∅,s↔θ, LC",LC ,seis,sejs,seθ,"s↔s,e↔e,j↔∅,s↔θ",0.0
2020-10-21,61,1,"IPA Target ↔ IPA Actual; Orthography (Group), IPA Target (Group), IPA Actual (Group), Alignment (Group), Notes (Group)","(3...4) ↔ (2...3); (0...4), (0...4), (0...3), (0...15), (0...3)",s,θ,s:C↔θ:C,"s ↔ θ; seis, sejs, seθ, s↔s,e↔e,j↔∅,s↔θ, LC ",S401.S401_EFE-A_Pre_05_20_2024.csv,Queries_Target_v2,Consonants,Pre,Spanish,S401,S401,EFE-A,Pre,s ↔ θ,"seis, sejs, seθ, s↔s,e↔e,j↔∅,s↔θ, LC",LC ,seis,sejs,seθ,"s↔s,e↔e,j↔∅,s↔θ",0.7058823529411765
2020-10-21,62,1,"IPA Target ↔ IPA Actual; Orthography (Group), IPA Target (Group), IPA Actual (Group), Alignment (Group), Notes (Group)","(2...3) ↔ (1...2); (0...3), (0...4), (0...3), (0...11), (0...20)",ɲ,ɲ,ɲ:O↔ɲ:O,"ɲ ↔ ɲ; año, ˈaɲo, aɲo, a↔a,ɲ↔ɲ,o↔o, LC KR Check that /ʝ/",S401.S401_EFE-A_Pre_05_20_2024.csv,Queries_Target_v2,Consonants,Pre,Spanish,S401,S401,EFE-A,Pre,ɲ ↔ ɲ,"año, ˈaɲo, aɲo, a↔a,ɲ↔ɲ,o↔o, LC KR Check that /ʝ/",LC KR Check that /ʝ/,año,ˈaɲo,aɲo,"a↔a,ɲ↔ɲ,o↔o",1.0
2020-10-21,63,1,"IPA Target ↔ IPA Actual; Orthography (Group), IPA Target (Group), IPA Actual (Group), Alignment (Group), Notes (Group)","(0...1) ↔ (0...1); (0...8), (0...9), (0...8), (0...31), (0...48)",k,k,k:O↔k:O,"k ↔ k; camiseta, kamiˈseta, kamiθeta, k↔k,a↔a,m↔m,i↔i,s↔θ,e↔e,t↔t,a↔a, LC KR Check that /s/ again KC would /s/ be /s̪/?",S401.S401_EFE-A_Pre_05_20_2024.csv,Queries_Target_v2,Consonants,Pre,Spanish,S401,S401,EFE-A,Pre,k ↔ k,"camiseta, kamiˈseta, kamiθeta, k↔k,a↔a,m↔m,i↔i,s↔θ,e↔e,t↔t,a↔a, LC KR Check that /s/ again KC would /s/ be /s̪/?",LC KR Check that /s/ again KC would /s/ be /s̪/?,camiseta,kamiˈseta,kamiθeta,"k↔k,a↔a,m↔m,i↔i,s↔θ,e↔e,t↔t,a↔a",1.0
2020-10-21,63,1,"IPA Target ↔ IPA Actual; Orthography (Group), IPA Target (Group), IPA Actual (Group), Alignment (Group), Notes (Group)","(2...3) ↔ (2...3); (0...8), (0...9), (0...8), (0...31), (0...48)",m,m,m:O↔m:O,"m ↔ m; camiseta, kamiˈseta, kamiθeta, k↔k,a↔a,m↔m,i↔i,s↔θ,e↔e,t↔t,a↔a, LC KR Check that /s/ again KC would /s/ be /s̪/?",S401.S401_EFE-A_Pre_05_20_2024.csv,Queries_Target_v2,Consonants,Pre,Spanish,S401,S401,EFE-A,Pre,m ↔ m,"camiseta, kamiˈseta, kamiθeta, k↔k,a↔a,m↔m,i↔i,s↔θ,e↔e,t↔t,a↔a, LC KR Check that /s/ again KC would /s/ be /s̪/?",LC KR Check that /s/ again KC would /s/ be /s̪/?,camiseta,kamiˈseta,kamiθeta,"k↔k,a↔a,m↔m,i↔i,s↔θ,e↔e,t↔t,a↔a",1.0
2020-10-21,63,1,"IPA Target ↔ IPA Actual; Orthography (Group), IPA Target (Group), IPA Actual (Group), Alignment (Group), Notes (Group)","(5...6) ↔ (4...5); (0...8), (0...9), (0...8), (0...31), (0...48)",s,θ,s:O↔θ:O,"s ↔ θ; camiseta, kamiˈseta, kamiθeta, k↔k,a↔a,m↔m,i↔i,s↔θ,e↔e,t↔t,a↔a, LC KR Check that /s/ again KC would /s/ be /s̪/?",S401.S401_EFE-A_Pre_05_20_2024.csv,Queries_Target_v2,Consonants,Pre,Spanish,S401,S401,EFE-A,Pre,s ↔ θ,"camiseta, kamiˈseta, kamiθeta, k↔k,a↔a,m↔m,i↔i,s↔θ,e↔e,t↔t,a↔a, LC KR Check that /s/ again KC would /s/ be /s̪/?",LC KR Check that /s/ again KC would /s/ be /s̪/?,camiseta,kamiˈseta,kamiθeta,"k↔k,a↔a,m↔m,i↔i,s↔θ,e↔e,t↔t,a↔a",0.7058823529411765
2020-10-21,63,1,"IPA Target ↔ IPA Actual; Orthography (Group), IPA Target (Group), IPA Actual (Group), Alignment (Group), Notes (Group)","(7...8) ↔ (6...7); (0...8), (0...9), (0...8), (0...31), (0...48)",t,t,t:O↔t:O,"t ↔ t; camiseta, kamiˈseta, kamiθeta, k↔k,a↔a,m↔m,i↔i,s↔θ,e↔e,t↔t,a↔a, LC KR Check that /s/ again KC would /s/ be /s̪/?",S401.S401_EFE-A_Pre_05_20_2024.csv,Queries_Target_v2,Consonants,Pre,Spanish,S401,S401,EFE-A,Pre,t ↔ t,"camiseta, kamiˈseta, kamiθeta, k↔k,a↔a,m↔m,i↔i,s↔θ,e↔e,t↔t,a↔a, LC KR Check that /s/ again KC would /s/ be /s̪/?",LC KR Check that /s/ again KC would /s/ be /s̪/?,camiseta,kamiˈseta,kamiθeta,"k↔k,a↔a,m↔m,i↔i,s↔θ,e↔e,t↔t,a↔a",1.0
2020-10-21,64,1,"IPA Target ↔ IPA Actual; Orthography (Group), IPA Target (Group), IPA Actual (Group), Alignment (Group), Notes (Group)","(2...3) ↔ (1...3); (0...4), (0...5), (0...4), (0...16), (0...26)",s,sʲ,s:O↔sʲ:O,"s ↔ sʲ; azul, aˈsul, asʲu, a↔a,s↔sʲ,u↔u,l↔∅, LC Interdental /s/-->/s̪͆/",S401.S401_EFE-A_Pre_05_20_2024.csv,Queries_Target_v2,Consonants,Pre,Spanish,S401,S401,EFE-A,Pre,s ↔ sʲ,"azul, aˈsul, asʲu, a↔a,s↔sʲ,u↔u,l↔∅, LC Interdental /s/-->/s̪͆/",LC Interdental /s/-->/s̪͆/,azul,aˈsul,asʲu,"a↔a,s↔sʲ,u↔u,l↔∅",0.7058823529411765
2020-10-21,64,1,"IPA Target ↔ IPA Actual; Orthography (Group), IPA Target (Group), IPA Actual (Group), Alignment (Group), Notes (Group)","(4...5) ↔ (0...0); (0...4), (0...5), (0...4), (0...16), (0...26)",l,,l:C↔∅,"l ↔ ∅; azul, aˈsul, asʲu, a↔a,s↔sʲ,u↔u,l↔∅, LC Interdental /s/-->/s̪͆/",S401.S401_EFE-A_Pre_05_20_2024.csv,Queries_Target_v2,Consonants,Pre,Spanish,S401,S401,EFE-A,Pre,l ↔ ∅,"azul, aˈsul, asʲu, a↔a,s↔sʲ,u↔u,l↔∅, LC Interdental /s/-->/s̪͆/",LC Interdental /s/-->/s̪͆/,azul,aˈsul,asʲu,"a↔a,s↔sʲ,u↔u,l↔∅",0.0
2020-10-21,65,1,"IPA Target ↔ IPA Actual; Orthography (Group), IPA Target (Group), IPA Actual (Group), Alignment (Group), Notes (Group)","(1...2) ↔ (0...1); (0...4), (0...5), (0...4), (0...15), (0...29)",d,d,d:O↔d:O,"d ↔ d; dado, ˈdado, dado, d↔d,a↔a,d↔d,o↔o, LC KR only one vowel--> /do:/",S401.S401_EFE-A_Pre_05_20_2024.csv,Queries_Target_v2,Consonants,Pre,Spanish,S401,S401,EFE-A,Pre,d ↔ d,"dado, ˈdado, dado, d↔d,a↔a,d↔d,o↔o, LC KR only one vowel--> /do:/",LC KR only one vowel--> /do:/,dado,ˈdado,dado,"d↔d,a↔a,d↔d,o↔o",1.0
2020-10-21,65,1,"IPA Target ↔ IPA Actual; Orthography (Group), IPA Target (Group), IPA Actual (Group), Alignment (Group), Notes (Group)","(3...4) ↔ (2...3); (0...4), (0...5), (0...4), (0...15), (0...29)",d,d,d:O↔d:O,"d ↔ d; dado, ˈdado, dado, d↔d,a↔a,d↔d,o↔o, LC KR only one vowel--> /do:/",S401.S401_EFE-A_Pre_05_20_2024.csv,Queries_Target_v2,Consonants,Pre,Spanish,S401,S401,EFE-A,Pre,d ↔ d,"dado, ˈdado, dado, d↔d,a↔a,d↔d,o↔o, LC KR only one vowel--> /do:/",LC KR only one vowel--> /do:/,dado,ˈdado,dado,"d↔d,a↔a,d↔d,o↔o",1.0
2020-10-21,66,1,"IPA Target ↔ IPA Actual; Orthography (Group), IPA Target (Group), IPA Actual (Group), Alignment (Group), Notes (Group)","(1...2) ↔ (0...1); (0...5), (0...6), (0...3), (0...19), (0...21)",m,m,m:O↔m:O,"m ↔ m; miedo, ˈmjedo, mel, m↔m,j↔∅,e↔e,d↔l,o↔∅, LC 2/2 KR Two vowels?",S401.S401_EFE-A_Pre_05_20_2024.csv,Queries_Target_v2,Consonants,Pre,Spanish,S401,S401,EFE-A,Pre,m ↔ m,"miedo, ˈmjedo, mel, m↔m,j↔∅,e↔e,d↔l,o↔∅, LC 2/2 KR Two vowels?",LC 2/2 KR Two vowels?,miedo,ˈmjedo,mel,"m↔m,j↔∅,e↔e,d↔l,o↔∅",1.0
2020-10-21,66,1,"IPA Target ↔ IPA Actual; Orthography (Group), IPA Target (Group), IPA Actual (Group), Alignment (Group), Notes (Group)","(2...3) ↔ (0...0); (0...5), (0...6), (0...3), (0...19), (0...21)",j,,j:O↔∅,"j ↔ ∅; miedo, ˈmjedo, mel, m↔m,j↔∅,e↔e,d↔l,o↔∅, LC 2/2 KR Two vowels?",S401.S401_EFE-A_Pre_05_20_2024.csv,Queries_Target_v2,Consonants,Pre,Spanish,S401,S401,EFE-A,Pre,j ↔ ∅,"miedo, ˈmjedo, mel, m↔m,j↔∅,e↔e,d↔l,o↔∅, LC 2/2 KR Two vowels?",LC 2/2 KR Two vowels?,miedo,ˈmjedo,mel,"m↔m,j↔∅,e↔e,d↔l,o↔∅",0.0
2020-10-21,66,1,"IPA Target ↔ IPA Actual; Orthography (Group), IPA Target (Group), IPA Actual (Group), Alignment (Group), Notes (Group)","(4...5) ↔ (2...3); (0...5), (0...6), (0...3), (0...19), (0...21)",d,l,d:O↔l:C,"d ↔ l; miedo, ˈmjedo, mel, m↔m,j↔∅,e↔e,d↔l,o↔∅, LC 2/2 KR Two vowels?",S401.S401_EFE-A_Pre_05_20_2024.csv,Queries_Target_v2,Consonants,Pre,Spanish,S401,S401,EFE-A,Pre,d ↔ l,"miedo, ˈmjedo, mel, m↔m,j↔∅,e↔e,d↔l,o↔∅, LC 2/2 KR Two vowels?",LC 2/2 KR Two vowels?,miedo,ˈmjedo,mel,"m↔m,j↔∅,e↔e,d↔l,o↔∅",0.5882352941176471
2020-10-21,67,1,"IPA Target ↔ IPA Actual; Orthography (Group), IPA Target (Group), IPA Actual (Group), Alignment (Group), Notes (Group)","(1...2) ↔ (0...1); (0...6), (0...7), (0...5), (0...23), (0...2)",p,p,p:O↔p:O,"p ↔ p; puente, ˈpwente, pente, p↔p,w↔∅,e↔e,n↔n,t↔t,e↔e, LC",S401.S401_EFE-A_Pre_05_20_2024.csv,Queries_Target_v2,Consonants,Pre,Spanish,S401,S401,EFE-A,Pre,p ↔ p,"puente, ˈpwente, pente, p↔p,w↔∅,e↔e,n↔n,t↔t,e↔e, LC",LC,puente,ˈpwente,pente,"p↔p,w↔∅,e↔e,n↔n,t↔t,e↔e",1.0
2020-10-21,67,1,"IPA Target ↔ IPA Actual; Orthography (Group), IPA Target (Group), IPA Actual (Group), Alignment (Group), Notes (Group)","(2...3) ↔ (0...0); (0...6), (0...7), (0...5), (0...23), (0...2)",w,,w:O↔∅,"w ↔ ∅; puente, ˈpwente, pente, p↔p,w↔∅,e↔e,n↔n,t↔t,e↔e, LC",S401.S401_EFE-A_Pre_05_20_2024.csv,Queries_Target_v2,Consonants,Pre,Spanish,S401,S401,EFE-A,Pre,w ↔ ∅,"puente, ˈpwente, pente, p↔p,w↔∅,e↔e,n↔n,t↔t,e↔e, LC",LC,puente,ˈpwente,pente,"p↔p,w↔∅,e↔e,n↔n,t↔t,e↔e",0.0
2020-10-21,67,1,"IPA Target ↔ IPA Actual; Orthography (Group), IPA Target (Group), IPA Actual (Group), Alignment (Group), Notes (Group)","(4...5) ↔ (2...3); (0...6), (0...7), (0...5), (0...23), (0...2)",n,n,n:C↔n:C,"n ↔ n; puente, ˈpwente, pente, p↔p,w↔∅,e↔e,n↔n,t↔t,e↔e, LC",S401.S401_EFE-A_Pre_05_20_2024.csv,Queries_Target_v2,Consonants,Pre,Spanish,S401,S401,EFE-A,Pre,n ↔ n,"puente, ˈpwente, pente, p↔p,w↔∅,e↔e,n↔n,t↔t,e↔e, LC",LC,puente,ˈpwente,pente,"p↔p,w↔∅,e↔e,n↔n,t↔t,e↔e",1.0
2020-10-21,67,1,"IPA Target ↔ IPA Actual; Orthography (Group), IPA Target (Group), IPA Actual (Group), Alignment (Group), Notes (Group)","(5...6) ↔ (3...4); (0...6), (0...7), (0...5), (0...23), (0...2)",t,t,t:O↔t:O,"t ↔ t; puente, ˈpwente, pente, p↔p,w↔∅,e↔e,n↔n,t↔t,e↔e, LC",S401.S401_EFE-A_Pre_05_20_2024.csv,Queries_Target_v2,Consonants,Pre,Spanish,S401,S401,EFE-A,Pre,t ↔ t,"puente, ˈpwente, pente, p↔p,w↔∅,e↔e,n↔n,t↔t,e↔e, LC",LC,puente,ˈpwente,pente,"p↔p,w↔∅,e↔e,n↔n,t↔t,e↔e",1.0
2020-10-21,68,1,"IPA Target ↔ IPA Actual; Orthography (Group), IPA Target (Group), IPA Actual (Group), Alignment (Group), Notes (Group)","(0...1) ↔ (0...1); (0...3), (0...3), (0...3), (0...11), (0...3)",d,d,d:O↔d:O,"d ↔ d; dos, dos, das, d↔d,o↔a,s↔s, LC ",S401.S401_EFE-A_Pre_05_20_2024.csv,Queries_Target_v2,Consonants,Pre,Spanish,S401,S401,EFE-A,Pre,d ↔ d,"dos, dos, das, d↔d,o↔a,s↔s, LC",LC ,dos,dos,das,"d↔d,o↔a,s↔s",1.0
2020-10-21,68,1,"IPA Target ↔ IPA Actual; Orthography (Group), IPA Target (Group), IPA Actual (Group), Alignment (Group), Notes (Group)","(2...3) ↔ (2...3); (0...3), (0...3), (0...3), (0...11), (0...3)",s,s,s:C↔s:C,"s ↔ s; dos, dos, das, d↔d,o↔a,s↔s, LC ",S401.S401_EFE-A_Pre_05_20_2024.csv,Queries_Target_v2,Consonants,Pre,Spanish,S401,S401,EFE-A,Pre,s ↔ s,"dos, dos, das, d↔d,o↔a,s↔s, LC",LC ,dos,dos,das,"d↔d,o↔a,s↔s",1.0
2020-10-21,69,1,"IPA Target ↔ IPA Actual; Orthography (Group), IPA Target (Group), IPA Actual (Group), Alignment (Group), Notes (Group)","(1...2) ↔ (0...1); (0...4), (0...5), (0...4), (0...15), (0...79)",n,n,n:O↔n:O,"n ↔ n; niño, ˈniɲo, niɲo, n↔n,i↔i,ɲ↔ɲ,o↔o, LC KR-->make sure you are using IPA:) ñ is saying thats an extra nasal n --/ɲ/",S401.S401_EFE-A_Pre_05_20_2024.csv,Queries_Target_v2,Consonants,Pre,Spanish,S401,S401,EFE-A,Pre,n ↔ n,"niño, ˈniɲo, niɲo, n↔n,i↔i,ɲ↔ɲ,o↔o, LC KR-->make sure you are using IPA:) ñ is saying thats an extra nasal n --/ɲ/",LC KR-->make sure you are using IPA:) ñ is saying thats an extra nasal n --/ɲ/,niño,ˈniɲo,niɲo,"n↔n,i↔i,ɲ↔ɲ,o↔o",1.0
2020-10-21,69,1,"IPA Target ↔ IPA Actual; Orthography (Group), IPA Target (Group), IPA Actual (Group), Alignment (Group), Notes (Group)","(3...4) ↔ (2...3); (0...4), (0...5), (0...4), (0...15), (0...79)",ɲ,ɲ,ɲ:O↔ɲ:O,"ɲ ↔ ɲ; niño, ˈniɲo, niɲo, n↔n,i↔i,ɲ↔ɲ,o↔o, LC KR-->make sure you are using IPA:) ñ is saying thats an extra nasal n --/ɲ/",S401.S401_EFE-A_Pre_05_20_2024.csv,Queries_Target_v2,Consonants,Pre,Spanish,S401,S401,EFE-A,Pre,ɲ ↔ ɲ,"niño, ˈniɲo, niɲo, n↔n,i↔i,ɲ↔ɲ,o↔o, LC KR-->make sure you are using IPA:) ñ is saying thats an extra nasal n --/ɲ/",LC KR-->make sure you are using IPA:) ñ is saying thats an extra nasal n --/ɲ/,niño,ˈniɲo,niɲo,"n↔n,i↔i,ɲ↔ɲ,o↔o",1.0
2020-10-21,70,1,"IPA Target ↔ IPA Actual; Orthography (Group), IPA Target (Group), IPA Actual (Group), Alignment (Group), Notes (Group)","(1...2) ↔ (0...1); (0...5), (0...5), (0...4), (0...15), (0...2)",ʧ,ʧ,ʧ:O↔ʧ:O,"ʧ ↔ ʧ; chile, ˈʧile, ʧile, ʧ↔ʧ,i↔i,l↔l,e↔e, LC",S401.S401_EFE-A_Pre_05_20_2024.csv,Queries_Target_v2,Consonants,Pre,Spanish,S401,S401,EFE-A,Pre,ʧ ↔ ʧ,"chile, ˈʧile, ʧile, ʧ↔ʧ,i↔i,l↔l,e↔e, LC",LC,chile,ˈʧile,ʧile,"ʧ↔ʧ,i↔i,l↔l,e↔e",1.0
2020-10-21,70,1,"IPA Target ↔ IPA Actual; Orthography (Group), IPA Target (Group), IPA Actual (Group), Alignment (Group), Notes (Group)","(3...4) ↔ (2...3); (0...5), (0...5), (0...4), (0...15), (0...2)",l,l,l:O↔l:O,"l ↔ l; chile, ˈʧile, ʧile, ʧ↔ʧ,i↔i,l↔l,e↔e, LC",S401.S401_EFE-A_Pre_05_20_2024.csv,Queries_Target_v2,Consonants,Pre,Spanish,S401,S401,EFE-A,Pre,l ↔ l,"chile, ˈʧile, ʧile, ʧ↔ʧ,i↔i,l↔l,e↔e, LC",LC,chile,ˈʧile,ʧile,"ʧ↔ʧ,i↔i,l↔l,e↔e",1.0
2020-10-21,71,1,"IPA Target ↔ IPA Actual; Orthography (Group), IPA Target (Group), IPA Actual (Group), Alignment (Group), Notes (Group)","(0...1) ↔ (0...1); (0...5), (0...6), (0...5), (0...19), (0...2)",x,x,x:O↔x:O,"x ↔ x; jalar, xaˈlaɾ, xaleɾ, x↔x,a↔a,l↔l,a↔e,ɾ↔ɾ, LC",S401.S401_EFE-A_Pre_05_20_2024.csv,Queries_Target_v2,Consonants,Pre,Spanish,S401,S401,EFE-A,Pre,x ↔ x,"jalar, xaˈlaɾ, xaleɾ, x↔x,a↔a,l↔l,a↔e,ɾ↔ɾ, LC",LC,jalar,xaˈlaɾ,xaleɾ,"x↔x,a↔a,l↔l,a↔e,ɾ↔ɾ",1.0
2020-10-21,71,1,"IPA Target ↔ IPA Actual; Orthography (Group), IPA Target (Group), IPA Actual (Group), Alignment (Group), Notes (Group)","(3...4) ↔ (2...3); (0...5), (0...6), (0...5), (0...19), (0...2)",l,l,l:O↔l:O,"l ↔ l; jalar, xaˈlaɾ, xaleɾ, x↔x,a↔a,l↔l,a↔e,ɾ↔ɾ, LC",S401.S401_EFE-A_Pre_05_20_2024.csv,Queries_Target_v2,Consonants,Pre,Spanish,S401,S401,EFE-A,Pre,l ↔ l,"jalar, xaˈlaɾ, xaleɾ, x↔x,a↔a,l↔l,a↔e,ɾ↔ɾ, LC",LC,jalar,xaˈlaɾ,xaleɾ,"x↔x,a↔a,l↔l,a↔e,ɾ↔ɾ",1.0
2020-10-21,71,1,"IPA Target ↔ IPA Actual; Orthography (Group), IPA Target (Group), IPA Actual (Group), Alignment (Group), Notes (Group)","(5...6) ↔ (4...5); (0...5), (0...6), (0...5), (0...19), (0...2)",ɾ,ɾ,ɾ:C↔ɾ:C,"ɾ ↔ ɾ; jalar, xaˈlaɾ, xaleɾ, x↔x,a↔a,l↔l,a↔e,ɾ↔ɾ, LC",S401.S401_EFE-A_Pre_05_20_2024.csv,Queries_Target_v2,Consonants,Pre,Spanish,S401,S401,EFE-A,Pre,ɾ ↔ ɾ,"jalar, xaˈlaɾ, xaleɾ, x↔x,a↔a,l↔l,a↔e,ɾ↔ɾ, LC",LC,jalar,xaˈlaɾ,xaleɾ,"x↔x,a↔a,l↔l,a↔e,ɾ↔ɾ",1.0
2020-10-21,72,1,"IPA Target ↔ IPA Actual; Orthography (Group), IPA Target (Group), IPA Actual (Group), Alignment (Group), Notes (Group)","(1...2) ↔ (0...1); (0...6), (0...6), (0...5), (0...19), (0...2)",ʧ,ʧ,ʧ:O↔ʧ:O,"ʧ ↔ ʧ; chango, ˈʧanɡo, ʧando, ʧ↔ʧ,a↔a,n↔n,ɡ↔d,o↔o, LC",S401.S401_EFE-A_Pre_05_20_2024.csv,Queries_Target_v2,Consonants,Pre,Spanish,S401,S401,EFE-A,Pre,ʧ ↔ ʧ,"chango, ˈʧanɡo, ʧando, ʧ↔ʧ,a↔a,n↔n,ɡ↔d,o↔o, LC",LC,chango,ˈʧanɡo,ʧando,"ʧ↔ʧ,a↔a,n↔n,ɡ↔d,o↔o",1.0
2020-10-21,72,1,"IPA Target ↔ IPA Actual; Orthography (Group), IPA Target (Group), IPA Actual (Group), Alignment (Group), Notes (Group)","(3...4) ↔ (2...3); (0...6), (0...6), (0...5), (0...19), (0...2)",n,n,n:C↔n:C,"n ↔ n; chango, ˈʧanɡo, ʧando, ʧ↔ʧ,a↔a,n↔n,ɡ↔d,o↔o, LC",S401.S401_EFE-A_Pre_05_20_2024.csv,Queries_Target_v2,Consonants,Pre,Spanish,S401,S401,EFE-A,Pre,n ↔ n,"chango, ˈʧanɡo, ʧando, ʧ↔ʧ,a↔a,n↔n,ɡ↔d,o↔o, LC",LC,chango,ˈʧanɡo,ʧando,"ʧ↔ʧ,a↔a,n↔n,ɡ↔d,o↔o",1.0
2020-10-21,72,1,"IPA Target ↔ IPA Actual; Orthography (Group), IPA Target (Group), IPA Actual (Group), Alignment (Group), Notes (Group)","(4...5) ↔ (3...4); (0...6), (0...6), (0...5), (0...19), (0...2)",ɡ,d,ɡ:O↔d:O,"ɡ ↔ d; chango, ˈʧanɡo, ʧando, ʧ↔ʧ,a↔a,n↔n,ɡ↔d,o↔o, LC",S401.S401_EFE-A_Pre_05_20_2024.csv,Queries_Target_v2,Consonants,Pre,Spanish,S401,S401,EFE-A,Pre,ɡ ↔ d,"chango, ˈʧanɡo, ʧando, ʧ↔ʧ,a↔a,n↔n,ɡ↔d,o↔o, LC",LC,chango,ˈʧanɡo,ʧando,"ʧ↔ʧ,a↔a,n↔n,ɡ↔d,o↔o",0.7058823529411765
2020-10-21,73,1,"IPA Target ↔ IPA Actual; Orthography (Group), IPA Target (Group), IPA Actual (Group), Alignment (Group), Notes (Group)","(0...1) ↔ (0...1); (0...4), (0...5), (0...4), (0...15), (0...2)",s,s,s:O↔s:O,"s ↔ s; sofá, soˈfa, sofa, s↔s,o↔o,f↔f,a↔a, LC",S401.S401_EFE-A_Pre_05_20_2024.csv,Queries_Target_v2,Consonants,Pre,Spanish,S401,S401,EFE-A,Pre,s ↔ s,"sofá, soˈfa, sofa, s↔s,o↔o,f↔f,a↔a, LC",LC,sofá,soˈfa,sofa,"s↔s,o↔o,f↔f,a↔a",1.0
2020-10-21,73,1,"IPA Target ↔ IPA Actual; Orthography (Group), IPA Target (Group), IPA Actual (Group), Alignment (Group), Notes (Group)","(3...4) ↔ (2...3); (0...4), (0...5), (0...4), (0...15), (0...2)",f,f,f:O↔f:O,"f ↔ f; sofá, soˈfa, sofa, s↔s,o↔o,f↔f,a↔a, LC",S401.S401_EFE-A_Pre_05_20_2024.csv,Queries_Target_v2,Consonants,Pre,Spanish,S401,S401,EFE-A,Pre,f ↔ f,"sofá, soˈfa, sofa, s↔s,o↔o,f↔f,a↔a, LC",LC,sofá,soˈfa,sofa,"s↔s,o↔o,f↔f,a↔a",1.0
2020-10-21,74,1,"IPA Target ↔ IPA Actual; Orthography (Group), IPA Target (Group), IPA Actual (Group), Alignment (Group), Notes (Group)","(1...2) ↔ (0...1); (0...6), (0...7), (0...5), (0...23), (0...2)",k,k,k:O↔k:O,"k ↔ k; cuatro, ˈkwatɾo, kwato, k↔k,w↔w,a↔a,t↔t,ɾ↔∅,o↔o, LC",S401.S401_EFE-A_Pre_05_20_2024.csv,Queries_Target_v2,Consonants,Pre,Spanish,S401,S401,EFE-A,Pre,k ↔ k,"cuatro, ˈkwatɾo, kwato, k↔k,w↔w,a↔a,t↔t,ɾ↔∅,o↔o, LC",LC,cuatro,ˈkwatɾo,kwato,"k↔k,w↔w,a↔a,t↔t,ɾ↔∅,o↔o",1.0
2020-10-21,74,1,"IPA Target ↔ IPA Actual; Orthography (Group), IPA Target (Group), IPA Actual (Group), Alignment (Group), Notes (Group)","(2...3) ↔ (1...2); (0...6), (0...7), (0...5), (0...23), (0...2)",w,w,w:O↔w:O,"w ↔ w; cuatro, ˈkwatɾo, kwato, k↔k,w↔w,a↔a,t↔t,ɾ↔∅,o↔o, LC",S401.S401_EFE-A_Pre_05_20_2024.csv,Queries_Target_v2,Consonants,Pre,Spanish,S401,S401,EFE-A,Pre,w ↔ w,"cuatro, ˈkwatɾo, kwato, k↔k,w↔w,a↔a,t↔t,ɾ↔∅,o↔o, LC",LC,cuatro,ˈkwatɾo,kwato,"k↔k,w↔w,a↔a,t↔t,ɾ↔∅,o↔o",1.0
2020-10-21,74,1,"IPA Target ↔ IPA Actual; Orthography (Group), IPA Target (Group), IPA Actual (Group), Alignment (Group), Notes (Group)","(4...5) ↔ (3...4); (0...6), (0...7), (0...5), (0...23), (0...2)",t,t,t:O↔t:O,"t ↔ t; cuatro, ˈkwatɾo, kwato, k↔k,w↔w,a↔a,t↔t,ɾ↔∅,o↔o, LC",S401.S401_EFE-A_Pre_05_20_2024.csv,Queries_Target_v2,Consonants,Pre,Spanish,S401,S401,EFE-A,Pre,t ↔ t,"cuatro, ˈkwatɾo, kwato, k↔k,w↔w,a↔a,t↔t,ɾ↔∅,o↔o, LC",LC,cuatro,ˈkwatɾo,kwato,"k↔k,w↔w,a↔a,t↔t,ɾ↔∅,o↔o",1.0
2020-10-21,74,1,"IPA Target ↔ IPA Actual; Orthography (Group), IPA Target (Group), IPA Actual (Group), Alignment (Group), Notes (Group)","(5...6) ↔ (0...0); (0...6), (0...7), (0...5), (0...23), (0...2)",ɾ,,ɾ:O↔∅,"ɾ ↔ ∅; cuatro, ˈkwatɾo, kwato, k↔k,w↔w,a↔a,t↔t,ɾ↔∅,o↔o, LC",S401.S401_EFE-A_Pre_05_20_2024.csv,Queries_Target_v2,Consonants,Pre,Spanish,S401,S401,EFE-A,Pre,ɾ ↔ ∅,"cuatro, ˈkwatɾo, kwato, k↔k,w↔w,a↔a,t↔t,ɾ↔∅,o↔o, LC",LC,cuatro,ˈkwatɾo,kwato,"k↔k,w↔w,a↔a,t↔t,ɾ↔∅,o↔o",0.0
2020-10-21,75,1,"IPA Target ↔ IPA Actual; Orthography (Group), IPA Target (Group), IPA Actual (Group), Alignment (Group), Notes (Group)","(1...2) ↔ (0...1); (0...7), (0...8), (0...6), (0...31), (0...6)",m,m,m:O↔m:O,"m ↔ m; muebles, ˈmwebles, mwale*, m↔m,w↔w,e↔a,b↔∅,l↔l,e↔e,∅↔*,s↔∅, LC 2/2",S401.S401_EFE-A_Pre_05_20_2024.csv,Queries_Target_v2,Consonants,Pre,Spanish,S401,S401,EFE-A,Pre,m ↔ m,"muebles, ˈmwebles, mwale*, m↔m,w↔w,e↔a,b↔∅,l↔l,e↔e,∅↔*,s↔∅, LC 2/2",LC 2/2,muebles,ˈmwebles,mwale*,"m↔m,w↔w,e↔a,b↔∅,l↔l,e↔e,∅↔*,s↔∅",1.0
2020-10-21,75,1,"IPA Target ↔ IPA Actual; Orthography (Group), IPA Target (Group), IPA Actual (Group), Alignment (Group), Notes (Group)","(2...3) ↔ (1...2); (0...7), (0...8), (0...6), (0...31), (0...6)",w,w,w:O↔w:O,"w ↔ w; muebles, ˈmwebles, mwale*, m↔m,w↔w,e↔a,b↔∅,l↔l,e↔e,∅↔*,s↔∅, LC 2/2",S401.S401_EFE-A_Pre_05_20_2024.csv,Queries_Target_v2,Consonants,Pre,Spanish,S401,S401,EFE-A,Pre,w ↔ w,"muebles, ˈmwebles, mwale*, m↔m,w↔w,e↔a,b↔∅,l↔l,e↔e,∅↔*,s↔∅, LC 2/2",LC 2/2,muebles,ˈmwebles,mwale*,"m↔m,w↔w,e↔a,b↔∅,l↔l,e↔e,∅↔*,s↔∅",1.0
2020-10-21,75,1,"IPA Target ↔ IPA Actual; Orthography (Group), IPA Target (Group), IPA Actual (Group), Alignment (Group), Notes (Group)","(4...5) ↔ (0...0); (0...7), (0...8), (0...6), (0...31), (0...6)",b,,b:O↔∅,"b ↔ ∅; muebles, ˈmwebles, mwale*, m↔m,w↔w,e↔a,b↔∅,l↔l,e↔e,∅↔*,s↔∅, LC 2/2",S401.S401_EFE-A_Pre_05_20_2024.csv,Queries_Target_v2,Consonants,Pre,Spanish,S401,S401,EFE-A,Pre,b ↔ ∅,"muebles, ˈmwebles, mwale*, m↔m,w↔w,e↔a,b↔∅,l↔l,e↔e,∅↔*,s↔∅, LC 2/2",LC 2/2,muebles,ˈmwebles,mwale*,"m↔m,w↔w,e↔a,b↔∅,l↔l,e↔e,∅↔*,s↔∅",0.0
2020-10-21,75,1,"IPA Target ↔ IPA Actual; Orthography (Group), IPA Target (Group), IPA Actual (Group), Alignment (Group), Notes (Group)","(5...6) ↔ (3...4); (0...7), (0...8), (0...6), (0...31), (0...6)",l,l,l:O↔l:O,"l ↔ l; muebles, ˈmwebles, mwale*, m↔m,w↔w,e↔a,b↔∅,l↔l,e↔e,∅↔*,s↔∅, LC 2/2",S401.S401_EFE-A_Pre_05_20_2024.csv,Queries_Target_v2,Consonants,Pre,Spanish,S401,S401,EFE-A,Pre,l ↔ l,"muebles, ˈmwebles, mwale*, m↔m,w↔w,e↔a,b↔∅,l↔l,e↔e,∅↔*,s↔∅, LC 2/2",LC 2/2,muebles,ˈmwebles,mwale*,"m↔m,w↔w,e↔a,b↔∅,l↔l,e↔e,∅↔*,s↔∅",1.0
2020-10-21,75,1,"IPA Target ↔ IPA Actual; Orthography (Group), IPA Target (Group), IPA Actual (Group), Alignment (Group), Notes (Group)","(7...8) ↔ (0...0); (0...7), (0...8), (0...6), (0...31), (0...6)",s,,s:C↔∅,"s ↔ ∅; muebles, ˈmwebles, mwale*, m↔m,w↔w,e↔a,b↔∅,l↔l,e↔e,∅↔*,s↔∅, LC 2/2",S401.S401_EFE-A_Pre_05_20_2024.csv,Queries_Target_v2,Consonants,Pre,Spanish,S401,S401,EFE-A,Pre,s ↔ ∅,"muebles, ˈmwebles, mwale*, m↔m,w↔w,e↔a,b↔∅,l↔l,e↔e,∅↔*,s↔∅, LC 2/2",LC 2/2,muebles,ˈmwebles,mwale*,"m↔m,w↔w,e↔a,b↔∅,l↔l,e↔e,∅↔*,s↔∅",0.0
2020-10-21,77,1,"IPA Target ↔ IPA Actual; Orthography (Group), IPA Target (Group), IPA Actual (Group), Alignment (Group), Notes (Group)","(0...1) ↔ (0...1); (0...7), (0...7), (0...4), (0...23), (0...2)",k,k,k:O↔k:O,"k ↔ k; cuchara, kuˈʧaɾa, kuʧa, k↔k,u↔u,ʧ↔ʧ,a↔∅,ɾ↔∅,a↔a, LC",S401.S401_EFE-A_Pre_05_20_2024.csv,Queries_Target_v2,Consonants,Pre,Spanish,S401,S401,EFE-A,Pre,k ↔ k,"cuchara, kuˈʧaɾa, kuʧa, k↔k,u↔u,ʧ↔ʧ,a↔∅,ɾ↔∅,a↔a, LC",LC,cuchara,kuˈʧaɾa,kuʧa,"k↔k,u↔u,ʧ↔ʧ,a↔∅,ɾ↔∅,a↔a",1.0
2020-10-21,77,1,"IPA Target ↔ IPA Actual; Orthography (Group), IPA Target (Group), IPA Actual (Group), Alignment (Group), Notes (Group)","(3...4) ↔ (2...3); (0...7), (0...7), (0...4), (0...23), (0...2)",ʧ,ʧ,ʧ:O↔ʧ:O,"ʧ ↔ ʧ; cuchara, kuˈʧaɾa, kuʧa, k↔k,u↔u,ʧ↔ʧ,a↔∅,ɾ↔∅,a↔a, LC",S401.S401_EFE-A_Pre_05_20_2024.csv,Queries_Target_v2,Consonants,Pre,Spanish,S401,S401,EFE-A,Pre,ʧ ↔ ʧ,"cuchara, kuˈʧaɾa, kuʧa, k↔k,u↔u,ʧ↔ʧ,a↔∅,ɾ↔∅,a↔a, LC",LC,cuchara,kuˈʧaɾa,kuʧa,"k↔k,u↔u,ʧ↔ʧ,a↔∅,ɾ↔∅,a↔a",1.0
2020-10-21,77,1,"IPA Target ↔ IPA Actual; Orthography (Group), IPA Target (Group), IPA Actual (Group), Alignment (Group), Notes (Group)","(5...6) ↔ (0...0); (0...7), (0...7), (0...4), (0...23), (0...2)",ɾ,,ɾ:O↔∅,"ɾ ↔ ∅; cuchara, kuˈʧaɾa, kuʧa, k↔k,u↔u,ʧ↔ʧ,a↔∅,ɾ↔∅,a↔a, LC",S401.S401_EFE-A_Pre_05_20_2024.csv,Queries_Target_v2,Consonants,Pre,Spanish,S401,S401,EFE-A,Pre,ɾ ↔ ∅,"cuchara, kuˈʧaɾa, kuʧa, k↔k,u↔u,ʧ↔ʧ,a↔∅,ɾ↔∅,a↔a, LC",LC,cuchara,kuˈʧaɾa,kuʧa,"k↔k,u↔u,ʧ↔ʧ,a↔∅,ɾ↔∅,a↔a",0.0
2020-10-21,78,1,"IPA Target ↔ IPA Actual; Orthography (Group), IPA Target (Group), IPA Actual (Group), Alignment (Group), Notes (Group)","(0...1) ↔ (0...1); (0...6), (0...7), (0...6), (0...23), (0...2)",d,d,d:O↔d:O,"d ↔ d; delfín, delˈfin, delfin, d↔d,e↔e,l↔l,f↔f,i↔i,n↔n, LC",S401.S401_EFE-A_Pre_05_20_2024.csv,Queries_Target_v2,Consonants,Pre,Spanish,S401,S401,EFE-A,Pre,d ↔ d,"delfín, delˈfin, delfin, d↔d,e↔e,l↔l,f↔f,i↔i,n↔n, LC",LC,delfín,delˈfin,delfin,"d↔d,e↔e,l↔l,f↔f,i↔i,n↔n",1.0
2020-10-21,78,1,"IPA Target ↔ IPA Actual; Orthography (Group), IPA Target (Group), IPA Actual (Group), Alignment (Group), Notes (Group)","(2...3) ↔ (2...3); (0...6), (0...7), (0...6), (0...23), (0...2)",l,l,l:C↔l:C,"l ↔ l; delfín, delˈfin, delfin, d↔d,e↔e,l↔l,f↔f,i↔i,n↔n, LC",S401.S401_EFE-A_Pre_05_20_2024.csv,Queries_Target_v2,Consonants,Pre,Spanish,S401,S401,EFE-A,Pre,l ↔ l,"delfín, delˈfin, delfin, d↔d,e↔e,l↔l,f↔f,i↔i,n↔n, LC",LC,delfín,delˈfin,delfin,"d↔d,e↔e,l↔l,f↔f,i↔i,n↔n",1.0
2020-10-21,78,1,"IPA Target ↔ IPA Actual; Orthography (Group), IPA Target (Group), IPA Actual (Group), Alignment (Group), Notes (Group)","(4...5) ↔ (3...4); (0...6), (0...7), (0...6), (0...23), (0...2)",f,f,f:O↔f:O,"f ↔ f; delfín, delˈfin, delfin, d↔d,e↔e,l↔l,f↔f,i↔i,n↔n, LC",S401.S401_EFE-A_Pre_05_20_2024.csv,Queries_Target_v2,Consonants,Pre,Spanish,S401,S401,EFE-A,Pre,f ↔ f,"delfín, delˈfin, delfin, d↔d,e↔e,l↔l,f↔f,i↔i,n↔n, LC",LC,delfín,delˈfin,delfin,"d↔d,e↔e,l↔l,f↔f,i↔i,n↔n",1.0
2020-10-21,78,1,"IPA Target ↔ IPA Actual; Orthography (Group), IPA Target (Group), IPA Actual (Group), Alignment (Group), Notes (Group)","(6...7) ↔ (5...6); (0...6), (0...7), (0...6), (0...23), (0...2)",n,n,n:C↔n:C,"n ↔ n; delfín, delˈfin, delfin, d↔d,e↔e,l↔l,f↔f,i↔i,n↔n, LC",S401.S401_EFE-A_Pre_05_20_2024.csv,Queries_Target_v2,Consonants,Pre,Spanish,S401,S401,EFE-A,Pre,n ↔ n,"delfín, delˈfin, delfin, d↔d,e↔e,l↔l,f↔f,i↔i,n↔n, LC",LC,delfín,delˈfin,delfin,"d↔d,e↔e,l↔l,f↔f,i↔i,n↔n",1.0
2020-10-21,79,1,"IPA Target ↔ IPA Actual; Orthography (Group), IPA Target (Group), IPA Actual (Group), Alignment (Group), Notes (Group)","(1...2) ↔ (0...1); (0...5), (0...6), (0...5), (0...19), (0...2)",n,n,n:O↔n:O,"n ↔ n; nieve, ˈnjebe, njeba, n↔n,j↔j,e↔e,b↔b,e↔a, LC",S401.S401_EFE-A_Pre_05_20_2024.csv,Queries_Target_v2,Consonants,Pre,Spanish,S401,S401,EFE-A,Pre,n ↔ n,"nieve, ˈnjebe, njeba, n↔n,j↔j,e↔e,b↔b,e↔a, LC",LC,nieve,ˈnjebe,njeba,"n↔n,j↔j,e↔e,b↔b,e↔a",1.0
2020-10-21,79,1,"IPA Target ↔ IPA Actual; Orthography (Group), IPA Target (Group), IPA Actual (Group), Alignment (Group), Notes (Group)","(2...3) ↔ (1...2); (0...5), (0...6), (0...5), (0...19), (0...2)",j,j,j:O↔j:O,"j ↔ j; nieve, ˈnjebe, njeba, n↔n,j↔j,e↔e,b↔b,e↔a, LC",S401.S401_EFE-A_Pre_05_20_2024.csv,Queries_Target_v2,Consonants,Pre,Spanish,S401,S401,EFE-A,Pre,j ↔ j,"nieve, ˈnjebe, njeba, n↔n,j↔j,e↔e,b↔b,e↔a, LC",LC,nieve,ˈnjebe,njeba,"n↔n,j↔j,e↔e,b↔b,e↔a",1.0
2020-10-21,79,1,"IPA Target ↔ IPA Actual; Orthography (Group), IPA Target (Group), IPA Actual (Group), Alignment (Group), Notes (Group)","(4...5) ↔ (3...4); (0...5), (0...6), (0...5), (0...19), (0...2)",b,b,b:O↔b:O,"b ↔ b; nieve, ˈnjebe, njeba, n↔n,j↔j,e↔e,b↔b,e↔a, LC",S401.S401_EFE-A_Pre_05_20_2024.csv,Queries_Target_v2,Consonants,Pre,Spanish,S401,S401,EFE-A,Pre,b ↔ b,"nieve, ˈnjebe, njeba, n↔n,j↔j,e↔e,b↔b,e↔a, LC",LC,nieve,ˈnjebe,njeba,"n↔n,j↔j,e↔e,b↔b,e↔a",1.0
2020-10-21,80,1,"IPA Target ↔ IPA Actual; Orthography (Group), IPA Target (Group), IPA Actual (Group), Alignment (Group), Notes (Group)","(0...1) ↔ (0...1); (0...4), (0...4), (0...4), (0...19), (0...15)",m,m,m:O↔m:O,"m ↔ m; miel, mjel, mje*, m↔m,j↔j,e↔e,∅↔*,l↔∅, LC KR diphthong",S401.S401_EFE-A_Pre_05_20_2024.csv,Queries_Target_v2,Consonants,Pre,Spanish,S401,S401,EFE-A,Pre,m ↔ m,"miel, mjel, mje*, m↔m,j↔j,e↔e,∅↔*,l↔∅, LC KR diphthong",LC KR diphthong,miel,mjel,mje*,"m↔m,j↔j,e↔e,∅↔*,l↔∅",1.0
2020-10-21,80,1,"IPA Target ↔ IPA Actual; Orthography (Group), IPA Target (Group), IPA Actual (Group), Alignment (Group), Notes (Group)","(1...2) ↔ (1...2); (0...4), (0...4), (0...4), (0...19), (0...15)",j,j,j:O↔j:O,"j ↔ j; miel, mjel, mje*, m↔m,j↔j,e↔e,∅↔*,l↔∅, LC KR diphthong",S401.S401_EFE-A_Pre_05_20_2024.csv,Queries_Target_v2,Consonants,Pre,Spanish,S401,S401,EFE-A,Pre,j ↔ j,"miel, mjel, mje*, m↔m,j↔j,e↔e,∅↔*,l↔∅, LC KR diphthong",LC KR diphthong,miel,mjel,mje*,"m↔m,j↔j,e↔e,∅↔*,l↔∅",1.0
2020-10-21,80,1,"IPA Target ↔ IPA Actual; Orthography (Group), IPA Target (Group), IPA Actual (Group), Alignment (Group), Notes (Group)","(3...4) ↔ (0...0); (0...4), (0...4), (0...4), (0...19), (0...15)",l,,l:C↔∅,"l ↔ ∅; miel, mjel, mje*, m↔m,j↔j,e↔e,∅↔*,l↔∅, LC KR diphthong",S401.S401_EFE-A_Pre_05_20_2024.csv,Queries_Target_v2,Consonants,Pre,Spanish,S401,S401,EFE-A,Pre,l ↔ ∅,"miel, mjel, mje*, m↔m,j↔j,e↔e,∅↔*,l↔∅, LC KR diphthong",LC KR diphthong,miel,mjel,mje*,"m↔m,j↔j,e↔e,∅↔*,l↔∅",0.0
2020-10-21,81,1,"IPA Target ↔ IPA Actual; Orthography (Group), IPA Target (Group), IPA Actual (Group), Alignment (Group), Notes (Group)","(0...1) ↔ (0...1); (0...4), (0...4), (0...4), (0...15), (0...35)",b,b,b:O↔b:O,"b ↔ b; bien, bjen, bjen, b↔b,j↔j,e↔e,n↔n, LC KR diphtong, SP clincian overlap",S401.S401_EFE-A_Pre_05_20_2024.csv,Queries_Target_v2,Consonants,Pre,Spanish,S401,S401,EFE-A,Pre,b ↔ b,"bien, bjen, bjen, b↔b,j↔j,e↔e,n↔n, LC KR diphtong, SP clincian overlap","LC KR diphtong, SP clincian overlap",bien,bjen,bjen,"b↔b,j↔j,e↔e,n↔n",1.0
2020-10-21,81,1,"IPA Target ↔ IPA Actual; Orthography (Group), IPA Target (Group), IPA Actual (Group), Alignment (Group), Notes (Group)","(1...2) ↔ (1...2); (0...4), (0...4), (0...4), (0...15), (0...35)",j,j,j:O↔j:O,"j ↔ j; bien, bjen, bjen, b↔b,j↔j,e↔e,n↔n, LC KR diphtong, SP clincian overlap",S401.S401_EFE-A_Pre_05_20_2024.csv,Queries_Target_v2,Consonants,Pre,Spanish,S401,S401,EFE-A,Pre,j ↔ j,"bien, bjen, bjen, b↔b,j↔j,e↔e,n↔n, LC KR diphtong, SP clincian overlap","LC KR diphtong, SP clincian overlap",bien,bjen,bjen,"b↔b,j↔j,e↔e,n↔n",1.0
2020-10-21,81,1,"IPA Target ↔ IPA Actual; Orthography (Group), IPA Target (Group), IPA Actual (Group), Alignment (Group), Notes (Group)","(3...4) ↔ (3...4); (0...4), (0...4), (0...4), (0...15), (0...35)",n,n,n:C↔n:C,"n ↔ n; bien, bjen, bjen, b↔b,j↔j,e↔e,n↔n, LC KR diphtong, SP clincian overlap",S401.S401_EFE-A_Pre_05_20_2024.csv,Queries_Target_v2,Consonants,Pre,Spanish,S401,S401,EFE-A,Pre,n ↔ n,"bien, bjen, bjen, b↔b,j↔j,e↔e,n↔n, LC KR diphtong, SP clincian overlap","LC KR diphtong, SP clincian overlap",bien,bjen,bjen,"b↔b,j↔j,e↔e,n↔n",1.0
2020-10-21,82,1,"IPA Target ↔ IPA Actual; Orthography (Group), IPA Target (Group), IPA Actual (Group), Alignment (Group), Notes (Group)","(0...1) ↔ (0...1); (0...3), (0...3), (0...2), (0...11), (0...2)",r,ʝ,r:O↔ʝ:O,"r ↔ ʝ; res, res, ʝe, r↔ʝ,e↔e,s↔∅, LC",S401.S401_EFE-A_Pre_05_20_2024.csv,Queries_Target_v2,Consonants,Pre,Spanish,S401,S401,EFE-A,Pre,r ↔ ʝ,"res, res, ʝe, r↔ʝ,e↔e,s↔∅, LC",LC,res,res,ʝe,"r↔ʝ,e↔e,s↔∅",0.4117647058823529
2020-10-21,82,1,"IPA Target ↔ IPA Actual; Orthography (Group), IPA Target (Group), IPA Actual (Group), Alignment (Group), Notes (Group)","(2...3) ↔ (0...0); (0...3), (0...3), (0...2), (0...11), (0...2)",s,,s:C↔∅,"s ↔ ∅; res, res, ʝe, r↔ʝ,e↔e,s↔∅, LC",S401.S401_EFE-A_Pre_05_20_2024.csv,Queries_Target_v2,Consonants,Pre,Spanish,S401,S401,EFE-A,Pre,s ↔ ∅,"res, res, ʝe, r↔ʝ,e↔e,s↔∅, LC",LC,res,res,ʝe,"r↔ʝ,e↔e,s↔∅",0.0
2020-10-21,83,1,"IPA Target ↔ IPA Actual; Orthography (Group), IPA Target (Group), IPA Actual (Group), Alignment (Group), Notes (Group)","(1...2) ↔ (1...2); (0...6), (0...7), (0...6), (0...23), (0...2)",s,s,s:C↔s:C,"s ↔ s; escoba, esˈkoba, estoba, e↔e,s↔s,k↔t,o↔o,b↔b,a↔a, LC",S401.S401_EFE-A_Pre_05_20_2024.csv,Queries_Target_v2,Consonants,Pre,Spanish,S401,S401,EFE-A,Pre,s ↔ s,"escoba, esˈkoba, estoba, e↔e,s↔s,k↔t,o↔o,b↔b,a↔a, LC",LC,escoba,esˈkoba,estoba,"e↔e,s↔s,k↔t,o↔o,b↔b,a↔a",1.0
2020-10-21,83,1,"IPA Target ↔ IPA Actual; Orthography (Group), IPA Target (Group), IPA Actual (Group), Alignment (Group), Notes (Group)","(3...4) ↔ (2...3); (0...6), (0...7), (0...6), (0...23), (0...2)",k,t,k:O↔t:O,"k ↔ t; escoba, esˈkoba, estoba, e↔e,s↔s,k↔t,o↔o,b↔b,a↔a, LC",S401.S401_EFE-A_Pre_05_20_2024.csv,Queries_Target_v2,Consonants,Pre,Spanish,S401,S401,EFE-A,Pre,k ↔ t,"escoba, esˈkoba, estoba, e↔e,s↔s,k↔t,o↔o,b↔b,a↔a, LC",LC,escoba,esˈkoba,estoba,"e↔e,s↔s,k↔t,o↔o,b↔b,a↔a",0.7058823529411765
2020-10-21,83,1,"IPA Target ↔ IPA Actual; Orthography (Group), IPA Target (Group), IPA Actual (Group), Alignment (Group), Notes (Group)","(5...6) ↔ (4...5); (0...6), (0...7), (0...6), (0...23), (0...2)",b,b,b:O↔b:O,"b ↔ b; escoba, esˈkoba, estoba, e↔e,s↔s,k↔t,o↔o,b↔b,a↔a, LC",S401.S401_EFE-A_Pre_05_20_2024.csv,Queries_Target_v2,Consonants,Pre,Spanish,S401,S401,EFE-A,Pre,b ↔ b,"escoba, esˈkoba, estoba, e↔e,s↔s,k↔t,o↔o,b↔b,a↔a, LC",LC,escoba,esˈkoba,estoba,"e↔e,s↔s,k↔t,o↔o,b↔b,a↔a",1.0
2020-10-21,84,1,"IPA Target ↔ IPA Actual; Orthography (Group), IPA Target (Group), IPA Actual (Group), Alignment (Group), Notes (Group)","(1...2) ↔ (0...1); (0...6), (0...7), (0...6), (0...23), (0...18)",l,l,l:O↔l:O,"l ↔ l; labios, ˈlabjos, labjoθ, l↔l,a↔a,b↔b,j↔j,o↔o,s↔θ, LC KR--> /labijos/",S401.S401_EFE-A_Pre_05_20_2024.csv,Queries_Target_v2,Consonants,Pre,Spanish,S401,S401,EFE-A,Pre,l ↔ l,"labios, ˈlabjos, labjoθ, l↔l,a↔a,b↔b,j↔j,o↔o,s↔θ, LC KR--> /labijos/",LC KR--> /labijos/,labios,ˈlabjos,labjoθ,"l↔l,a↔a,b↔b,j↔j,o↔o,s↔θ",1.0
2020-10-21,84,1,"IPA Target ↔ IPA Actual; Orthography (Group), IPA Target (Group), IPA Actual (Group), Alignment (Group), Notes (Group)","(3...4) ↔ (2...3); (0...6), (0...7), (0...6), (0...23), (0...18)",b,b,b:O↔b:O,"b ↔ b; labios, ˈlabjos, labjoθ, l↔l,a↔a,b↔b,j↔j,o↔o,s↔θ, LC KR--> /labijos/",S401.S401_EFE-A_Pre_05_20_2024.csv,Queries_Target_v2,Consonants,Pre,Spanish,S401,S401,EFE-A,Pre,b ↔ b,"labios, ˈlabjos, labjoθ, l↔l,a↔a,b↔b,j↔j,o↔o,s↔θ, LC KR--> /labijos/",LC KR--> /labijos/,labios,ˈlabjos,labjoθ,"l↔l,a↔a,b↔b,j↔j,o↔o,s↔θ",1.0
2020-10-21,84,1,"IPA Target ↔ IPA Actual; Orthography (Group), IPA Target (Group), IPA Actual (Group), Alignment (Group), Notes (Group)","(4...5) ↔ (3...4); (0...6), (0...7), (0...6), (0...23), (0...18)",j,j,j:O↔j:O,"j ↔ j; labios, ˈlabjos, labjoθ, l↔l,a↔a,b↔b,j↔j,o↔o,s↔θ, LC KR--> /labijos/",S401.S401_EFE-A_Pre_05_20_2024.csv,Queries_Target_v2,Consonants,Pre,Spanish,S401,S401,EFE-A,Pre,j ↔ j,"labios, ˈlabjos, labjoθ, l↔l,a↔a,b↔b,j↔j,o↔o,s↔θ, LC KR--> /labijos/",LC KR--> /labijos/,labios,ˈlabjos,labjoθ,"l↔l,a↔a,b↔b,j↔j,o↔o,s↔θ",1.0
2020-10-21,84,1,"IPA Target ↔ IPA Actual; Orthography (Group), IPA Target (Group), IPA Actual (Group), Alignment (Group), Notes (Group)","(6...7) ↔ (5...6); (0...6), (0...7), (0...6), (0...23), (0...18)",s,θ,s:C↔θ:C,"s ↔ θ; labios, ˈlabjos, labjoθ, l↔l,a↔a,b↔b,j↔j,o↔o,s↔θ, LC KR--> /labijos/",S401.S401_EFE-A_Pre_05_20_2024.csv,Queries_Target_v2,Consonants,Pre,Spanish,S401,S401,EFE-A,Pre,s ↔ θ,"labios, ˈlabjos, labjoθ, l↔l,a↔a,b↔b,j↔j,o↔o,s↔θ, LC KR--> /labijos/",LC KR--> /labijos/,labios,ˈlabjos,labjoθ,"l↔l,a↔a,b↔b,j↔j,o↔o,s↔θ",0.7058823529411765
2020-10-21,85,1,"IPA Target ↔ IPA Actual; Orthography (Group), IPA Target (Group), IPA Actual (Group), Alignment (Group), Notes (Group)","(0...1) ↔ (0...1); (0...7), (0...8), (0...7), (0...27), (0...2)",t,t,t:O↔t:O,"t ↔ t; tortuga, toɾˈtuɡa, toɾtuga, t↔t,o↔o,ɾ↔ɾ,t↔t,u↔u,ɡ↔g,a↔a, LC",S401.S401_EFE-A_Pre_05_20_2024.csv,Queries_Target_v2,Consonants,Pre,Spanish,S401,S401,EFE-A,Pre,t ↔ t,"tortuga, toɾˈtuɡa, toɾtuga, t↔t,o↔o,ɾ↔ɾ,t↔t,u↔u,ɡ↔g,a↔a, LC",LC,tortuga,toɾˈtuɡa,toɾtuga,"t↔t,o↔o,ɾ↔ɾ,t↔t,u↔u,ɡ↔g,a↔a",1.0
2020-10-21,85,1,"IPA Target ↔ IPA Actual; Orthography (Group), IPA Target (Group), IPA Actual (Group), Alignment (Group), Notes (Group)","(2...3) ↔ (2...3); (0...7), (0...8), (0...7), (0...27), (0...2)",ɾ,ɾ,ɾ:C↔ɾ:C,"ɾ ↔ ɾ; tortuga, toɾˈtuɡa, toɾtuga, t↔t,o↔o,ɾ↔ɾ,t↔t,u↔u,ɡ↔g,a↔a, LC",S401.S401_EFE-A_Pre_05_20_2024.csv,Queries_Target_v2,Consonants,Pre,Spanish,S401,S401,EFE-A,Pre,ɾ ↔ ɾ,"tortuga, toɾˈtuɡa, toɾtuga, t↔t,o↔o,ɾ↔ɾ,t↔t,u↔u,ɡ↔g,a↔a, LC",LC,tortuga,toɾˈtuɡa,toɾtuga,"t↔t,o↔o,ɾ↔ɾ,t↔t,u↔u,ɡ↔g,a↔a",1.0
2020-10-21,85,1,"IPA Target ↔ IPA Actual; Orthography (Group), IPA Target (Group), IPA Actual (Group), Alignment (Group), Notes (Group)","(4...5) ↔ (3...4); (0...7), (0...8), (0...7), (0...27), (0...2)",t,t,t:O↔t:O,"t ↔ t; tortuga, toɾˈtuɡa, toɾtuga, t↔t,o↔o,ɾ↔ɾ,t↔t,u↔u,ɡ↔g,a↔a, LC",S401.S401_EFE-A_Pre_05_20_2024.csv,Queries_Target_v2,Consonants,Pre,Spanish,S401,S401,EFE-A,Pre,t ↔ t,"tortuga, toɾˈtuɡa, toɾtuga, t↔t,o↔o,ɾ↔ɾ,t↔t,u↔u,ɡ↔g,a↔a, LC",LC,tortuga,toɾˈtuɡa,toɾtuga,"t↔t,o↔o,ɾ↔ɾ,t↔t,u↔u,ɡ↔g,a↔a",1.0
2020-10-21,85,1,"IPA Target ↔ IPA Actual; Orthography (Group), IPA Target (Group), IPA Actual (Group), Alignment (Group), Notes (Group)","(6...7) ↔ (5...6); (0...7), (0...8), (0...7), (0...27), (0...2)",ɡ,ɡ,ɡ:O↔g:O,"ɡ ↔ g; tortuga, toɾˈtuɡa, toɾtuga, t↔t,o↔o,ɾ↔ɾ,t↔t,u↔u,ɡ↔g,a↔a, LC",S401.S401_EFE-A_Pre_05_20_2024.csv,Queries_Target_v2,Consonants,Pre,Spanish,S401,S401,EFE-A,Pre,ɡ ↔ g,"tortuga, toɾˈtuɡa, toɾtuga, t↔t,o↔o,ɾ↔ɾ,t↔t,u↔u,ɡ↔g,a↔a, LC",LC,tortuga,toɾˈtuɡa,toɾtuga,"t↔t,o↔o,ɾ↔ɾ,t↔t,u↔u,ɡ↔g,a↔a",1.0
2020-10-21,86,1,"IPA Target ↔ IPA Actual; Orthography (Group), IPA Target (Group), IPA Actual (Group), Alignment (Group), Notes (Group)","(0...1) ↔ (0...1); (0...9), (0...10), (0...9), (0...35), (0...2)",s,s,s:O↔s:O,"s ↔ s; serpiente, seɾˈpjente, seɾpjente, s↔s,e↔e,ɾ↔ɾ,p↔p,j↔j,e↔e,n↔n,t↔t,e↔e, LC",S401.S401_EFE-A_Pre_05_20_2024.csv,Queries_Target_v2,Consonants,Pre,Spanish,S401,S401,EFE-A,Pre,s ↔ s,"serpiente, seɾˈpjente, seɾpjente, s↔s,e↔e,ɾ↔ɾ,p↔p,j↔j,e↔e,n↔n,t↔t,e↔e, LC",LC,serpiente,seɾˈpjente,seɾpjente,"s↔s,e↔e,ɾ↔ɾ,p↔p,j↔j,e↔e,n↔n,t↔t,e↔e",1.0
2020-10-21,86,1,"IPA Target ↔ IPA Actual; Orthography (Group), IPA Target (Group), IPA Actual (Group), Alignment (Group), Notes (Group)","(2...3) ↔ (2...3); (0...9), (0...10), (0...9), (0...35), (0...2)",ɾ,ɾ,ɾ:C↔ɾ:C,"ɾ ↔ ɾ; serpiente, seɾˈpjente, seɾpjente, s↔s,e↔e,ɾ↔ɾ,p↔p,j↔j,e↔e,n↔n,t↔t,e↔e, LC",S401.S401_EFE-A_Pre_05_20_2024.csv,Queries_Target_v2,Consonants,Pre,Spanish,S401,S401,EFE-A,Pre,ɾ ↔ ɾ,"serpiente, seɾˈpjente, seɾpjente, s↔s,e↔e,ɾ↔ɾ,p↔p,j↔j,e↔e,n↔n,t↔t,e↔e, LC",LC,serpiente,seɾˈpjente,seɾpjente,"s↔s,e↔e,ɾ↔ɾ,p↔p,j↔j,e↔e,n↔n,t↔t,e↔e",1.0
2020-10-21,86,1,"IPA Target ↔ IPA Actual; Orthography (Group), IPA Target (Group), IPA Actual (Group), Alignment (Group), Notes (Group)","(4...5) ↔ (3...4); (0...9), (0...10), (0...9), (0...35), (0...2)",p,p,p:O↔p:O,"p ↔ p; serpiente, seɾˈpjente, seɾpjente, s↔s,e↔e,ɾ↔ɾ,p↔p,j↔j,e↔e,n↔n,t↔t,e↔e, LC",S401.S401_EFE-A_Pre_05_20_2024.csv,Queries_Target_v2,Consonants,Pre,Spanish,S401,S401,EFE-A,Pre,p ↔ p,"serpiente, seɾˈpjente, seɾpjente, s↔s,e↔e,ɾ↔ɾ,p↔p,j↔j,e↔e,n↔n,t↔t,e↔e, LC",LC,serpiente,seɾˈpjente,seɾpjente,"s↔s,e↔e,ɾ↔ɾ,p↔p,j↔j,e↔e,n↔n,t↔t,e↔e",1.0
2020-10-21,86,1,"IPA Target ↔ IPA Actual; Orthography (Group), IPA Target (Group), IPA Actual (Group), Alignment (Group), Notes (Group)","(5...6) ↔ (4...5); (0...9), (0...10), (0...9), (0...35), (0...2)",j,j,j:O↔j:O,"j ↔ j; serpiente, seɾˈpjente, seɾpjente, s↔s,e↔e,ɾ↔ɾ,p↔p,j↔j,e↔e,n↔n,t↔t,e↔e, LC",S401.S401_EFE-A_Pre_05_20_2024.csv,Queries_Target_v2,Consonants,Pre,Spanish,S401,S401,EFE-A,Pre,j ↔ j,"serpiente, seɾˈpjente, seɾpjente, s↔s,e↔e,ɾ↔ɾ,p↔p,j↔j,e↔e,n↔n,t↔t,e↔e, LC",LC,serpiente,seɾˈpjente,seɾpjente,"s↔s,e↔e,ɾ↔ɾ,p↔p,j↔j,e↔e,n↔n,t↔t,e↔e",1.0
2020-10-21,86,1,"IPA Target ↔ IPA Actual; Orthography (Group), IPA Target (Group), IPA Actual (Group), Alignment (Group), Notes (Group)","(7...8) ↔ (6...7); (0...9), (0...10), (0...9), (0...35), (0...2)",n,n,n:C↔n:C,"n ↔ n; serpiente, seɾˈpjente, seɾpjente, s↔s,e↔e,ɾ↔ɾ,p↔p,j↔j,e↔e,n↔n,t↔t,e↔e, LC",S401.S401_EFE-A_Pre_05_20_2024.csv,Queries_Target_v2,Consonants,Pre,Spanish,S401,S401,EFE-A,Pre,n ↔ n,"serpiente, seɾˈpjente, seɾpjente, s↔s,e↔e,ɾ↔ɾ,p↔p,j↔j,e↔e,n↔n,t↔t,e↔e, LC",LC,serpiente,seɾˈpjente,seɾpjente,"s↔s,e↔e,ɾ↔ɾ,p↔p,j↔j,e↔e,n↔n,t↔t,e↔e",1.0
2020-10-21,86,1,"IPA Target ↔ IPA Actual; Orthography (Group), IPA Target (Group), IPA Actual (Group), Alignment (Group), Notes (Group)","(8...9) ↔ (7...8); (0...9), (0...10), (0...9), (0...35), (0...2)",t,t,t:O↔t:O,"t ↔ t; serpiente, seɾˈpjente, seɾpjente, s↔s,e↔e,ɾ↔ɾ,p↔p,j↔j,e↔e,n↔n,t↔t,e↔e, LC",S401.S401_EFE-A_Pre_05_20_2024.csv,Queries_Target_v2,Consonants,Pre,Spanish,S401,S401,EFE-A,Pre,t ↔ t,"serpiente, seɾˈpjente, seɾpjente, s↔s,e↔e,ɾ↔ɾ,p↔p,j↔j,e↔e,n↔n,t↔t,e↔e, LC",LC,serpiente,seɾˈpjente,seɾpjente,"s↔s,e↔e,ɾ↔ɾ,p↔p,j↔j,e↔e,n↔n,t↔t,e↔e",1.0
2020-10-21,87,1,"IPA Target ↔ IPA Actual; Orthography (Group), IPA Target (Group), IPA Actual (Group), Alignment (Group), Notes (Group)","(1...2) ↔ (1...2); (0...7), (0...8), (0...6), (0...27), (0...2)",s,s,s:C↔s:O,"s ↔ s; eslinga, esˈlinɡa, eslina, e↔e,s↔s,l↔l,i↔i,n↔n,ɡ↔∅,a↔a, LC",S401.S401_EFE-A_Pre_05_20_2024.csv,Queries_Target_v2,Consonants,Pre,Spanish,S401,S401,EFE-A,Pre,s ↔ s,"eslinga, esˈlinɡa, eslina, e↔e,s↔s,l↔l,i↔i,n↔n,ɡ↔∅,a↔a, LC",LC,eslinga,esˈlinɡa,eslina,"e↔e,s↔s,l↔l,i↔i,n↔n,ɡ↔∅,a↔a",1.0
2020-10-21,87,1,"IPA Target ↔ IPA Actual; Orthography (Group), IPA Target (Group), IPA Actual (Group), Alignment (Group), Notes (Group)","(3...4) ↔ (2...3); (0...7), (0...8), (0...6), (0...27), (0...2)",l,l,l:O↔l:O,"l ↔ l; eslinga, esˈlinɡa, eslina, e↔e,s↔s,l↔l,i↔i,n↔n,ɡ↔∅,a↔a, LC",S401.S401_EFE-A_Pre_05_20_2024.csv,Queries_Target_v2,Consonants,Pre,Spanish,S401,S401,EFE-A,Pre,l ↔ l,"eslinga, esˈlinɡa, eslina, e↔e,s↔s,l↔l,i↔i,n↔n,ɡ↔∅,a↔a, LC",LC,eslinga,esˈlinɡa,eslina,"e↔e,s↔s,l↔l,i↔i,n↔n,ɡ↔∅,a↔a",1.0
2020-10-21,87,1,"IPA Target ↔ IPA Actual; Orthography (Group), IPA Target (Group), IPA Actual (Group), Alignment (Group), Notes (Group)","(5...6) ↔ (4...5); (0...7), (0...8), (0...6), (0...27), (0...2)",n,n,n:C↔n:O,"n ↔ n; eslinga, esˈlinɡa, eslina, e↔e,s↔s,l↔l,i↔i,n↔n,ɡ↔∅,a↔a, LC",S401.S401_EFE-A_Pre_05_20_2024.csv,Queries_Target_v2,Consonants,Pre,Spanish,S401,S401,EFE-A,Pre,n ↔ n,"eslinga, esˈlinɡa, eslina, e↔e,s↔s,l↔l,i↔i,n↔n,ɡ↔∅,a↔a, LC",LC,eslinga,esˈlinɡa,eslina,"e↔e,s↔s,l↔l,i↔i,n↔n,ɡ↔∅,a↔a",1.0
2020-10-21,87,1,"IPA Target ↔ IPA Actual; Orthography (Group), IPA Target (Group), IPA Actual (Group), Alignment (Group), Notes (Group)","(6...7) ↔ (0...0); (0...7), (0...8), (0...6), (0...27), (0...2)",ɡ,,ɡ:O↔∅,"ɡ ↔ ∅; eslinga, esˈlinɡa, eslina, e↔e,s↔s,l↔l,i↔i,n↔n,ɡ↔∅,a↔a, LC",S401.S401_EFE-A_Pre_05_20_2024.csv,Queries_Target_v2,Consonants,Pre,Spanish,S401,S401,EFE-A,Pre,ɡ ↔ ∅,"eslinga, esˈlinɡa, eslina, e↔e,s↔s,l↔l,i↔i,n↔n,ɡ↔∅,a↔a, LC",LC,eslinga,esˈlinɡa,eslina,"e↔e,s↔s,l↔l,i↔i,n↔n,ɡ↔∅,a↔a",0.0
2020-10-21,88,1,"IPA Target ↔ IPA Actual; Orthography (Group), IPA Target (Group), IPA Actual (Group), Alignment (Group), Notes (Group)","(1...2) ↔ (0...1); (0...6), (0...7), (0...6), (0...23), (0...2)",b,b,b:O↔b:O,"b ↔ b; bailan, ˈbajlan, bajlan, b↔b,a↔a,j↔j,l↔l,a↔a,n↔n, LC",S401.S401_EFE-A_Pre_05_20_2024.csv,Queries_Target_v2,Consonants,Pre,Spanish,S401,S401,EFE-A,Pre,b ↔ b,"bailan, ˈbajlan, bajlan, b↔b,a↔a,j↔j,l↔l,a↔a,n↔n, LC",LC,bailan,ˈbajlan,bajlan,"b↔b,a↔a,j↔j,l↔l,a↔a,n↔n",1.0
2020-10-21,88,1,"IPA Target ↔ IPA Actual; Orthography (Group), IPA Target (Group), IPA Actual (Group), Alignment (Group), Notes (Group)","(3...4) ↔ (2...3); (0...6), (0...7), (0...6), (0...23), (0...2)",j,j,j:N↔j:N,"j ↔ j; bailan, ˈbajlan, bajlan, b↔b,a↔a,j↔j,l↔l,a↔a,n↔n, LC",S401.S401_EFE-A_Pre_05_20_2024.csv,Queries_Target_v2,Consonants,Pre,Spanish,S401,S401,EFE-A,Pre,j ↔ j,"bailan, ˈbajlan, bajlan, b↔b,a↔a,j↔j,l↔l,a↔a,n↔n, LC",LC,bailan,ˈbajlan,bajlan,"b↔b,a↔a,j↔j,l↔l,a↔a,n↔n",1.0
2020-10-21,88,1,"IPA Target ↔ IPA Actual; Orthography (Group), IPA Target (Group), IPA Actual (Group), Alignment (Group), Notes (Group)","(4...5) ↔ (3...4); (0...6), (0...7), (0...6), (0...23), (0...2)",l,l,l:O↔l:O,"l ↔ l; bailan, ˈbajlan, bajlan, b↔b,a↔a,j↔j,l↔l,a↔a,n↔n, LC",S401.S401_EFE-A_Pre_05_20_2024.csv,Queries_Target_v2,Consonants,Pre,Spanish,S401,S401,EFE-A,Pre,l ↔ l,"bailan, ˈbajlan, bajlan, b↔b,a↔a,j↔j,l↔l,a↔a,n↔n, LC",LC,bailan,ˈbajlan,bajlan,"b↔b,a↔a,j↔j,l↔l,a↔a,n↔n",1.0
2020-10-21,88,1,"IPA Target ↔ IPA Actual; Orthography (Group), IPA Target (Group), IPA Actual (Group), Alignment (Group), Notes (Group)","(6...7) ↔ (5...6); (0...6), (0...7), (0...6), (0...23), (0...2)",n,n,n:C↔n:C,"n ↔ n; bailan, ˈbajlan, bajlan, b↔b,a↔a,j↔j,l↔l,a↔a,n↔n, LC",S401.S401_EFE-A_Pre_05_20_2024.csv,Queries_Target_v2,Consonants,Pre,Spanish,S401,S401,EFE-A,Pre,n ↔ n,"bailan, ˈbajlan, bajlan, b↔b,a↔a,j↔j,l↔l,a↔a,n↔n, LC",LC,bailan,ˈbajlan,bajlan,"b↔b,a↔a,j↔j,l↔l,a↔a,n↔n",1.0
2020-10-21,89,1,"IPA Target ↔ IPA Actual; Orthography (Group), IPA Target (Group), IPA Actual (Group), Alignment (Group), Notes (Group)","(0...1) ↔ (0...1); (0...6), (0...7), (0...6), (0...23), (0...2)",r,ɡ,r:O↔g:O,"r ↔ g; regalo, reˈɡalo, gegalo, r↔g,e↔e,ɡ↔g,a↔a,l↔l,o↔o, LC",S401.S401_EFE-A_Pre_05_20_2024.csv,Queries_Target_v2,Consonants,Pre,Spanish,S401,S401,EFE-A,Pre,r ↔ g,"regalo, reˈɡalo, gegalo, r↔g,e↔e,ɡ↔g,a↔a,l↔l,o↔o, LC",LC,regalo,reˈɡalo,gegalo,"r↔g,e↔e,ɡ↔g,a↔a,l↔l,o↔o",0.5882352941176471
2020-10-21,89,1,"IPA Target ↔ IPA Actual; Orthography (Group), IPA Target (Group), IPA Actual (Group), Alignment (Group), Notes (Group)","(3...4) ↔ (2...3); (0...6), (0...7), (0...6), (0...23), (0...2)",ɡ,ɡ,ɡ:O↔g:O,"ɡ ↔ g; regalo, reˈɡalo, gegalo, r↔g,e↔e,ɡ↔g,a↔a,l↔l,o↔o, LC",S401.S401_EFE-A_Pre_05_20_2024.csv,Queries_Target_v2,Consonants,Pre,Spanish,S401,S401,EFE-A,Pre,ɡ ↔ g,"regalo, reˈɡalo, gegalo, r↔g,e↔e,ɡ↔g,a↔a,l↔l,o↔o, LC",LC,regalo,reˈɡalo,gegalo,"r↔g,e↔e,ɡ↔g,a↔a,l↔l,o↔o",1.0
2020-10-21,89,1,"IPA Target ↔ IPA Actual; Orthography (Group), IPA Target (Group), IPA Actual (Group), Alignment (Group), Notes (Group)","(5...6) ↔ (4...5); (0...6), (0...7), (0...6), (0...23), (0...2)",l,l,l:O↔l:O,"l ↔ l; regalo, reˈɡalo, gegalo, r↔g,e↔e,ɡ↔g,a↔a,l↔l,o↔o, LC",S401.S401_EFE-A_Pre_05_20_2024.csv,Queries_Target_v2,Consonants,Pre,Spanish,S401,S401,EFE-A,Pre,l ↔ l,"regalo, reˈɡalo, gegalo, r↔g,e↔e,ɡ↔g,a↔a,l↔l,o↔o, LC",LC,regalo,reˈɡalo,gegalo,"r↔g,e↔e,ɡ↔g,a↔a,l↔l,o↔o",1.0
2020-10-21,90,1,"IPA Target ↔ IPA Actual; Orthography (Group), IPA Target (Group), IPA Actual (Group), Alignment (Group), Notes (Group)","(1...2) ↔ (0...1); (0...4), (0...5), (0...4), (0...15), (0...2)",t,t,t:O↔t:O,"t ↔ t; toma, ˈtoma, toma, t↔t,o↔o,m↔m,a↔a, LC",S401.S401_EFE-A_Pre_05_20_2024.csv,Queries_Target_v2,Consonants,Pre,Spanish,S401,S401,EFE-A,Pre,t ↔ t,"toma, ˈtoma, toma, t↔t,o↔o,m↔m,a↔a, LC",LC,toma,ˈtoma,toma,"t↔t,o↔o,m↔m,a↔a",1.0
2020-10-21,90,1,"IPA Target ↔ IPA Actual; Orthography (Group), IPA Target (Group), IPA Actual (Group), Alignment (Group), Notes (Group)","(3...4) ↔ (2...3); (0...4), (0...5), (0...4), (0...15), (0...2)",m,m,m:O↔m:O,"m ↔ m; toma, ˈtoma, toma, t↔t,o↔o,m↔m,a↔a, LC",S401.S401_EFE-A_Pre_05_20_2024.csv,Queries_Target_v2,Consonants,Pre,Spanish,S401,S401,EFE-A,Pre,m ↔ m,"toma, ˈtoma, toma, t↔t,o↔o,m↔m,a↔a, LC",LC,toma,ˈtoma,toma,"t↔t,o↔o,m↔m,a↔a",1.0
2020-10-21,91,1,"IPA Target ↔ IPA Actual; Orthography (Group), IPA Target (Group), IPA Actual (Group), Alignment (Group), Notes (Group)","(1...2) ↔ (0...1); (0...3), (0...4), (0...3), (0...11), (0...27)",r,v,r:O↔v:O,"r ↔ v; río, ˈrio, vio, r↔v,i↔i,o↔o, LC 2/2, SP background noise",S401.S401_EFE-A_Pre_05_20_2024.csv,Queries_Target_v2,Consonants,Pre,Spanish,S401,S401,EFE-A,Pre,r ↔ v,"río, ˈrio, vio, r↔v,i↔i,o↔o, LC 2/2, SP background noise","LC 2/2, SP background noise",río,ˈrio,vio,"r↔v,i↔i,o↔o",0.4117647058823529
2020-10-21,92,1,"IPA Target ↔ IPA Actual; Orthography (Group), IPA Target (Group), IPA Actual (Group), Alignment (Group), Notes (Group)","(1...2) ↔ (0...1); (0...9), (0...10), (0...8), (0...35), (0...15)",m,m,m:O↔m:O,"m ↔ m; miércoles, ˈmjeɾkoles, mjerkoes, m↔m,j↔j,e↔e,ɾ↔r,k↔k,o↔o,l↔∅,e↔e,s↔s, LC KR Diphthong",S401.S401_EFE-A_Pre_05_20_2024.csv,Queries_Target_v2,Consonants,Pre,Spanish,S401,S401,EFE-A,Pre,m ↔ m,"miércoles, ˈmjeɾkoles, mjerkoes, m↔m,j↔j,e↔e,ɾ↔r,k↔k,o↔o,l↔∅,e↔e,s↔s, LC KR Diphthong",LC KR Diphthong,miércoles,ˈmjeɾkoles,mjerkoes,"m↔m,j↔j,e↔e,ɾ↔r,k↔k,o↔o,l↔∅,e↔e,s↔s",1.0
2020-10-21,92,1,"IPA Target ↔ IPA Actual; Orthography (Group), IPA Target (Group), IPA Actual (Group), Alignment (Group), Notes (Group)","(2...3) ↔ (1...2); (0...9), (0...10), (0...8), (0...35), (0...15)",j,j,j:O↔j:O,"j ↔ j; miércoles, ˈmjeɾkoles, mjerkoes, m↔m,j↔j,e↔e,ɾ↔r,k↔k,o↔o,l↔∅,e↔e,s↔s, LC KR Diphthong",S401.S401_EFE-A_Pre_05_20_2024.csv,Queries_Target_v2,Consonants,Pre,Spanish,S401,S401,EFE-A,Pre,j ↔ j,"miércoles, ˈmjeɾkoles, mjerkoes, m↔m,j↔j,e↔e,ɾ↔r,k↔k,o↔o,l↔∅,e↔e,s↔s, LC KR Diphthong",LC KR Diphthong,miércoles,ˈmjeɾkoles,mjerkoes,"m↔m,j↔j,e↔e,ɾ↔r,k↔k,o↔o,l↔∅,e↔e,s↔s",1.0
2020-10-21,92,1,"IPA Target ↔ IPA Actual; Orthography (Group), IPA Target (Group), IPA Actual (Group), Alignment (Group), Notes (Group)","(4...5) ↔ (3...4); (0...9), (0...10), (0...8), (0...35), (0...15)",ɾ,r,ɾ:C↔r:C,"ɾ ↔ r; miércoles, ˈmjeɾkoles, mjerkoes, m↔m,j↔j,e↔e,ɾ↔r,k↔k,o↔o,l↔∅,e↔e,s↔s, LC KR Diphthong",S401.S401_EFE-A_Pre_05_20_2024.csv,Queries_Target_v2,Consonants,Pre,Spanish,S401,S401,EFE-A,Pre,ɾ ↔ r,"miércoles, ˈmjeɾkoles, mjerkoes, m↔m,j↔j,e↔e,ɾ↔r,k↔k,o↔o,l↔∅,e↔e,s↔s, LC KR Diphthong",LC KR Diphthong,miércoles,ˈmjeɾkoles,mjerkoes,"m↔m,j↔j,e↔e,ɾ↔r,k↔k,o↔o,l↔∅,e↔e,s↔s",0.7058823529411765
2020-10-21,92,1,"IPA Target ↔ IPA Actual; Orthography (Group), IPA Target (Group), IPA Actual (Group), Alignment (Group), Notes (Group)","(5...6) ↔ (4...5); (0...9), (0...10), (0...8), (0...35), (0...15)",k,k,k:O↔k:O,"k ↔ k; miércoles, ˈmjeɾkoles, mjerkoes, m↔m,j↔j,e↔e,ɾ↔r,k↔k,o↔o,l↔∅,e↔e,s↔s, LC KR Diphthong",S401.S401_EFE-A_Pre_05_20_2024.csv,Queries_Target_v2,Consonants,Pre,Spanish,S401,S401,EFE-A,Pre,k ↔ k,"miércoles, ˈmjeɾkoles, mjerkoes, m↔m,j↔j,e↔e,ɾ↔r,k↔k,o↔o,l↔∅,e↔e,s↔s, LC KR Diphthong",LC KR Diphthong,miércoles,ˈmjeɾkoles,mjerkoes,"m↔m,j↔j,e↔e,ɾ↔r,k↔k,o↔o,l↔∅,e↔e,s↔s",1.0
2020-10-21,92,1,"IPA Target ↔ IPA Actual; Orthography (Group), IPA Target (Group), IPA Actual (Group), Alignment (Group), Notes (Group)","(7...8) ↔ (0...0); (0...9), (0...10), (0...8), (0...35), (0...15)",l,,l:O↔∅,"l ↔ ∅; miércoles, ˈmjeɾkoles, mjerkoes, m↔m,j↔j,e↔e,ɾ↔r,k↔k,o↔o,l↔∅,e↔e,s↔s, LC KR Diphthong",S401.S401_EFE-A_Pre_05_20_2024.csv,Queries_Target_v2,Consonants,Pre,Spanish,S401,S401,EFE-A,Pre,l ↔ ∅,"miércoles, ˈmjeɾkoles, mjerkoes, m↔m,j↔j,e↔e,ɾ↔r,k↔k,o↔o,l↔∅,e↔e,s↔s, LC KR Diphthong",LC KR Diphthong,miércoles,ˈmjeɾkoles,mjerkoes,"m↔m,j↔j,e↔e,ɾ↔r,k↔k,o↔o,l↔∅,e↔e,s↔s",0.0
2020-10-21,92,1,"IPA Target ↔ IPA Actual; Orthography (Group), IPA Target (Group), IPA Actual (Group), Alignment (Group), Notes (Group)","(9...10) ↔ (7...8); (0...9), (0...10), (0...8), (0...35), (0...15)",s,s,s:C↔s:C,"s ↔ s; miércoles, ˈmjeɾkoles, mjerkoes, m↔m,j↔j,e↔e,ɾ↔r,k↔k,o↔o,l↔∅,e↔e,s↔s, LC KR Diphthong",S401.S401_EFE-A_Pre_05_20_2024.csv,Queries_Target_v2,Consonants,Pre,Spanish,S401,S401,EFE-A,Pre,s ↔ s,"miércoles, ˈmjeɾkoles, mjerkoes, m↔m,j↔j,e↔e,ɾ↔r,k↔k,o↔o,l↔∅,e↔e,s↔s, LC KR Diphthong",LC KR Diphthong,miércoles,ˈmjeɾkoles,mjerkoes,"m↔m,j↔j,e↔e,ɾ↔r,k↔k,o↔o,l↔∅,e↔e,s↔s",1.0
2020-10-21,93,1,"IPA Target ↔ IPA Actual; Orthography (Group), IPA Target (Group), IPA Actual (Group), Alignment (Group), Notes (Group)","(1...2) ↔ (0...0); (0...5), (0...6), (0...4), (0...19), (0...3)",r,,r:O↔∅,"r ↔ ∅; ruego, ˈrweɡo, vego, r↔∅,w↔v,e↔e,ɡ↔g,o↔o, LC ",S401.S401_EFE-A_Pre_05_20_2024.csv,Queries_Target_v2,Consonants,Pre,Spanish,S401,S401,EFE-A,Pre,r ↔ ∅,"ruego, ˈrweɡo, vego, r↔∅,w↔v,e↔e,ɡ↔g,o↔o, LC",LC ,ruego,ˈrweɡo,vego,"r↔∅,w↔v,e↔e,ɡ↔g,o↔o",0.0
2020-10-21,93,1,"IPA Target ↔ IPA Actual; Orthography (Group), IPA Target (Group), IPA Actual (Group), Alignment (Group), Notes (Group)","(2...3) ↔ (0...1); (0...5), (0...6), (0...4), (0...19), (0...3)",w,v,w:O↔v:O,"w ↔ v; ruego, ˈrweɡo, vego, r↔∅,w↔v,e↔e,ɡ↔g,o↔o, LC ",S401.S401_EFE-A_Pre_05_20_2024.csv,Queries_Target_v2,Consonants,Pre,Spanish,S401,S401,EFE-A,Pre,w ↔ v,"ruego, ˈrweɡo, vego, r↔∅,w↔v,e↔e,ɡ↔g,o↔o, LC",LC ,ruego,ˈrweɡo,vego,"r↔∅,w↔v,e↔e,ɡ↔g,o↔o",0.5
2020-10-21,93,1,"IPA Target ↔ IPA Actual; Orthography (Group), IPA Target (Group), IPA Actual (Group), Alignment (Group), Notes (Group)","(4...5) ↔ (2...3); (0...5), (0...6), (0...4), (0...19), (0...3)",ɡ,ɡ,ɡ:O↔g:O,"ɡ ↔ g; ruego, ˈrweɡo, vego, r↔∅,w↔v,e↔e,ɡ↔g,o↔o, LC ",S401.S401_EFE-A_Pre_05_20_2024.csv,Queries_Target_v2,Consonants,Pre,Spanish,S401,S401,EFE-A,Pre,ɡ ↔ g,"ruego, ˈrweɡo, vego, r↔∅,w↔v,e↔e,ɡ↔g,o↔o, LC",LC ,ruego,ˈrweɡo,vego,"r↔∅,w↔v,e↔e,ɡ↔g,o↔o",1.0
2020-10-21,94,1,"IPA Target ↔ IPA Actual; Orthography (Group), IPA Target (Group), IPA Actual (Group), Alignment (Group), Notes (Group)","(0...1) ↔ (0...1); (0...4), (0...4), (0...4), (0...15), (0...15)",s,ʧ,s:O↔ʧ:O,"s ↔ ʧ; cien, sjen, ʧjen, s↔ʧ,j↔j,e↔e,n↔n, LC KR--> /ʧjen/",S401.S401_EFE-A_Pre_05_20_2024.csv,Queries_Target_v2,Consonants,Pre,Spanish,S401,S401,EFE-A,Pre,s ↔ ʧ,"cien, sjen, ʧjen, s↔ʧ,j↔j,e↔e,n↔n, LC KR--> /ʧjen/",LC KR--> /ʧjen/,cien,sjen,ʧjen,"s↔ʧ,j↔j,e↔e,n↔n",0.5294117647058824
2020-10-21,94,1,"IPA Target ↔ IPA Actual; Orthography (Group), IPA Target (Group), IPA Actual (Group), Alignment (Group), Notes (Group)","(1...2) ↔ (1...2); (0...4), (0...4), (0...4), (0...15), (0...15)",j,j,j:O↔j:O,"j ↔ j; cien, sjen, ʧjen, s↔ʧ,j↔j,e↔e,n↔n, LC KR--> /ʧjen/",S401.S401_EFE-A_Pre_05_20_2024.csv,Queries_Target_v2,Consonants,Pre,Spanish,S401,S401,EFE-A,Pre,j ↔ j,"cien, sjen, ʧjen, s↔ʧ,j↔j,e↔e,n↔n, LC KR--> /ʧjen/",LC KR--> /ʧjen/,cien,sjen,ʧjen,"s↔ʧ,j↔j,e↔e,n↔n",1.0
2020-10-21,94,1,"IPA Target ↔ IPA Actual; Orthography (Group), IPA Target (Group), IPA Actual (Group), Alignment (Group), Notes (Group)","(3...4) ↔ (3...4); (0...4), (0...4), (0...4), (0...15), (0...15)",n,n,n:C↔n:C,"n ↔ n; cien, sjen, ʧjen, s↔ʧ,j↔j,e↔e,n↔n, LC KR--> /ʧjen/",S401.S401_EFE-A_Pre_05_20_2024.csv,Queries_Target_v2,Consonants,Pre,Spanish,S401,S401,EFE-A,Pre,n ↔ n,"cien, sjen, ʧjen, s↔ʧ,j↔j,e↔e,n↔n, LC KR--> /ʧjen/",LC KR--> /ʧjen/,cien,sjen,ʧjen,"s↔ʧ,j↔j,e↔e,n↔n",1.0
2020-10-21,95,1,"IPA Target ↔ IPA Actual; Orthography (Group), IPA Target (Group), IPA Actual (Group), Alignment (Group), Notes (Group)","(0...1) ↔ (0...1); (0...8), (0...9), (0...7), (0...31), (0...2)",p,p,p:O↔p:O,"p ↔ p; pingüino, pinˈɡwino, pibwino, p↔p,i↔i,n↔∅,ɡ↔b,w↔w,i↔i,n↔n,o↔o, LC",S401.S401_EFE-A_Pre_05_20_2024.csv,Queries_Target_v2,Consonants,Pre,Spanish,S401,S401,EFE-A,Pre,p ↔ p,"pingüino, pinˈɡwino, pibwino, p↔p,i↔i,n↔∅,ɡ↔b,w↔w,i↔i,n↔n,o↔o, LC",LC,pingüino,pinˈɡwino,pibwino,"p↔p,i↔i,n↔∅,ɡ↔b,w↔w,i↔i,n↔n,o↔o",1.0
2020-10-21,95,1,"IPA Target ↔ IPA Actual; Orthography (Group), IPA Target (Group), IPA Actual (Group), Alignment (Group), Notes (Group)","(2...3) ↔ (0...0); (0...8), (0...9), (0...7), (0...31), (0...2)",n,,n:C↔∅,"n ↔ ∅; pingüino, pinˈɡwino, pibwino, p↔p,i↔i,n↔∅,ɡ↔b,w↔w,i↔i,n↔n,o↔o, LC",S401.S401_EFE-A_Pre_05_20_2024.csv,Queries_Target_v2,Consonants,Pre,Spanish,S401,S401,EFE-A,Pre,n ↔ ∅,"pingüino, pinˈɡwino, pibwino, p↔p,i↔i,n↔∅,ɡ↔b,w↔w,i↔i,n↔n,o↔o, LC",LC,pingüino,pinˈɡwino,pibwino,"p↔p,i↔i,n↔∅,ɡ↔b,w↔w,i↔i,n↔n,o↔o",0.0
2020-10-21,95,1,"IPA Target ↔ IPA Actual; Orthography (Group), IPA Target (Group), IPA Actual (Group), Alignment (Group), Notes (Group)","(4...5) ↔ (2...3); (0...8), (0...9), (0...7), (0...31), (0...2)",ɡ,b,ɡ:O↔b:O,"ɡ ↔ b; pingüino, pinˈɡwino, pibwino, p↔p,i↔i,n↔∅,ɡ↔b,w↔w,i↔i,n↔n,o↔o, LC",S401.S401_EFE-A_Pre_05_20_2024.csv,Queries_Target_v2,Consonants,Pre,Spanish,S401,S401,EFE-A,Pre,ɡ ↔ b,"pingüino, pinˈɡwino, pibwino, p↔p,i↔i,n↔∅,ɡ↔b,w↔w,i↔i,n↔n,o↔o, LC",LC,pingüino,pinˈɡwino,pibwino,"p↔p,i↔i,n↔∅,ɡ↔b,w↔w,i↔i,n↔n,o↔o",0.7058823529411765
2020-10-21,95,1,"IPA Target ↔ IPA Actual; Orthography (Group), IPA Target (Group), IPA Actual (Group), Alignment (Group), Notes (Group)","(5...6) ↔ (3...4); (0...8), (0...9), (0...7), (0...31), (0...2)",w,w,w:O↔w:O,"w ↔ w; pingüino, pinˈɡwino, pibwino, p↔p,i↔i,n↔∅,ɡ↔b,w↔w,i↔i,n↔n,o↔o, LC",S401.S401_EFE-A_Pre_05_20_2024.csv,Queries_Target_v2,Consonants,Pre,Spanish,S401,S401,EFE-A,Pre,w ↔ w,"pingüino, pinˈɡwino, pibwino, p↔p,i↔i,n↔∅,ɡ↔b,w↔w,i↔i,n↔n,o↔o, LC",LC,pingüino,pinˈɡwino,pibwino,"p↔p,i↔i,n↔∅,ɡ↔b,w↔w,i↔i,n↔n,o↔o",1.0
2020-10-21,95,1,"IPA Target ↔ IPA Actual; Orthography (Group), IPA Target (Group), IPA Actual (Group), Alignment (Group), Notes (Group)","(7...8) ↔ (5...6); (0...8), (0...9), (0...7), (0...31), (0...2)",n,n,n:O↔n:O,"n ↔ n; pingüino, pinˈɡwino, pibwino, p↔p,i↔i,n↔∅,ɡ↔b,w↔w,i↔i,n↔n,o↔o, LC",S401.S401_EFE-A_Pre_05_20_2024.csv,Queries_Target_v2,Consonants,Pre,Spanish,S401,S401,EFE-A,Pre,n ↔ n,"pingüino, pinˈɡwino, pibwino, p↔p,i↔i,n↔∅,ɡ↔b,w↔w,i↔i,n↔n,o↔o, LC",LC,pingüino,pinˈɡwino,pibwino,"p↔p,i↔i,n↔∅,ɡ↔b,w↔w,i↔i,n↔n,o↔o",1.0
2020-10-21,96,1,"IPA Target ↔ IPA Actual; Orthography (Group), IPA Target (Group), IPA Actual (Group), Alignment (Group), Notes (Group)","(1...2) ↔ (0...1); (0...6), (0...7), (0...6), (0...24), (0...10)",r,r,r:O↔r:O,"r ↔ r; riesgo, ˈrjesɡo, resɡ͈o, r↔r,j↔∅,e↔e,s↔s,ɡ↔ɡ͈,o↔o, LC (noise)",S401.S401_EFE-A_Pre_05_20_2024.csv,Queries_Target_v2,Consonants,Pre,Spanish,S401,S401,EFE-A,Pre,r ↔ r,"riesgo, ˈrjesɡo, resɡ͈o, r↔r,j↔∅,e↔e,s↔s,ɡ↔ɡ͈,o↔o, LC (noise)",LC (noise),riesgo,ˈrjesɡo,resɡ͈o,"r↔r,j↔∅,e↔e,s↔s,ɡ↔ɡ͈,o↔o",1.0
2020-10-21,96,1,"IPA Target ↔ IPA Actual; Orthography (Group), IPA Target (Group), IPA Actual (Group), Alignment (Group), Notes (Group)","(2...3) ↔ (0...0); (0...6), (0...7), (0...6), (0...24), (0...10)",j,,j:O↔∅,"j ↔ ∅; riesgo, ˈrjesɡo, resɡ͈o, r↔r,j↔∅,e↔e,s↔s,ɡ↔ɡ͈,o↔o, LC (noise)",S401.S401_EFE-A_Pre_05_20_2024.csv,Queries_Target_v2,Consonants,Pre,Spanish,S401,S401,EFE-A,Pre,j ↔ ∅,"riesgo, ˈrjesɡo, resɡ͈o, r↔r,j↔∅,e↔e,s↔s,ɡ↔ɡ͈,o↔o, LC (noise)",LC (noise),riesgo,ˈrjesɡo,resɡ͈o,"r↔r,j↔∅,e↔e,s↔s,ɡ↔ɡ͈,o↔o",0.0
2020-10-21,96,1,"IPA Target ↔ IPA Actual; Orthography (Group), IPA Target (Group), IPA Actual (Group), Alignment (Group), Notes (Group)","(4...5) ↔ (2...3); (0...6), (0...7), (0...6), (0...24), (0...10)",s,s,s:C↔s:C,"s ↔ s; riesgo, ˈrjesɡo, resɡ͈o, r↔r,j↔∅,e↔e,s↔s,ɡ↔ɡ͈,o↔o, LC (noise)",S401.S401_EFE-A_Pre_05_20_2024.csv,Queries_Target_v2,Consonants,Pre,Spanish,S401,S401,EFE-A,Pre,s ↔ s,"riesgo, ˈrjesɡo, resɡ͈o, r↔r,j↔∅,e↔e,s↔s,ɡ↔ɡ͈,o↔o, LC (noise)",LC (noise),riesgo,ˈrjesɡo,resɡ͈o,"r↔r,j↔∅,e↔e,s↔s,ɡ↔ɡ͈,o↔o",1.0
2020-10-21,96,1,"IPA Target ↔ IPA Actual; Orthography (Group), IPA Target (Group), IPA Actual (Group), Alignment (Group), Notes (Group)","(5...6) ↔ (3...5); (0...6), (0...7), (0...6), (0...24), (0...10)",ɡ,ɡ͈,ɡ:O↔ɡ͈:O,"ɡ ↔ ɡ͈; riesgo, ˈrjesɡo, resɡ͈o, r↔r,j↔∅,e↔e,s↔s,ɡ↔ɡ͈,o↔o, LC (noise)",S401.S401_EFE-A_Pre_05_20_2024.csv,Queries_Target_v2,Consonants,Pre,Spanish,S401,S401,EFE-A,Pre,ɡ ↔ ɡ͈,"riesgo, ˈrjesɡo, resɡ͈o, r↔r,j↔∅,e↔e,s↔s,ɡ↔ɡ͈,o↔o, LC (noise)",LC (noise),riesgo,ˈrjesɡo,resɡ͈o,"r↔r,j↔∅,e↔e,s↔s,ɡ↔ɡ͈,o↔o",0.7058823529411765
2020-10-21,97,1,"IPA Target ↔ IPA Actual; Orthography (Group), IPA Target (Group), IPA Actual (Group), Alignment (Group), Notes (Group)","(1...2) ↔ (0...0); (0...6), (0...7), (0...5), (0...23), (0...2)",d,,d:O↔∅,"d ↔ ∅; duende, ˈdwende, bende, d↔∅,w↔b,e↔e,n↔n,d↔d,e↔e, LC",S401.S401_EFE-A_Pre_05_20_2024.csv,Queries_Target_v2,Consonants,Pre,Spanish,S401,S401,EFE-A,Pre,d ↔ ∅,"duende, ˈdwende, bende, d↔∅,w↔b,e↔e,n↔n,d↔d,e↔e, LC",LC,duende,ˈdwende,bende,"d↔∅,w↔b,e↔e,n↔n,d↔d,e↔e",0.0
2020-10-21,97,1,"IPA Target ↔ IPA Actual; Orthography (Group), IPA Target (Group), IPA Actual (Group), Alignment (Group), Notes (Group)","(2...3) ↔ (0...1); (0...6), (0...7), (0...5), (0...23), (0...2)",w,b,w:O↔b:O,"w ↔ b; duende, ˈdwende, bende, d↔∅,w↔b,e↔e,n↔n,d↔d,e↔e, LC",S401.S401_EFE-A_Pre_05_20_2024.csv,Queries_Target_v2,Consonants,Pre,Spanish,S401,S401,EFE-A,Pre,w ↔ b,"duende, ˈdwende, bende, d↔∅,w↔b,e↔e,n↔n,d↔d,e↔e, LC",LC,duende,ˈdwende,bende,"d↔∅,w↔b,e↔e,n↔n,d↔d,e↔e",0.5
2020-10-21,97,1,"IPA Target ↔ IPA Actual; Orthography (Group), IPA Target (Group), IPA Actual (Group), Alignment (Group), Notes (Group)","(4...5) ↔ (2...3); (0...6), (0...7), (0...5), (0...23), (0...2)",n,n,n:C↔n:C,"n ↔ n; duende, ˈdwende, bende, d↔∅,w↔b,e↔e,n↔n,d↔d,e↔e, LC",S401.S401_EFE-A_Pre_05_20_2024.csv,Queries_Target_v2,Consonants,Pre,Spanish,S401,S401,EFE-A,Pre,n ↔ n,"duende, ˈdwende, bende, d↔∅,w↔b,e↔e,n↔n,d↔d,e↔e, LC",LC,duende,ˈdwende,bende,"d↔∅,w↔b,e↔e,n↔n,d↔d,e↔e",1.0
2020-10-21,97,1,"IPA Target ↔ IPA Actual; Orthography (Group), IPA Target (Group), IPA Actual (Group), Alignment (Group), Notes (Group)","(5...6) ↔ (3...4); (0...6), (0...7), (0...5), (0...23), (0...2)",d,d,d:O↔d:O,"d ↔ d; duende, ˈdwende, bende, d↔∅,w↔b,e↔e,n↔n,d↔d,e↔e, LC",S401.S401_EFE-A_Pre_05_20_2024.csv,Queries_Target_v2,Consonants,Pre,Spanish,S401,S401,EFE-A,Pre,d ↔ d,"duende, ˈdwende, bende, d↔∅,w↔b,e↔e,n↔n,d↔d,e↔e, LC",LC,duende,ˈdwende,bende,"d↔∅,w↔b,e↔e,n↔n,d↔d,e↔e",1.0
2020-10-21,98,1,"IPA Target ↔ IPA Actual; Orthography (Group), IPA Target (Group), IPA Actual (Group), Alignment (Group), Notes (Group)","(1...2) ↔ (0...1); (0...5), (0...6), (0...5), (0...19), (0...3)",f,f,f:O↔f:O,"f ↔ f; fuego, ˈfweɡo, fwego, f↔f,w↔w,e↔e,ɡ↔g,o↔o,  LC",S401.S401_EFE-A_Pre_05_20_2024.csv,Queries_Target_v2,Consonants,Pre,Spanish,S401,S401,EFE-A,Pre,f ↔ f,"fuego, ˈfweɡo, fwego, f↔f,w↔w,e↔e,ɡ↔g,o↔o,  LC", LC,fuego,ˈfweɡo,fwego,"f↔f,w↔w,e↔e,ɡ↔g,o↔o",1.0
2020-10-21,98,1,"IPA Target ↔ IPA Actual; Orthography (Group), IPA Target (Group), IPA Actual (Group), Alignment (Group), Notes (Group)","(2...3) ↔ (1...2); (0...5), (0...6), (0...5), (0...19), (0...3)",w,w,w:O↔w:O,"w ↔ w; fuego, ˈfweɡo, fwego, f↔f,w↔w,e↔e,ɡ↔g,o↔o,  LC",S401.S401_EFE-A_Pre_05_20_2024.csv,Queries_Target_v2,Consonants,Pre,Spanish,S401,S401,EFE-A,Pre,w ↔ w,"fuego, ˈfweɡo, fwego, f↔f,w↔w,e↔e,ɡ↔g,o↔o,  LC", LC,fuego,ˈfweɡo,fwego,"f↔f,w↔w,e↔e,ɡ↔g,o↔o",1.0
2020-10-21,98,1,"IPA Target ↔ IPA Actual; Orthography (Group), IPA Target (Group), IPA Actual (Group), Alignment (Group), Notes (Group)","(4...5) ↔ (3...4); (0...5), (0...6), (0...5), (0...19), (0...3)",ɡ,ɡ,ɡ:O↔g:O,"ɡ ↔ g; fuego, ˈfweɡo, fwego, f↔f,w↔w,e↔e,ɡ↔g,o↔o,  LC",S401.S401_EFE-A_Pre_05_20_2024.csv,Queries_Target_v2,Consonants,Pre,Spanish,S401,S401,EFE-A,Pre,ɡ ↔ g,"fuego, ˈfweɡo, fwego, f↔f,w↔w,e↔e,ɡ↔g,o↔o,  LC", LC,fuego,ˈfweɡo,fwego,"f↔f,w↔w,e↔e,ɡ↔g,o↔o",1.0
2020-10-21,99,1,"IPA Target ↔ IPA Actual; Orthography (Group), IPA Target (Group), IPA Actual (Group), Alignment (Group), Notes (Group)","(0...1) ↔ (0...1); (0...5), (0...6), (0...5), (0...19), (0...2)",n,n,n:O↔n:O,"n ↔ n; nadar, naˈdaɾ, nadaɾ, n↔n,a↔a,d↔d,a↔a,ɾ↔ɾ, LC",S401.S401_EFE-A_Pre_05_20_2024.csv,Queries_Target_v2,Consonants,Pre,Spanish,S401,S401,EFE-A,Pre,n ↔ n,"nadar, naˈdaɾ, nadaɾ, n↔n,a↔a,d↔d,a↔a,ɾ↔ɾ, LC",LC,nadar,naˈdaɾ,nadaɾ,"n↔n,a↔a,d↔d,a↔a,ɾ↔ɾ",1.0
2020-10-21,99,1,"IPA Target ↔ IPA Actual; Orthography (Group), IPA Target (Group), IPA Actual (Group), Alignment (Group), Notes (Group)","(3...4) ↔ (2...3); (0...5), (0...6), (0...5), (0...19), (0...2)",d,d,d:O↔d:O,"d ↔ d; nadar, naˈdaɾ, nadaɾ, n↔n,a↔a,d↔d,a↔a,ɾ↔ɾ, LC",S401.S401_EFE-A_Pre_05_20_2024.csv,Queries_Target_v2,Consonants,Pre,Spanish,S401,S401,EFE-A,Pre,d ↔ d,"nadar, naˈdaɾ, nadaɾ, n↔n,a↔a,d↔d,a↔a,ɾ↔ɾ, LC",LC,nadar,naˈdaɾ,nadaɾ,"n↔n,a↔a,d↔d,a↔a,ɾ↔ɾ",1.0
2020-10-21,99,1,"IPA Target ↔ IPA Actual; Orthography (Group), IPA Target (Group), IPA Actual (Group), Alignment (Group), Notes (Group)","(5...6) ↔ (4...5); (0...5), (0...6), (0...5), (0...19), (0...2)",ɾ,ɾ,ɾ:C↔ɾ:C,"ɾ ↔ ɾ; nadar, naˈdaɾ, nadaɾ, n↔n,a↔a,d↔d,a↔a,ɾ↔ɾ, LC",S401.S401_EFE-A_Pre_05_20_2024.csv,Queries_Target_v2,Consonants,Pre,Spanish,S401,S401,EFE-A,Pre,ɾ ↔ ɾ,"nadar, naˈdaɾ, nadaɾ, n↔n,a↔a,d↔d,a↔a,ɾ↔ɾ, LC",LC,nadar,naˈdaɾ,nadaɾ,"n↔n,a↔a,d↔d,a↔a,ɾ↔ɾ",1.0
2020-10-21,100,1,"IPA Target ↔ IPA Actual; Orthography (Group), IPA Target (Group), IPA Actual (Group), Alignment (Group), Notes (Group)","(1...2) ↔ (0...1); (0...5), (0...6), (0...5), (0...19), (0...2)",p,p,p:O↔p:O,"p ↔ p; pulpo, ˈpulpo, pulpo, p↔p,u↔u,l↔l,p↔p,o↔o, LC",S401.S401_EFE-A_Pre_05_20_2024.csv,Queries_Target_v2,Consonants,Pre,Spanish,S401,S401,EFE-A,Pre,p ↔ p,"pulpo, ˈpulpo, pulpo, p↔p,u↔u,l↔l,p↔p,o↔o, LC",LC,pulpo,ˈpulpo,pulpo,"p↔p,u↔u,l↔l,p↔p,o↔o",1.0
2020-10-21,100,1,"IPA Target ↔ IPA Actual; Orthography (Group), IPA Target (Group), IPA Actual (Group), Alignment (Group), Notes (Group)","(3...4) ↔ (2...3); (0...5), (0...6), (0...5), (0...19), (0...2)",l,l,l:C↔l:C,"l ↔ l; pulpo, ˈpulpo, pulpo, p↔p,u↔u,l↔l,p↔p,o↔o, LC",S401.S401_EFE-A_Pre_05_20_2024.csv,Queries_Target_v2,Consonants,Pre,Spanish,S401,S401,EFE-A,Pre,l ↔ l,"pulpo, ˈpulpo, pulpo, p↔p,u↔u,l↔l,p↔p,o↔o, LC",LC,pulpo,ˈpulpo,pulpo,"p↔p,u↔u,l↔l,p↔p,o↔o",1.0
2020-10-21,100,1,"IPA Target ↔ IPA Actual; Orthography (Group), IPA Target (Group), IPA Actual (Group), Alignment (Group), Notes (Group)","(4...5) ↔ (3...4); (0...5), (0...6), (0...5), (0...19), (0...2)",p,p,p:O↔p:O,"p ↔ p; pulpo, ˈpulpo, pulpo, p↔p,u↔u,l↔l,p↔p,o↔o, LC",S401.S401_EFE-A_Pre_05_20_2024.csv,Queries_Target_v2,Consonants,Pre,Spanish,S401,S401,EFE-A,Pre,p ↔ p,"pulpo, ˈpulpo, pulpo, p↔p,u↔u,l↔l,p↔p,o↔o, LC",LC,pulpo,ˈpulpo,pulpo,"p↔p,u↔u,l↔l,p↔p,o↔o",1.0
2020-10-21,101,1,"IPA Target ↔ IPA Actual; Orthography (Group), IPA Target (Group), IPA Actual (Group), Alignment (Group), Notes (Group)","(2...3) ↔ (1...2); (0...6), (0...7), (0...6), (0...23), (0...2)",b,b,b:O↔b:O,"b ↔ b; abrigo, aˈbɾiɡo, abwigo, a↔a,b↔b,ɾ↔w,i↔i,ɡ↔g,o↔o, LC",S401.S401_EFE-A_Pre_05_20_2024.csv,Queries_Target_v2,Consonants,Pre,Spanish,S401,S401,EFE-A,Pre,b ↔ b,"abrigo, aˈbɾiɡo, abwigo, a↔a,b↔b,ɾ↔w,i↔i,ɡ↔g,o↔o, LC",LC,abrigo,aˈbɾiɡo,abwigo,"a↔a,b↔b,ɾ↔w,i↔i,ɡ↔g,o↔o",1.0
2020-10-21,101,1,"IPA Target ↔ IPA Actual; Orthography (Group), IPA Target (Group), IPA Actual (Group), Alignment (Group), Notes (Group)","(3...4) ↔ (2...3); (0...6), (0...7), (0...6), (0...23), (0...2)",ɾ,w,ɾ:O↔w:O,"ɾ ↔ w; abrigo, aˈbɾiɡo, abwigo, a↔a,b↔b,ɾ↔w,i↔i,ɡ↔g,o↔o, LC",S401.S401_EFE-A_Pre_05_20_2024.csv,Queries_Target_v2,Consonants,Pre,Spanish,S401,S401,EFE-A,Pre,ɾ ↔ w,"abrigo, aˈbɾiɡo, abwigo, a↔a,b↔b,ɾ↔w,i↔i,ɡ↔g,o↔o, LC",LC,abrigo,aˈbɾiɡo,abwigo,"a↔a,b↔b,ɾ↔w,i↔i,ɡ↔g,o↔o",0.5
2020-10-21,101,1,"IPA Target ↔ IPA Actual; Orthography (Group), IPA Target (Group), IPA Actual (Group), Alignment (Group), Notes (Group)","(5...6) ↔ (4...5); (0...6), (0...7), (0...6), (0...23), (0...2)",ɡ,ɡ,ɡ:O↔g:O,"ɡ ↔ g; abrigo, aˈbɾiɡo, abwigo, a↔a,b↔b,ɾ↔w,i↔i,ɡ↔g,o↔o, LC",S401.S401_EFE-A_Pre_05_20_2024.csv,Queries_Target_v2,Consonants,Pre,Spanish,S401,S401,EFE-A,Pre,ɡ ↔ g,"abrigo, aˈbɾiɡo, abwigo, a↔a,b↔b,ɾ↔w,i↔i,ɡ↔g,o↔o, LC",LC,abrigo,aˈbɾiɡo,abwigo,"a↔a,b↔b,ɾ↔w,i↔i,ɡ↔g,o↔o",1.0
2020-10-21,102,1,"IPA Target ↔ IPA Actual; Orthography (Group), IPA Target (Group), IPA Actual (Group), Alignment (Group), Notes (Group)","(1...2) ↔ (1...2); (0...7), (0...8), (0...7), (0...27), (0...2)",s,s,s:C↔s:C,"s ↔ s; espalda, esˈpalda, espalda, e↔e,s↔s,p↔p,a↔a,l↔l,d↔d,a↔a, LC",S401.S401_EFE-A_Pre_05_20_2024.csv,Queries_Target_v2,Consonants,Pre,Spanish,S401,S401,EFE-A,Pre,s ↔ s,"espalda, esˈpalda, espalda, e↔e,s↔s,p↔p,a↔a,l↔l,d↔d,a↔a, LC",LC,espalda,esˈpalda,espalda,"e↔e,s↔s,p↔p,a↔a,l↔l,d↔d,a↔a",1.0
2020-10-21,102,1,"IPA Target ↔ IPA Actual; Orthography (Group), IPA Target (Group), IPA Actual (Group), Alignment (Group), Notes (Group)","(3...4) ↔ (2...3); (0...7), (0...8), (0...7), (0...27), (0...2)",p,p,p:O↔p:O,"p ↔ p; espalda, esˈpalda, espalda, e↔e,s↔s,p↔p,a↔a,l↔l,d↔d,a↔a, LC",S401.S401_EFE-A_Pre_05_20_2024.csv,Queries_Target_v2,Consonants,Pre,Spanish,S401,S401,EFE-A,Pre,p ↔ p,"espalda, esˈpalda, espalda, e↔e,s↔s,p↔p,a↔a,l↔l,d↔d,a↔a, LC",LC,espalda,esˈpalda,espalda,"e↔e,s↔s,p↔p,a↔a,l↔l,d↔d,a↔a",1.0
2020-10-21,102,1,"IPA Target ↔ IPA Actual; Orthography (Group), IPA Target (Group), IPA Actual (Group), Alignment (Group), Notes (Group)","(5...6) ↔ (4...5); (0...7), (0...8), (0...7), (0...27), (0...2)",l,l,l:C↔l:C,"l ↔ l; espalda, esˈpalda, espalda, e↔e,s↔s,p↔p,a↔a,l↔l,d↔d,a↔a, LC",S401.S401_EFE-A_Pre_05_20_2024.csv,Queries_Target_v2,Consonants,Pre,Spanish,S401,S401,EFE-A,Pre,l ↔ l,"espalda, esˈpalda, espalda, e↔e,s↔s,p↔p,a↔a,l↔l,d↔d,a↔a, LC",LC,espalda,esˈpalda,espalda,"e↔e,s↔s,p↔p,a↔a,l↔l,d↔d,a↔a",1.0
2020-10-21,102,1,"IPA Target ↔ IPA Actual; Orthography (Group), IPA Target (Group), IPA Actual (Group), Alignment (Group), Notes (Group)","(6...7) ↔ (5...6); (0...7), (0...8), (0...7), (0...27), (0...2)",d,d,d:O↔d:O,"d ↔ d; espalda, esˈpalda, espalda, e↔e,s↔s,p↔p,a↔a,l↔l,d↔d,a↔a, LC",S401.S401_EFE-A_Pre_05_20_2024.csv,Queries_Target_v2,Consonants,Pre,Spanish,S401,S401,EFE-A,Pre,d ↔ d,"espalda, esˈpalda, espalda, e↔e,s↔s,p↔p,a↔a,l↔l,d↔d,a↔a, LC",LC,espalda,esˈpalda,espalda,"e↔e,s↔s,p↔p,a↔a,l↔l,d↔d,a↔a",1.0
2020-10-21,103,1,"IPA Target ↔ IPA Actual; Orthography (Group), IPA Target (Group), IPA Actual (Group), Alignment (Group), Notes (Group)","(1...2) ↔ (0...1); (0...6), (0...7), (0...4), (0...23), (0...6)",ɡ,ɡ,ɡ:O↔g:O,"ɡ ↔ g; granja, ˈɡɾanxa, gaxa, ɡ↔g,ɾ↔∅,a↔a,n↔∅,x↔x,a↔a, LC 2/3",S401.S401_EFE-A_Pre_05_20_2024.csv,Queries_Target_v2,Consonants,Pre,Spanish,S401,S401,EFE-A,Pre,ɡ ↔ g,"granja, ˈɡɾanxa, gaxa, ɡ↔g,ɾ↔∅,a↔a,n↔∅,x↔x,a↔a, LC 2/3",LC 2/3,granja,ˈɡɾanxa,gaxa,"ɡ↔g,ɾ↔∅,a↔a,n↔∅,x↔x,a↔a",1.0
2020-10-21,103,1,"IPA Target ↔ IPA Actual; Orthography (Group), IPA Target (Group), IPA Actual (Group), Alignment (Group), Notes (Group)","(2...3) ↔ (0...0); (0...6), (0...7), (0...4), (0...23), (0...6)",ɾ,,ɾ:O↔∅,"ɾ ↔ ∅; granja, ˈɡɾanxa, gaxa, ɡ↔g,ɾ↔∅,a↔a,n↔∅,x↔x,a↔a, LC 2/3",S401.S401_EFE-A_Pre_05_20_2024.csv,Queries_Target_v2,Consonants,Pre,Spanish,S401,S401,EFE-A,Pre,ɾ ↔ ∅,"granja, ˈɡɾanxa, gaxa, ɡ↔g,ɾ↔∅,a↔a,n↔∅,x↔x,a↔a, LC 2/3",LC 2/3,granja,ˈɡɾanxa,gaxa,"ɡ↔g,ɾ↔∅,a↔a,n↔∅,x↔x,a↔a",0.0
2020-10-21,103,1,"IPA Target ↔ IPA Actual; Orthography (Group), IPA Target (Group), IPA Actual (Group), Alignment (Group), Notes (Group)","(4...5) ↔ (0...0); (0...6), (0...7), (0...4), (0...23), (0...6)",n,,n:C↔∅,"n ↔ ∅; granja, ˈɡɾanxa, gaxa, ɡ↔g,ɾ↔∅,a↔a,n↔∅,x↔x,a↔a, LC 2/3",S401.S401_EFE-A_Pre_05_20_2024.csv,Queries_Target_v2,Consonants,Pre,Spanish,S401,S401,EFE-A,Pre,n ↔ ∅,"granja, ˈɡɾanxa, gaxa, ɡ↔g,ɾ↔∅,a↔a,n↔∅,x↔x,a↔a, LC 2/3",LC 2/3,granja,ˈɡɾanxa,gaxa,"ɡ↔g,ɾ↔∅,a↔a,n↔∅,x↔x,a↔a",0.0
2020-10-21,103,1,"IPA Target ↔ IPA Actual; Orthography (Group), IPA Target (Group), IPA Actual (Group), Alignment (Group), Notes (Group)","(5...6) ↔ (2...3); (0...6), (0...7), (0...4), (0...23), (0...6)",x,x,x:O↔x:O,"x ↔ x; granja, ˈɡɾanxa, gaxa, ɡ↔g,ɾ↔∅,a↔a,n↔∅,x↔x,a↔a, LC 2/3",S401.S401_EFE-A_Pre_05_20_2024.csv,Queries_Target_v2,Consonants,Pre,Spanish,S401,S401,EFE-A,Pre,x ↔ x,"granja, ˈɡɾanxa, gaxa, ɡ↔g,ɾ↔∅,a↔a,n↔∅,x↔x,a↔a, LC 2/3",LC 2/3,granja,ˈɡɾanxa,gaxa,"ɡ↔g,ɾ↔∅,a↔a,n↔∅,x↔x,a↔a",1.0
2020-10-21,104,1,"IPA Target ↔ IPA Actual; Orthography (Group), IPA Target (Group), IPA Actual (Group), Alignment (Group), Notes (Group)","(0...1) ↔ (0...1); (0...4), (0...4), (0...3), (0...15), (0...2)",t,t,t:O↔t:O,"t ↔ t; tren, tɾen, ten, t↔t,ɾ↔∅,e↔e,n↔n, LC",S401.S401_EFE-A_Pre_05_20_2024.csv,Queries_Target_v2,Consonants,Pre,Spanish,S401,S401,EFE-A,Pre,t ↔ t,"tren, tɾen, ten, t↔t,ɾ↔∅,e↔e,n↔n, LC",LC,tren,tɾen,ten,"t↔t,ɾ↔∅,e↔e,n↔n",1.0
2020-10-21,104,1,"IPA Target ↔ IPA Actual; Orthography (Group), IPA Target (Group), IPA Actual (Group), Alignment (Group), Notes (Group)","(1...2) ↔ (0...0); (0...4), (0...4), (0...3), (0...15), (0...2)",ɾ,,ɾ:O↔∅,"ɾ ↔ ∅; tren, tɾen, ten, t↔t,ɾ↔∅,e↔e,n↔n, LC",S401.S401_EFE-A_Pre_05_20_2024.csv,Queries_Target_v2,Consonants,Pre,Spanish,S401,S401,EFE-A,Pre,ɾ ↔ ∅,"tren, tɾen, ten, t↔t,ɾ↔∅,e↔e,n↔n, LC",LC,tren,tɾen,ten,"t↔t,ɾ↔∅,e↔e,n↔n",0.0
2020-10-21,104,1,"IPA Target ↔ IPA Actual; Orthography (Group), IPA Target (Group), IPA Actual (Group), Alignment (Group), Notes (Group)","(3...4) ↔ (2...3); (0...4), (0...4), (0...3), (0...15), (0...2)",n,n,n:C↔n:C,"n ↔ n; tren, tɾen, ten, t↔t,ɾ↔∅,e↔e,n↔n, LC",S401.S401_EFE-A_Pre_05_20_2024.csv,Queries_Target_v2,Consonants,Pre,Spanish,S401,S401,EFE-A,Pre,n ↔ n,"tren, tɾen, ten, t↔t,ɾ↔∅,e↔e,n↔n, LC",LC,tren,tɾen,ten,"t↔t,ɾ↔∅,e↔e,n↔n",1.0
2020-10-21,105,1,"IPA Target ↔ IPA Actual; Orthography (Group), IPA Target (Group), IPA Actual (Group), Alignment (Group), Notes (Group)","(0...1) ↔ (0...1); (0...8), (0...7), (0...6), (0...23), (0...6)",k,k,k:O↔k:O,"k ↔ k; cachucha, kaˈʧuʧa, kaʧusa, k↔k,a↔a,ʧ↔ʧ,u↔u,ʧ↔s,a↔a, LC 3/3",S401.S401_EFE-A_Pre_05_20_2024.csv,Queries_Target_v2,Consonants,Pre,Spanish,S401,S401,EFE-A,Pre,k ↔ k,"cachucha, kaˈʧuʧa, kaʧusa, k↔k,a↔a,ʧ↔ʧ,u↔u,ʧ↔s,a↔a, LC 3/3",LC 3/3,cachucha,kaˈʧuʧa,kaʧusa,"k↔k,a↔a,ʧ↔ʧ,u↔u,ʧ↔s,a↔a",1.0
2020-10-21,105,1,"IPA Target ↔ IPA Actual; Orthography (Group), IPA Target (Group), IPA Actual (Group), Alignment (Group), Notes (Group)","(3...4) ↔ (2...3); (0...8), (0...7), (0...6), (0...23), (0...6)",ʧ,ʧ,ʧ:O↔ʧ:O,"ʧ ↔ ʧ; cachucha, kaˈʧuʧa, kaʧusa, k↔k,a↔a,ʧ↔ʧ,u↔u,ʧ↔s,a↔a, LC 3/3",S401.S401_EFE-A_Pre_05_20_2024.csv,Queries_Target_v2,Consonants,Pre,Spanish,S401,S401,EFE-A,Pre,ʧ ↔ ʧ,"cachucha, kaˈʧuʧa, kaʧusa, k↔k,a↔a,ʧ↔ʧ,u↔u,ʧ↔s,a↔a, LC 3/3",LC 3/3,cachucha,kaˈʧuʧa,kaʧusa,"k↔k,a↔a,ʧ↔ʧ,u↔u,ʧ↔s,a↔a",1.0
2020-10-21,105,1,"IPA Target ↔ IPA Actual; Orthography (Group), IPA Target (Group), IPA Actual (Group), Alignment (Group), Notes (Group)","(5...6) ↔ (4...5); (0...8), (0...7), (0...6), (0...23), (0...6)",ʧ,s,ʧ:O↔s:O,"ʧ ↔ s; cachucha, kaˈʧuʧa, kaʧusa, k↔k,a↔a,ʧ↔ʧ,u↔u,ʧ↔s,a↔a, LC 3/3",S401.S401_EFE-A_Pre_05_20_2024.csv,Queries_Target_v2,Consonants,Pre,Spanish,S401,S401,EFE-A,Pre,ʧ ↔ s,"cachucha, kaˈʧuʧa, kaʧusa, k↔k,a↔a,ʧ↔ʧ,u↔u,ʧ↔s,a↔a, LC 3/3",LC 3/3,cachucha,kaˈʧuʧa,kaʧusa,"k↔k,a↔a,ʧ↔ʧ,u↔u,ʧ↔s,a↔a",0.5294117647058824
2020-10-21,106,1,"IPA Target ↔ IPA Actual; Orthography (Group), IPA Target (Group), IPA Actual (Group), Alignment (Group), Notes (Group)","(1...2) ↔ (0...1); (0...4), (0...5), (0...4), (0...15), (0...2)",f,f,f:O↔f:O,"f ↔ f; foca, ˈfoka, fota, f↔f,o↔o,k↔t,a↔a, LC",S401.S401_EFE-A_Pre_05_20_2024.csv,Queries_Target_v2,Consonants,Pre,Spanish,S401,S401,EFE-A,Pre,f ↔ f,"foca, ˈfoka, fota, f↔f,o↔o,k↔t,a↔a, LC",LC,foca,ˈfoka,fota,"f↔f,o↔o,k↔t,a↔a",1.0
2020-10-21,106,1,"IPA Target ↔ IPA Actual; Orthography (Group), IPA Target (Group), IPA Actual (Group), Alignment (Group), Notes (Group)","(3...4) ↔ (2...3); (0...4), (0...5), (0...4), (0...15), (0...2)",k,t,k:O↔t:O,"k ↔ t; foca, ˈfoka, fota, f↔f,o↔o,k↔t,a↔a, LC",S401.S401_EFE-A_Pre_05_20_2024.csv,Queries_Target_v2,Consonants,Pre,Spanish,S401,S401,EFE-A,Pre,k ↔ t,"foca, ˈfoka, fota, f↔f,o↔o,k↔t,a↔a, LC",LC,foca,ˈfoka,fota,"f↔f,o↔o,k↔t,a↔a",0.7058823529411765
2020-10-21,107,1,"IPA Target ↔ IPA Actual; Orthography (Group), IPA Target (Group), IPA Actual (Group), Alignment (Group), Notes (Group)","(1...2) ↔ (1...2); (0...8), (0...8), (0...7), (0...27), (0...2)",s,s,s:C↔s:C,"s ↔ s; estrella, esˈtɾeʝa, estɾeʝa, e↔e,s↔s,t↔t,ɾ↔ɾ,e↔e,ʝ↔ʝ,a↔a, LC",S401.S401_EFE-A_Pre_05_20_2024.csv,Queries_Target_v2,Consonants,Pre,Spanish,S401,S401,EFE-A,Pre,s ↔ s,"estrella, esˈtɾeʝa, estɾeʝa, e↔e,s↔s,t↔t,ɾ↔ɾ,e↔e,ʝ↔ʝ,a↔a, LC",LC,estrella,esˈtɾeʝa,estɾeʝa,"e↔e,s↔s,t↔t,ɾ↔ɾ,e↔e,ʝ↔ʝ,a↔a",1.0
2020-10-21,107,1,"IPA Target ↔ IPA Actual; Orthography (Group), IPA Target (Group), IPA Actual (Group), Alignment (Group), Notes (Group)","(3...4) ↔ (2...3); (0...8), (0...8), (0...7), (0...27), (0...2)",t,t,t:O↔t:O,"t ↔ t; estrella, esˈtɾeʝa, estɾeʝa, e↔e,s↔s,t↔t,ɾ↔ɾ,e↔e,ʝ↔ʝ,a↔a, LC",S401.S401_EFE-A_Pre_05_20_2024.csv,Queries_Target_v2,Consonants,Pre,Spanish,S401,S401,EFE-A,Pre,t ↔ t,"estrella, esˈtɾeʝa, estɾeʝa, e↔e,s↔s,t↔t,ɾ↔ɾ,e↔e,ʝ↔ʝ,a↔a, LC",LC,estrella,esˈtɾeʝa,estɾeʝa,"e↔e,s↔s,t↔t,ɾ↔ɾ,e↔e,ʝ↔ʝ,a↔a",1.0
2020-10-21,107,1,"IPA Target ↔ IPA Actual; Orthography (Group), IPA Target (Group), IPA Actual (Group), Alignment (Group), Notes (Group)","(4...5) ↔ (3...4); (0...8), (0...8), (0...7), (0...27), (0...2)",ɾ,ɾ,ɾ:O↔ɾ:O,"ɾ ↔ ɾ; estrella, esˈtɾeʝa, estɾeʝa, e↔e,s↔s,t↔t,ɾ↔ɾ,e↔e,ʝ↔ʝ,a↔a, LC",S401.S401_EFE-A_Pre_05_20_2024.csv,Queries_Target_v2,Consonants,Pre,Spanish,S401,S401,EFE-A,Pre,ɾ ↔ ɾ,"estrella, esˈtɾeʝa, estɾeʝa, e↔e,s↔s,t↔t,ɾ↔ɾ,e↔e,ʝ↔ʝ,a↔a, LC",LC,estrella,esˈtɾeʝa,estɾeʝa,"e↔e,s↔s,t↔t,ɾ↔ɾ,e↔e,ʝ↔ʝ,a↔a",1.0
2020-10-21,107,1,"IPA Target ↔ IPA Actual; Orthography (Group), IPA Target (Group), IPA Actual (Group), Alignment (Group), Notes (Group)","(6...7) ↔ (5...6); (0...8), (0...8), (0...7), (0...27), (0...2)",ʝ,ʝ,ʝ:O↔ʝ:O,"ʝ ↔ ʝ; estrella, esˈtɾeʝa, estɾeʝa, e↔e,s↔s,t↔t,ɾ↔ɾ,e↔e,ʝ↔ʝ,a↔a, LC",S401.S401_EFE-A_Pre_05_20_2024.csv,Queries_Target_v2,Consonants,Pre,Spanish,S401,S401,EFE-A,Pre,ʝ ↔ ʝ,"estrella, esˈtɾeʝa, estɾeʝa, e↔e,s↔s,t↔t,ɾ↔ɾ,e↔e,ʝ↔ʝ,a↔a, LC",LC,estrella,esˈtɾeʝa,estɾeʝa,"e↔e,s↔s,t↔t,ɾ↔ɾ,e↔e,ʝ↔ʝ,a↔a",1.0
2020-10-21,108,1,"IPA Target ↔ IPA Actual; Orthography (Group), IPA Target (Group), IPA Actual (Group), Alignment (Group), Notes (Group)","(1...2) ↔ (0...1); (0...4), (0...5), (0...4), (0...15), (0...123)",ɡ,ɡ,ɡ:O↔g:O,"ɡ ↔ g; gato, ˈɡato, gato, ɡ↔g,a↔a,t↔t,o↔o, LC KR Are there two /t/s? hilight each syllable on the spectrogram and listen. I hear /ga'to/ KC checked spectrogram, agree",S401.S401_EFE-A_Pre_05_20_2024.csv,Queries_Target_v2,Consonants,Pre,Spanish,S401,S401,EFE-A,Pre,ɡ ↔ g,"gato, ˈɡato, gato, ɡ↔g,a↔a,t↔t,o↔o, LC KR Are there two /t/s? hilight each syllable on the spectrogram and listen. I hear /ga'to/ KC checked spectrogram, agree","LC KR Are there two /t/s? hilight each syllable on the spectrogram and listen. I hear /ga'to/ KC checked spectrogram, agree",gato,ˈɡato,gato,"ɡ↔g,a↔a,t↔t,o↔o",1.0
2020-10-21,108,1,"IPA Target ↔ IPA Actual; Orthography (Group), IPA Target (Group), IPA Actual (Group), Alignment (Group), Notes (Group)","(3...4) ↔ (2...3); (0...4), (0...5), (0...4), (0...15), (0...123)",t,t,t:O↔t:O,"t ↔ t; gato, ˈɡato, gato, ɡ↔g,a↔a,t↔t,o↔o, LC KR Are there two /t/s? hilight each syllable on the spectrogram and listen. I hear /ga'to/ KC checked spectrogram, agree",S401.S401_EFE-A_Pre_05_20_2024.csv,Queries_Target_v2,Consonants,Pre,Spanish,S401,S401,EFE-A,Pre,t ↔ t,"gato, ˈɡato, gato, ɡ↔g,a↔a,t↔t,o↔o, LC KR Are there two /t/s? hilight each syllable on the spectrogram and listen. I hear /ga'to/ KC checked spectrogram, agree","LC KR Are there two /t/s? hilight each syllable on the spectrogram and listen. I hear /ga'to/ KC checked spectrogram, agree",gato,ˈɡato,gato,"ɡ↔g,a↔a,t↔t,o↔o",1.0
2020-10-21,109,1,"IPA Target ↔ IPA Actual; Orthography (Group), IPA Target (Group), IPA Actual (Group), Alignment (Group), Notes (Group)","(2...3) ↔ (1...2); (0...4), (0...4), (0...3), (0...11), (0...2)",m,m,m:O↔m:O,"m ↔ m; humo, ˈumo, umo, u↔u,m↔m,o↔o, LC",S401.S401_EFE-A_Pre_05_20_2024.csv,Queries_Target_v2,Consonants,Pre,Spanish,S401,S401,EFE-A,Pre,m ↔ m,"humo, ˈumo, umo, u↔u,m↔m,o↔o, LC",LC,humo,ˈumo,umo,"u↔u,m↔m,o↔o",1.0
2020-10-21,110,1,"IPA Target ↔ IPA Actual; Orthography (Group), IPA Target (Group), IPA Actual (Group), Alignment (Group), Notes (Group)","(1...2) ↔ (0...0); (0...5), (0...6), (0...4), (0...19), (0...2)",b,,b:O↔∅,"b ↔ ∅; bueno, ˈbweno, weno, b↔∅,w↔w,e↔e,n↔n,o↔o, LC",S401.S401_EFE-A_Pre_05_20_2024.csv,Queries_Target_v2,Consonants,Pre,Spanish,S401,S401,EFE-A,Pre,b ↔ ∅,"bueno, ˈbweno, weno, b↔∅,w↔w,e↔e,n↔n,o↔o, LC",LC,bueno,ˈbweno,weno,"b↔∅,w↔w,e↔e,n↔n,o↔o",0.0
2020-10-21,110,1,"IPA Target ↔ IPA Actual; Orthography (Group), IPA Target (Group), IPA Actual (Group), Alignment (Group), Notes (Group)","(2...3) ↔ (0...1); (0...5), (0...6), (0...4), (0...19), (0...2)",w,w,w:O↔w:O,"w ↔ w; bueno, ˈbweno, weno, b↔∅,w↔w,e↔e,n↔n,o↔o, LC",S401.S401_EFE-A_Pre_05_20_2024.csv,Queries_Target_v2,Consonants,Pre,Spanish,S401,S401,EFE-A,Pre,w ↔ w,"bueno, ˈbweno, weno, b↔∅,w↔w,e↔e,n↔n,o↔o, LC",LC,bueno,ˈbweno,weno,"b↔∅,w↔w,e↔e,n↔n,o↔o",1.0
2020-10-21,110,1,"IPA Target ↔ IPA Actual; Orthography (Group), IPA Target (Group), IPA Actual (Group), Alignment (Group), Notes (Group)","(4...5) ↔ (2...3); (0...5), (0...6), (0...4), (0...19), (0...2)",n,n,n:O↔n:O,"n ↔ n; bueno, ˈbweno, weno, b↔∅,w↔w,e↔e,n↔n,o↔o, LC",S401.S401_EFE-A_Pre_05_20_2024.csv,Queries_Target_v2,Consonants,Pre,Spanish,S401,S401,EFE-A,Pre,n ↔ n,"bueno, ˈbweno, weno, b↔∅,w↔w,e↔e,n↔n,o↔o, LC",LC,bueno,ˈbweno,weno,"b↔∅,w↔w,e↔e,n↔n,o↔o",1.0
2020-10-21,111,1,"IPA Target ↔ IPA Actual; Orthography (Group), IPA Target (Group), IPA Actual (Group), Alignment (Group), Notes (Group)","(1...2) ↔ (0...1); (0...6), (0...7), (0...6), (0...23), (0...4)",t,t,t:O↔t:O,"t ↔ t; tuerce, ˈtweɾse, tweɾθe, t↔t,w↔w,e↔e,ɾ↔ɾ,s↔θ,e↔e, LC  ",S401.S401_EFE-A_Pre_05_20_2024.csv,Queries_Target_v2,Consonants,Pre,Spanish,S401,S401,EFE-A,Pre,t ↔ t,"tuerce, ˈtweɾse, tweɾθe, t↔t,w↔w,e↔e,ɾ↔ɾ,s↔θ,e↔e, LC",LC  ,tuerce,ˈtweɾse,tweɾθe,"t↔t,w↔w,e↔e,ɾ↔ɾ,s↔θ,e↔e",1.0
2020-10-21,111,1,"IPA Target ↔ IPA Actual; Orthography (Group), IPA Target (Group), IPA Actual (Group), Alignment (Group), Notes (Group)","(2...3) ↔ (1...2); (0...6), (0...7), (0...6), (0...23), (0...4)",w,w,w:O↔w:O,"w ↔ w; tuerce, ˈtweɾse, tweɾθe, t↔t,w↔w,e↔e,ɾ↔ɾ,s↔θ,e↔e, LC  ",S401.S401_EFE-A_Pre_05_20_2024.csv,Queries_Target_v2,Consonants,Pre,Spanish,S401,S401,EFE-A,Pre,w ↔ w,"tuerce, ˈtweɾse, tweɾθe, t↔t,w↔w,e↔e,ɾ↔ɾ,s↔θ,e↔e, LC",LC  ,tuerce,ˈtweɾse,tweɾθe,"t↔t,w↔w,e↔e,ɾ↔ɾ,s↔θ,e↔e",1.0
2020-10-21,111,1,"IPA Target ↔ IPA Actual; Orthography (Group), IPA Target (Group), IPA Actual (Group), Alignment (Group), Notes (Group)","(4...5) ↔ (3...4); (0...6), (0...7), (0...6), (0...23), (0...4)",ɾ,ɾ,ɾ:C↔ɾ:C,"ɾ ↔ ɾ; tuerce, ˈtweɾse, tweɾθe, t↔t,w↔w,e↔e,ɾ↔ɾ,s↔θ,e↔e, LC  ",S401.S401_EFE-A_Pre_05_20_2024.csv,Queries_Target_v2,Consonants,Pre,Spanish,S401,S401,EFE-A,Pre,ɾ ↔ ɾ,"tuerce, ˈtweɾse, tweɾθe, t↔t,w↔w,e↔e,ɾ↔ɾ,s↔θ,e↔e, LC",LC  ,tuerce,ˈtweɾse,tweɾθe,"t↔t,w↔w,e↔e,ɾ↔ɾ,s↔θ,e↔e",1.0
2020-10-21,111,1,"IPA Target ↔ IPA Actual; Orthography (Group), IPA Target (Group), IPA Actual (Group), Alignment (Group), Notes (Group)","(5...6) ↔ (4...5); (0...6), (0...7), (0...6), (0...23), (0...4)",s,θ,s:O↔θ:O,"s ↔ θ; tuerce, ˈtweɾse, tweɾθe, t↔t,w↔w,e↔e,ɾ↔ɾ,s↔θ,e↔e, LC  ",S401.S401_EFE-A_Pre_05_20_2024.csv,Queries_Target_v2,Consonants,Pre,Spanish,S401,S401,EFE-A,Pre,s ↔ θ,"tuerce, ˈtweɾse, tweɾθe, t↔t,w↔w,e↔e,ɾ↔ɾ,s↔θ,e↔e, LC",LC  ,tuerce,ˈtweɾse,tweɾθe,"t↔t,w↔w,e↔e,ɾ↔ɾ,s↔θ,e↔e",0.7058823529411765
2020-10-21,112,1,"IPA Target ↔ IPA Actual; Orthography (Group), IPA Target (Group), IPA Actual (Group), Alignment (Group), Notes (Group)","(0...1) ↔ (0...1); (0...3), (0...3), (0...3), (0...11), (0...2)",s,s,s:O↔s:O,"s ↔ s; sed, sed, sed, s↔s,e↔e,d↔d, LC",S401.S401_EFE-A_Pre_05_20_2024.csv,Queries_Target_v2,Consonants,Pre,Spanish,S401,S401,EFE-A,Pre,s ↔ s,"sed, sed, sed, s↔s,e↔e,d↔d, LC",LC,sed,sed,sed,"s↔s,e↔e,d↔d",1.0
2020-10-21,112,1,"IPA Target ↔ IPA Actual; Orthography (Group), IPA Target (Group), IPA Actual (Group), Alignment (Group), Notes (Group)","(2...3) ↔ (2...3); (0...3), (0...3), (0...3), (0...11), (0...2)",d,d,d:C↔d:C,"d ↔ d; sed, sed, sed, s↔s,e↔e,d↔d, LC",S401.S401_EFE-A_Pre_05_20_2024.csv,Queries_Target_v2,Consonants,Pre,Spanish,S401,S401,EFE-A,Pre,d ↔ d,"sed, sed, sed, s↔s,e↔e,d↔d, LC",LC,sed,sed,sed,"s↔s,e↔e,d↔d",1.0
2020-10-21,113,1,"IPA Target ↔ IPA Actual; Orthography (Group), IPA Target (Group), IPA Actual (Group), Alignment (Group), Notes (Group)","(1...2) ↔ (0...1); (0...6), (0...6), (0...4), (0...19), (0...15)",k,k,k:O↔k:O,"k ↔ k; quiero, ˈkjeɾo, kjeo, k↔k,j↔j,e↔e,ɾ↔∅,o↔o, LC KR-Diphthong",S401.S401_EFE-A_Pre_05_20_2024.csv,Queries_Target_v2,Consonants,Pre,Spanish,S401,S401,EFE-A,Pre,k ↔ k,"quiero, ˈkjeɾo, kjeo, k↔k,j↔j,e↔e,ɾ↔∅,o↔o, LC KR-Diphthong",LC KR-Diphthong,quiero,ˈkjeɾo,kjeo,"k↔k,j↔j,e↔e,ɾ↔∅,o↔o",1.0
2020-10-21,113,1,"IPA Target ↔ IPA Actual; Orthography (Group), IPA Target (Group), IPA Actual (Group), Alignment (Group), Notes (Group)","(2...3) ↔ (1...2); (0...6), (0...6), (0...4), (0...19), (0...15)",j,j,j:O↔j:O,"j ↔ j; quiero, ˈkjeɾo, kjeo, k↔k,j↔j,e↔e,ɾ↔∅,o↔o, LC KR-Diphthong",S401.S401_EFE-A_Pre_05_20_2024.csv,Queries_Target_v2,Consonants,Pre,Spanish,S401,S401,EFE-A,Pre,j ↔ j,"quiero, ˈkjeɾo, kjeo, k↔k,j↔j,e↔e,ɾ↔∅,o↔o, LC KR-Diphthong",LC KR-Diphthong,quiero,ˈkjeɾo,kjeo,"k↔k,j↔j,e↔e,ɾ↔∅,o↔o",1.0
2020-10-21,113,1,"IPA Target ↔ IPA Actual; Orthography (Group), IPA Target (Group), IPA Actual (Group), Alignment (Group), Notes (Group)","(4...5) ↔ (0...0); (0...6), (0...6), (0...4), (0...19), (0...15)",ɾ,,ɾ:O↔∅,"ɾ ↔ ∅; quiero, ˈkjeɾo, kjeo, k↔k,j↔j,e↔e,ɾ↔∅,o↔o, LC KR-Diphthong",S401.S401_EFE-A_Pre_05_20_2024.csv,Queries_Target_v2,Consonants,Pre,Spanish,S401,S401,EFE-A,Pre,ɾ ↔ ∅,"quiero, ˈkjeɾo, kjeo, k↔k,j↔j,e↔e,ɾ↔∅,o↔o, LC KR-Diphthong",LC KR-Diphthong,quiero,ˈkjeɾo,kjeo,"k↔k,j↔j,e↔e,ɾ↔∅,o↔o",0.0
2020-10-21,114,1,"IPA Target ↔ IPA Actual; Orthography (Group), IPA Target (Group), IPA Actual (Group), Alignment (Group), Notes (Group)","(0...1) ↔ (0...1); (0...5), (0...6), (0...5), (0...19), (0...2)",n,n,n:O↔n:O,"n ↔ n; nariz, naˈɾis, naɾiθ, n↔n,a↔a,ɾ↔ɾ,i↔i,s↔θ, LC",S401.S401_EFE-A_Pre_05_20_2024.csv,Queries_Target_v2,Consonants,Pre,Spanish,S401,S401,EFE-A,Pre,n ↔ n,"nariz, naˈɾis, naɾiθ, n↔n,a↔a,ɾ↔ɾ,i↔i,s↔θ, LC",LC,nariz,naˈɾis,naɾiθ,"n↔n,a↔a,ɾ↔ɾ,i↔i,s↔θ",1.0
2020-10-21,114,1,"IPA Target ↔ IPA Actual; Orthography (Group), IPA Target (Group), IPA Actual (Group), Alignment (Group), Notes (Group)","(3...4) ↔ (2...3); (0...5), (0...6), (0...5), (0...19), (0...2)",ɾ,ɾ,ɾ:O↔ɾ:O,"ɾ ↔ ɾ; nariz, naˈɾis, naɾiθ, n↔n,a↔a,ɾ↔ɾ,i↔i,s↔θ, LC",S401.S401_EFE-A_Pre_05_20_2024.csv,Queries_Target_v2,Consonants,Pre,Spanish,S401,S401,EFE-A,Pre,ɾ ↔ ɾ,"nariz, naˈɾis, naɾiθ, n↔n,a↔a,ɾ↔ɾ,i↔i,s↔θ, LC",LC,nariz,naˈɾis,naɾiθ,"n↔n,a↔a,ɾ↔ɾ,i↔i,s↔θ",1.0
2020-10-21,114,1,"IPA Target ↔ IPA Actual; Orthography (Group), IPA Target (Group), IPA Actual (Group), Alignment (Group), Notes (Group)","(5...6) ↔ (4...5); (0...5), (0...6), (0...5), (0...19), (0...2)",s,θ,s:C↔θ:C,"s ↔ θ; nariz, naˈɾis, naɾiθ, n↔n,a↔a,ɾ↔ɾ,i↔i,s↔θ, LC",S401.S401_EFE-A_Pre_05_20_2024.csv,Queries_Target_v2,Consonants,Pre,Spanish,S401,S401,EFE-A,Pre,s ↔ θ,"nariz, naˈɾis, naɾiθ, n↔n,a↔a,ɾ↔ɾ,i↔i,s↔θ, LC",LC,nariz,naˈɾis,naɾiθ,"n↔n,a↔a,ɾ↔ɾ,i↔i,s↔θ",0.7058823529411765
2020-10-21,115,1,"IPA Target ↔ IPA Actual; Orthography (Group), IPA Target (Group), IPA Actual (Group), Alignment (Group), Notes (Group)","(1...2) ↔ (0...1); (0...5), (0...6), (0...5), (0...19), (0...2)",k,k,k:O↔k:O,"k ↔ k; clase, ˈklase, kwase, k↔k,l↔w,a↔a,s↔s,e↔e, LC",S401.S401_EFE-A_Pre_05_20_2024.csv,Queries_Target_v2,Consonants,Pre,Spanish,S401,S401,EFE-A,Pre,k ↔ k,"clase, ˈklase, kwase, k↔k,l↔w,a↔a,s↔s,e↔e, LC",LC,clase,ˈklase,kwase,"k↔k,l↔w,a↔a,s↔s,e↔e",1.0
2020-10-21,115,1,"IPA Target ↔ IPA Actual; Orthography (Group), IPA Target (Group), IPA Actual (Group), Alignment (Group), Notes (Group)","(2...3) ↔ (1...2); (0...5), (0...6), (0...5), (0...19), (0...2)",l,w,l:O↔w:O,"l ↔ w; clase, ˈklase, kwase, k↔k,l↔w,a↔a,s↔s,e↔e, LC",S401.S401_EFE-A_Pre_05_20_2024.csv,Queries_Target_v2,Consonants,Pre,Spanish,S401,S401,EFE-A,Pre,l ↔ w,"clase, ˈklase, kwase, k↔k,l↔w,a↔a,s↔s,e↔e, LC",LC,clase,ˈklase,kwase,"k↔k,l↔w,a↔a,s↔s,e↔e",0.5
2020-10-21,115,1,"IPA Target ↔ IPA Actual; Orthography (Group), IPA Target (Group), IPA Actual (Group), Alignment (Group), Notes (Group)","(4...5) ↔ (3...4); (0...5), (0...6), (0...5), (0...19), (0...2)",s,s,s:O↔s:O,"s ↔ s; clase, ˈklase, kwase, k↔k,l↔w,a↔a,s↔s,e↔e, LC",S401.S401_EFE-A_Pre_05_20_2024.csv,Queries_Target_v2,Consonants,Pre,Spanish,S401,S401,EFE-A,Pre,s ↔ s,"clase, ˈklase, kwase, k↔k,l↔w,a↔a,s↔s,e↔e, LC",LC,clase,ˈklase,kwase,"k↔k,l↔w,a↔a,s↔s,e↔e",1.0
2020-10-21,116,1,"IPA Target ↔ IPA Actual; Orthography (Group), IPA Target (Group), IPA Actual (Group), Alignment (Group), Notes (Group)","(1...2) ↔ (0...1); (0...5), (0...6), (0...4), (0...19), (0...15)",b,b,b:O↔b:O,"b ↔ b; bruja, ˈbɾuxa, buxa, b↔b,ɾ↔∅,u↔u,x↔x,a↔a, LC KR Dipthong ",S401.S401_EFE-A_Pre_05_20_2024.csv,Queries_Target_v2,Consonants,Pre,Spanish,S401,S401,EFE-A,Pre,b ↔ b,"bruja, ˈbɾuxa, buxa, b↔b,ɾ↔∅,u↔u,x↔x,a↔a, LC KR Dipthong",LC KR Dipthong ,bruja,ˈbɾuxa,buxa,"b↔b,ɾ↔∅,u↔u,x↔x,a↔a",1.0
2020-10-21,116,1,"IPA Target ↔ IPA Actual; Orthography (Group), IPA Target (Group), IPA Actual (Group), Alignment (Group), Notes (Group)","(2...3) ↔ (0...0); (0...5), (0...6), (0...4), (0...19), (0...15)",ɾ,,ɾ:O↔∅,"ɾ ↔ ∅; bruja, ˈbɾuxa, buxa, b↔b,ɾ↔∅,u↔u,x↔x,a↔a, LC KR Dipthong ",S401.S401_EFE-A_Pre_05_20_2024.csv,Queries_Target_v2,Consonants,Pre,Spanish,S401,S401,EFE-A,Pre,ɾ ↔ ∅,"bruja, ˈbɾuxa, buxa, b↔b,ɾ↔∅,u↔u,x↔x,a↔a, LC KR Dipthong",LC KR Dipthong ,bruja,ˈbɾuxa,buxa,"b↔b,ɾ↔∅,u↔u,x↔x,a↔a",0.0
2020-10-21,116,1,"IPA Target ↔ IPA Actual; Orthography (Group), IPA Target (Group), IPA Actual (Group), Alignment (Group), Notes (Group)","(4...5) ↔ (2...3); (0...5), (0...6), (0...4), (0...19), (0...15)",x,x,x:O↔x:O,"x ↔ x; bruja, ˈbɾuxa, buxa, b↔b,ɾ↔∅,u↔u,x↔x,a↔a, LC KR Dipthong ",S401.S401_EFE-A_Pre_05_20_2024.csv,Queries_Target_v2,Consonants,Pre,Spanish,S401,S401,EFE-A,Pre,x ↔ x,"bruja, ˈbɾuxa, buxa, b↔b,ɾ↔∅,u↔u,x↔x,a↔a, LC KR Dipthong",LC KR Dipthong ,bruja,ˈbɾuxa,buxa,"b↔b,ɾ↔∅,u↔u,x↔x,a↔a",1.0
2020-10-21,117,1,"IPA Target ↔ IPA Actual; Orthography (Group), IPA Target (Group), IPA Actual (Group), Alignment (Group), Notes (Group)","(2...3) ↔ (1...2); (0...3), (0...4), (0...3), (0...11), (0...2)",x,x,x:O↔x:O,"x ↔ x; ojo, ˈoxo, oxo, o↔o,x↔x,o↔o, LC",S401.S401_EFE-A_Pre_05_20_2024.csv,Queries_Target_v2,Consonants,Pre,Spanish,S401,S401,EFE-A,Pre,x ↔ x,"ojo, ˈoxo, oxo, o↔o,x↔x,o↔o, LC",LC,ojo,ˈoxo,oxo,"o↔o,x↔x,o↔o",1.0
2020-10-21,118,1,"IPA Target ↔ IPA Actual; Orthography (Group), IPA Target (Group), IPA Actual (Group), Alignment (Group), Notes (Group)","(1...2) ↔ (1...2); (0...7), (0...8), (0...7), (0...27), (0...2)",s,s,s:C↔s:C,"s ↔ s; escuela, esˈkwela, eskwela, e↔e,s↔s,k↔k,w↔w,e↔e,l↔l,a↔a, LC",S401.S401_EFE-A_Pre_05_20_2024.csv,Queries_Target_v2,Consonants,Pre,Spanish,S401,S401,EFE-A,Pre,s ↔ s,"escuela, esˈkwela, eskwela, e↔e,s↔s,k↔k,w↔w,e↔e,l↔l,a↔a, LC",LC,escuela,esˈkwela,eskwela,"e↔e,s↔s,k↔k,w↔w,e↔e,l↔l,a↔a",1.0
2020-10-21,118,1,"IPA Target ↔ IPA Actual; Orthography (Group), IPA Target (Group), IPA Actual (Group), Alignment (Group), Notes (Group)","(3...4) ↔ (2...3); (0...7), (0...8), (0...7), (0...27), (0...2)",k,k,k:O↔k:O,"k ↔ k; escuela, esˈkwela, eskwela, e↔e,s↔s,k↔k,w↔w,e↔e,l↔l,a↔a, LC",S401.S401_EFE-A_Pre_05_20_2024.csv,Queries_Target_v2,Consonants,Pre,Spanish,S401,S401,EFE-A,Pre,k ↔ k,"escuela, esˈkwela, eskwela, e↔e,s↔s,k↔k,w↔w,e↔e,l↔l,a↔a, LC",LC,escuela,esˈkwela,eskwela,"e↔e,s↔s,k↔k,w↔w,e↔e,l↔l,a↔a",1.0
2020-10-21,118,1,"IPA Target ↔ IPA Actual; Orthography (Group), IPA Target (Group), IPA Actual (Group), Alignment (Group), Notes (Group)","(4...5) ↔ (3...4); (0...7), (0...8), (0...7), (0...27), (0...2)",w,w,w:O↔w:O,"w ↔ w; escuela, esˈkwela, eskwela, e↔e,s↔s,k↔k,w↔w,e↔e,l↔l,a↔a, LC",S401.S401_EFE-A_Pre_05_20_2024.csv,Queries_Target_v2,Consonants,Pre,Spanish,S401,S401,EFE-A,Pre,w ↔ w,"escuela, esˈkwela, eskwela, e↔e,s↔s,k↔k,w↔w,e↔e,l↔l,a↔a, LC",LC,escuela,esˈkwela,eskwela,"e↔e,s↔s,k↔k,w↔w,e↔e,l↔l,a↔a",1.0
2020-10-21,118,1,"IPA Target ↔ IPA Actual; Orthography (Group), IPA Target (Group), IPA Actual (Group), Alignment (Group), Notes (Group)","(6...7) ↔ (5...6); (0...7), (0...8), (0...7), (0...27), (0...2)",l,l,l:O↔l:O,"l ↔ l; escuela, esˈkwela, eskwela, e↔e,s↔s,k↔k,w↔w,e↔e,l↔l,a↔a, LC",S401.S401_EFE-A_Pre_05_20_2024.csv,Queries_Target_v2,Consonants,Pre,Spanish,S401,S401,EFE-A,Pre,l ↔ l,"escuela, esˈkwela, eskwela, e↔e,s↔s,k↔k,w↔w,e↔e,l↔l,a↔a, LC",LC,escuela,esˈkwela,eskwela,"e↔e,s↔s,k↔k,w↔w,e↔e,l↔l,a↔a",1.0
2020-10-21,119,1,"IPA Target ↔ IPA Actual; Orthography (Group), IPA Target (Group), IPA Actual (Group), Alignment (Group), Notes (Group)","(0...1) ↔ (0...1); (0...6), (0...7), (0...6), (0...23), (0...2)",k,k,k:O↔k:O,"k ↔ k; cadena, kaˈdena, kadena, k↔k,a↔a,d↔d,e↔e,n↔n,a↔a, LC",S401.S401_EFE-A_Pre_05_20_2024.csv,Queries_Target_v2,Consonants,Pre,Spanish,S401,S401,EFE-A,Pre,k ↔ k,"cadena, kaˈdena, kadena, k↔k,a↔a,d↔d,e↔e,n↔n,a↔a, LC",LC,cadena,kaˈdena,kadena,"k↔k,a↔a,d↔d,e↔e,n↔n,a↔a",1.0
2020-10-21,119,1,"IPA Target ↔ IPA Actual; Orthography (Group), IPA Target (Group), IPA Actual (Group), Alignment (Group), Notes (Group)","(3...4) ↔ (2...3); (0...6), (0...7), (0...6), (0...23), (0...2)",d,d,d:O↔d:O,"d ↔ d; cadena, kaˈdena, kadena, k↔k,a↔a,d↔d,e↔e,n↔n,a↔a, LC",S401.S401_EFE-A_Pre_05_20_2024.csv,Queries_Target_v2,Consonants,Pre,Spanish,S401,S401,EFE-A,Pre,d ↔ d,"cadena, kaˈdena, kadena, k↔k,a↔a,d↔d,e↔e,n↔n,a↔a, LC",LC,cadena,kaˈdena,kadena,"k↔k,a↔a,d↔d,e↔e,n↔n,a↔a",1.0
2020-10-21,119,1,"IPA Target ↔ IPA Actual; Orthography (Group), IPA Target (Group), IPA Actual (Group), Alignment (Group), Notes (Group)","(5...6) ↔ (4...5); (0...6), (0...7), (0...6), (0...23), (0...2)",n,n,n:O↔n:O,"n ↔ n; cadena, kaˈdena, kadena, k↔k,a↔a,d↔d,e↔e,n↔n,a↔a, LC",S401.S401_EFE-A_Pre_05_20_2024.csv,Queries_Target_v2,Consonants,Pre,Spanish,S401,S401,EFE-A,Pre,n ↔ n,"cadena, kaˈdena, kadena, k↔k,a↔a,d↔d,e↔e,n↔n,a↔a, LC",LC,cadena,kaˈdena,kadena,"k↔k,a↔a,d↔d,e↔e,n↔n,a↔a",1.0
2020-10-21,120,1,"IPA Target ↔ IPA Actual; Orthography (Group), IPA Target (Group), IPA Actual (Group), Alignment (Group), Notes (Group)","(1...2) ↔ (1...2); (0...11), (0...10), (0...9), (0...35), (0...2)",m,m,m:C↔m:C,"m ↔ m; hamburguesa, ambuɾˈɡesa, ambuɾdeθa, a↔a,m↔m,b↔b,u↔u,ɾ↔ɾ,ɡ↔d,e↔e,s↔θ,a↔a, LC",S401.S401_EFE-A_Pre_05_20_2024.csv,Queries_Target_v2,Consonants,Pre,Spanish,S401,S401,EFE-A,Pre,m ↔ m,"hamburguesa, ambuɾˈɡesa, ambuɾdeθa, a↔a,m↔m,b↔b,u↔u,ɾ↔ɾ,ɡ↔d,e↔e,s↔θ,a↔a, LC",LC,hamburguesa,ambuɾˈɡesa,ambuɾdeθa,"a↔a,m↔m,b↔b,u↔u,ɾ↔ɾ,ɡ↔d,e↔e,s↔θ,a↔a",1.0
2020-10-21,120,1,"IPA Target ↔ IPA Actual; Orthography (Group), IPA Target (Group), IPA Actual (Group), Alignment (Group), Notes (Group)","(2...3) ↔ (2...3); (0...11), (0...10), (0...9), (0...35), (0...2)",b,b,b:O↔b:O,"b ↔ b; hamburguesa, ambuɾˈɡesa, ambuɾdeθa, a↔a,m↔m,b↔b,u↔u,ɾ↔ɾ,ɡ↔d,e↔e,s↔θ,a↔a, LC",S401.S401_EFE-A_Pre_05_20_2024.csv,Queries_Target_v2,Consonants,Pre,Spanish,S401,S401,EFE-A,Pre,b ↔ b,"hamburguesa, ambuɾˈɡesa, ambuɾdeθa, a↔a,m↔m,b↔b,u↔u,ɾ↔ɾ,ɡ↔d,e↔e,s↔θ,a↔a, LC",LC,hamburguesa,ambuɾˈɡesa,ambuɾdeθa,"a↔a,m↔m,b↔b,u↔u,ɾ↔ɾ,ɡ↔d,e↔e,s↔θ,a↔a",1.0
2020-10-21,120,1,"IPA Target ↔ IPA Actual; Orthography (Group), IPA Target (Group), IPA Actual (Group), Alignment (Group), Notes (Group)","(4...5) ↔ (4...5); (0...11), (0...10), (0...9), (0...35), (0...2)",ɾ,ɾ,ɾ:C↔ɾ:C,"ɾ ↔ ɾ; hamburguesa, ambuɾˈɡesa, ambuɾdeθa, a↔a,m↔m,b↔b,u↔u,ɾ↔ɾ,ɡ↔d,e↔e,s↔θ,a↔a, LC",S401.S401_EFE-A_Pre_05_20_2024.csv,Queries_Target_v2,Consonants,Pre,Spanish,S401,S401,EFE-A,Pre,ɾ ↔ ɾ,"hamburguesa, ambuɾˈɡesa, ambuɾdeθa, a↔a,m↔m,b↔b,u↔u,ɾ↔ɾ,ɡ↔d,e↔e,s↔θ,a↔a, LC",LC,hamburguesa,ambuɾˈɡesa,ambuɾdeθa,"a↔a,m↔m,b↔b,u↔u,ɾ↔ɾ,ɡ↔d,e↔e,s↔θ,a↔a",1.0
2020-10-21,120,1,"IPA Target ↔ IPA Actual; Orthography (Group), IPA Target (Group), IPA Actual (Group), Alignment (Group), Notes (Group)","(6...7) ↔ (5...6); (0...11), (0...10), (0...9), (0...35), (0...2)",ɡ,d,ɡ:O↔d:O,"ɡ ↔ d; hamburguesa, ambuɾˈɡesa, ambuɾdeθa, a↔a,m↔m,b↔b,u↔u,ɾ↔ɾ,ɡ↔d,e↔e,s↔θ,a↔a, LC",S401.S401_EFE-A_Pre_05_20_2024.csv,Queries_Target_v2,Consonants,Pre,Spanish,S401,S401,EFE-A,Pre,ɡ ↔ d,"hamburguesa, ambuɾˈɡesa, ambuɾdeθa, a↔a,m↔m,b↔b,u↔u,ɾ↔ɾ,ɡ↔d,e↔e,s↔θ,a↔a, LC",LC,hamburguesa,ambuɾˈɡesa,ambuɾdeθa,"a↔a,m↔m,b↔b,u↔u,ɾ↔ɾ,ɡ↔d,e↔e,s↔θ,a↔a",0.7058823529411765
2020-10-21,120,1,"IPA Target ↔ IPA Actual; Orthography (Group), IPA Target (Group), IPA Actual (Group), Alignment (Group), Notes (Group)","(8...9) ↔ (7...8); (0...11), (0...10), (0...9), (0...35), (0...2)",s,θ,s:O↔θ:O,"s ↔ θ; hamburguesa, ambuɾˈɡesa, ambuɾdeθa, a↔a,m↔m,b↔b,u↔u,ɾ↔ɾ,ɡ↔d,e↔e,s↔θ,a↔a, LC",S401.S401_EFE-A_Pre_05_20_2024.csv,Queries_Target_v2,Consonants,Pre,Spanish,S401,S401,EFE-A,Pre,s ↔ θ,"hamburguesa, ambuɾˈɡesa, ambuɾdeθa, a↔a,m↔m,b↔b,u↔u,ɾ↔ɾ,ɡ↔d,e↔e,s↔θ,a↔a, LC",LC,hamburguesa,ambuɾˈɡesa,ambuɾdeθa,"a↔a,m↔m,b↔b,u↔u,ɾ↔ɾ,ɡ↔d,e↔e,s↔θ,a↔a",0.7058823529411765
2020-10-21,121,1,"IPA Target ↔ IPA Actual; Orthography (Group), IPA Target (Group), IPA Actual (Group), Alignment (Group), Notes (Group)","(1...2) ↔ (0...0); (0...5), (0...6), (0...4), (0...19), (0...2)",l,,l:O↔∅,"l ↔ ∅; luego, ˈlweɡo, wedo, l↔∅,w↔w,e↔e,ɡ↔d,o↔o, LC",S401.S401_EFE-A_Pre_05_20_2024.csv,Queries_Target_v2,Consonants,Pre,Spanish,S401,S401,EFE-A,Pre,l ↔ ∅,"luego, ˈlweɡo, wedo, l↔∅,w↔w,e↔e,ɡ↔d,o↔o, LC",LC,luego,ˈlweɡo,wedo,"l↔∅,w↔w,e↔e,ɡ↔d,o↔o",0.0
2020-10-21,121,1,"IPA Target ↔ IPA Actual; Orthography (Group), IPA Target (Group), IPA Actual (Group), Alignment (Group), Notes (Group)","(2...3) ↔ (0...1); (0...5), (0...6), (0...4), (0...19), (0...2)",w,w,w:O↔w:O,"w ↔ w; luego, ˈlweɡo, wedo, l↔∅,w↔w,e↔e,ɡ↔d,o↔o, LC",S401.S401_EFE-A_Pre_05_20_2024.csv,Queries_Target_v2,Consonants,Pre,Spanish,S401,S401,EFE-A,Pre,w ↔ w,"luego, ˈlweɡo, wedo, l↔∅,w↔w,e↔e,ɡ↔d,o↔o, LC",LC,luego,ˈlweɡo,wedo,"l↔∅,w↔w,e↔e,ɡ↔d,o↔o",1.0
2020-10-21,121,1,"IPA Target ↔ IPA Actual; Orthography (Group), IPA Target (Group), IPA Actual (Group), Alignment (Group), Notes (Group)","(4...5) ↔ (2...3); (0...5), (0...6), (0...4), (0...19), (0...2)",ɡ,d,ɡ:O↔d:O,"ɡ ↔ d; luego, ˈlweɡo, wedo, l↔∅,w↔w,e↔e,ɡ↔d,o↔o, LC",S401.S401_EFE-A_Pre_05_20_2024.csv,Queries_Target_v2,Consonants,Pre,Spanish,S401,S401,EFE-A,Pre,ɡ ↔ d,"luego, ˈlweɡo, wedo, l↔∅,w↔w,e↔e,ɡ↔d,o↔o, LC",LC,luego,ˈlweɡo,wedo,"l↔∅,w↔w,e↔e,ɡ↔d,o↔o",0.7058823529411765
2020-10-21,122,1,"IPA Target ↔ IPA Actual; Orthography (Group), IPA Target (Group), IPA Actual (Group), Alignment (Group), Notes (Group)","(0...1) ↔ (0...1); (0...8), (0...9), (0...8), (0...32), (0...2)",p,p,p:O↔p:O,"p ↔ p; princesa, pɾinˈsesa, pins̪esa, p↔p,ɾ↔∅,i↔i,n↔n,s↔s̪,e↔e,s↔s,a↔a, LC",S401.S401_EFE-A_Pre_05_20_2024.csv,Queries_Target_v2,Consonants,Pre,Spanish,S401,S401,EFE-A,Pre,p ↔ p,"princesa, pɾinˈsesa, pins̪esa, p↔p,ɾ↔∅,i↔i,n↔n,s↔s̪,e↔e,s↔s,a↔a, LC",LC,princesa,pɾinˈsesa,pins̪esa,"p↔p,ɾ↔∅,i↔i,n↔n,s↔s̪,e↔e,s↔s,a↔a",1.0
2020-10-21,122,1,"IPA Target ↔ IPA Actual; Orthography (Group), IPA Target (Group), IPA Actual (Group), Alignment (Group), Notes (Group)","(1...2) ↔ (0...0); (0...8), (0...9), (0...8), (0...32), (0...2)",ɾ,,ɾ:O↔∅,"ɾ ↔ ∅; princesa, pɾinˈsesa, pins̪esa, p↔p,ɾ↔∅,i↔i,n↔n,s↔s̪,e↔e,s↔s,a↔a, LC",S401.S401_EFE-A_Pre_05_20_2024.csv,Queries_Target_v2,Consonants,Pre,Spanish,S401,S401,EFE-A,Pre,ɾ ↔ ∅,"princesa, pɾinˈsesa, pins̪esa, p↔p,ɾ↔∅,i↔i,n↔n,s↔s̪,e↔e,s↔s,a↔a, LC",LC,princesa,pɾinˈsesa,pins̪esa,"p↔p,ɾ↔∅,i↔i,n↔n,s↔s̪,e↔e,s↔s,a↔a",0.0
2020-10-21,122,1,"IPA Target ↔ IPA Actual; Orthography (Group), IPA Target (Group), IPA Actual (Group), Alignment (Group), Notes (Group)","(3...4) ↔ (2...3); (0...8), (0...9), (0...8), (0...32), (0...2)",n,n,n:C↔n:C,"n ↔ n; princesa, pɾinˈsesa, pins̪esa, p↔p,ɾ↔∅,i↔i,n↔n,s↔s̪,e↔e,s↔s,a↔a, LC",S401.S401_EFE-A_Pre_05_20_2024.csv,Queries_Target_v2,Consonants,Pre,Spanish,S401,S401,EFE-A,Pre,n ↔ n,"princesa, pɾinˈsesa, pins̪esa, p↔p,ɾ↔∅,i↔i,n↔n,s↔s̪,e↔e,s↔s,a↔a, LC",LC,princesa,pɾinˈsesa,pins̪esa,"p↔p,ɾ↔∅,i↔i,n↔n,s↔s̪,e↔e,s↔s,a↔a",1.0
2020-10-21,122,1,"IPA Target ↔ IPA Actual; Orthography (Group), IPA Target (Group), IPA Actual (Group), Alignment (Group), Notes (Group)","(5...6) ↔ (3...5); (0...8), (0...9), (0...8), (0...32), (0...2)",s,s̪,s:O↔s̪:O,"s ↔ s̪; princesa, pɾinˈsesa, pins̪esa, p↔p,ɾ↔∅,i↔i,n↔n,s↔s̪,e↔e,s↔s,a↔a, LC",S401.S401_EFE-A_Pre_05_20_2024.csv,Queries_Target_v2,Consonants,Pre,Spanish,S401,S401,EFE-A,Pre,s ↔ s̪,"princesa, pɾinˈsesa, pins̪esa, p↔p,ɾ↔∅,i↔i,n↔n,s↔s̪,e↔e,s↔s,a↔a, LC",LC,princesa,pɾinˈsesa,pins̪esa,"p↔p,ɾ↔∅,i↔i,n↔n,s↔s̪,e↔e,s↔s,a↔a",0.7058823529411765
2020-10-21,122,1,"IPA Target ↔ IPA Actual; Orthography (Group), IPA Target (Group), IPA Actual (Group), Alignment (Group), Notes (Group)","(7...8) ↔ (6...7); (0...8), (0...9), (0...8), (0...32), (0...2)",s,s,s:O↔s:O,"s ↔ s; princesa, pɾinˈsesa, pins̪esa, p↔p,ɾ↔∅,i↔i,n↔n,s↔s̪,e↔e,s↔s,a↔a, LC",S401.S401_EFE-A_Pre_05_20_2024.csv,Queries_Target_v2,Consonants,Pre,Spanish,S401,S401,EFE-A,Pre,s ↔ s,"princesa, pɾinˈsesa, pins̪esa, p↔p,ɾ↔∅,i↔i,n↔n,s↔s̪,e↔e,s↔s,a↔a, LC",LC,princesa,pɾinˈsesa,pins̪esa,"p↔p,ɾ↔∅,i↔i,n↔n,s↔s̪,e↔e,s↔s,a↔a",1.0
2020-10-21,123,1,"IPA Target ↔ IPA Actual; Orthography (Group), IPA Target (Group), IPA Actual (Group), Alignment (Group), Notes (Group)","(0...1) ↔ (0...1); (0...9), (0...10), (0...6), (0...35), (0...2)",k,k,k:O↔k:O,"k ↔ k; cocodrilo, kokoˈdɾilo, kogilo, k↔k,o↔o,k↔g,o↔∅,d↔∅,ɾ↔∅,i↔i,l↔l,o↔o, LC",S401.S401_EFE-A_Pre_05_20_2024.csv,Queries_Target_v2,Consonants,Pre,Spanish,S401,S401,EFE-A,Pre,k ↔ k,"cocodrilo, kokoˈdɾilo, kogilo, k↔k,o↔o,k↔g,o↔∅,d↔∅,ɾ↔∅,i↔i,l↔l,o↔o, LC",LC,cocodrilo,kokoˈdɾilo,kogilo,"k↔k,o↔o,k↔g,o↔∅,d↔∅,ɾ↔∅,i↔i,l↔l,o↔o",1.0
2020-10-21,123,1,"IPA Target ↔ IPA Actual; Orthography (Group), IPA Target (Group), IPA Actual (Group), Alignment (Group), Notes (Group)","(2...3) ↔ (2...3); (0...9), (0...10), (0...6), (0...35), (0...2)",k,ɡ,k:O↔g:O,"k ↔ g; cocodrilo, kokoˈdɾilo, kogilo, k↔k,o↔o,k↔g,o↔∅,d↔∅,ɾ↔∅,i↔i,l↔l,o↔o, LC",S401.S401_EFE-A_Pre_05_20_2024.csv,Queries_Target_v2,Consonants,Pre,Spanish,S401,S401,EFE-A,Pre,k ↔ g,"cocodrilo, kokoˈdɾilo, kogilo, k↔k,o↔o,k↔g,o↔∅,d↔∅,ɾ↔∅,i↔i,l↔l,o↔o, LC",LC,cocodrilo,kokoˈdɾilo,kogilo,"k↔k,o↔o,k↔g,o↔∅,d↔∅,ɾ↔∅,i↔i,l↔l,o↔o",0.6470588235294118
2020-10-21,123,1,"IPA Target ↔ IPA Actual; Orthography (Group), IPA Target (Group), IPA Actual (Group), Alignment (Group), Notes (Group)","(5...6) ↔ (0...0); (0...9), (0...10), (0...6), (0...35), (0...2)",d,,d:O↔∅,"d ↔ ∅; cocodrilo, kokoˈdɾilo, kogilo, k↔k,o↔o,k↔g,o↔∅,d↔∅,ɾ↔∅,i↔i,l↔l,o↔o, LC",S401.S401_EFE-A_Pre_05_20_2024.csv,Queries_Target_v2,Consonants,Pre,Spanish,S401,S401,EFE-A,Pre,d ↔ ∅,"cocodrilo, kokoˈdɾilo, kogilo, k↔k,o↔o,k↔g,o↔∅,d↔∅,ɾ↔∅,i↔i,l↔l,o↔o, LC",LC,cocodrilo,kokoˈdɾilo,kogilo,"k↔k,o↔o,k↔g,o↔∅,d↔∅,ɾ↔∅,i↔i,l↔l,o↔o",0.0
2020-10-21,123,1,"IPA Target ↔ IPA Actual; Orthography (Group), IPA Target (Group), IPA Actual (Group), Alignment (Group), Notes (Group)","(6...7) ↔ (0...0); (0...9), (0...10), (0...6), (0...35), (0...2)",ɾ,,ɾ:O↔∅,"ɾ ↔ ∅; cocodrilo, kokoˈdɾilo, kogilo, k↔k,o↔o,k↔g,o↔∅,d↔∅,ɾ↔∅,i↔i,l↔l,o↔o, LC",S401.S401_EFE-A_Pre_05_20_2024.csv,Queries_Target_v2,Consonants,Pre,Spanish,S401,S401,EFE-A,Pre,ɾ ↔ ∅,"cocodrilo, kokoˈdɾilo, kogilo, k↔k,o↔o,k↔g,o↔∅,d↔∅,ɾ↔∅,i↔i,l↔l,o↔o, LC",LC,cocodrilo,kokoˈdɾilo,kogilo,"k↔k,o↔o,k↔g,o↔∅,d↔∅,ɾ↔∅,i↔i,l↔l,o↔o",0.0
2020-10-21,123,1,"IPA Target ↔ IPA Actual; Orthography (Group), IPA Target (Group), IPA Actual (Group), Alignment (Group), Notes (Group)","(8...9) ↔ (4...5); (0...9), (0...10), (0...6), (0...35), (0...2)",l,l,l:O↔l:O,"l ↔ l; cocodrilo, kokoˈdɾilo, kogilo, k↔k,o↔o,k↔g,o↔∅,d↔∅,ɾ↔∅,i↔i,l↔l,o↔o, LC",S401.S401_EFE-A_Pre_05_20_2024.csv,Queries_Target_v2,Consonants,Pre,Spanish,S401,S401,EFE-A,Pre,l ↔ l,"cocodrilo, kokoˈdɾilo, kogilo, k↔k,o↔o,k↔g,o↔∅,d↔∅,ɾ↔∅,i↔i,l↔l,o↔o, LC",LC,cocodrilo,kokoˈdɾilo,kogilo,"k↔k,o↔o,k↔g,o↔∅,d↔∅,ɾ↔∅,i↔i,l↔l,o↔o",1.0
2020-10-21,124,1,"IPA Target ↔ IPA Actual; Orthography (Group), IPA Target (Group), IPA Actual (Group), Alignment (Group), Notes (Group)","(1...2) ↔ (0...1); (0...6), (0...6), (0...5), (0...19), (0...2)",ʝ,ʝ,ʝ:O↔ʝ:O,"ʝ ↔ ʝ; llaves, ˈʝabes, ʝabas, ʝ↔ʝ,a↔a,b↔b,e↔a,s↔s, LC",S401.S401_EFE-A_Pre_05_20_2024.csv,Queries_Target_v2,Consonants,Pre,Spanish,S401,S401,EFE-A,Pre,ʝ ↔ ʝ,"llaves, ˈʝabes, ʝabas, ʝ↔ʝ,a↔a,b↔b,e↔a,s↔s, LC",LC,llaves,ˈʝabes,ʝabas,"ʝ↔ʝ,a↔a,b↔b,e↔a,s↔s",1.0
2020-10-21,124,1,"IPA Target ↔ IPA Actual; Orthography (Group), IPA Target (Group), IPA Actual (Group), Alignment (Group), Notes (Group)","(3...4) ↔ (2...3); (0...6), (0...6), (0...5), (0...19), (0...2)",b,b,b:O↔b:O,"b ↔ b; llaves, ˈʝabes, ʝabas, ʝ↔ʝ,a↔a,b↔b,e↔a,s↔s, LC",S401.S401_EFE-A_Pre_05_20_2024.csv,Queries_Target_v2,Consonants,Pre,Spanish,S401,S401,EFE-A,Pre,b ↔ b,"llaves, ˈʝabes, ʝabas, ʝ↔ʝ,a↔a,b↔b,e↔a,s↔s, LC",LC,llaves,ˈʝabes,ʝabas,"ʝ↔ʝ,a↔a,b↔b,e↔a,s↔s",1.0
2020-10-21,124,1,"IPA Target ↔ IPA Actual; Orthography (Group), IPA Target (Group), IPA Actual (Group), Alignment (Group), Notes (Group)","(5...6) ↔ (4...5); (0...6), (0...6), (0...5), (0...19), (0...2)",s,s,s:C↔s:C,"s ↔ s; llaves, ˈʝabes, ʝabas, ʝ↔ʝ,a↔a,b↔b,e↔a,s↔s, LC",S401.S401_EFE-A_Pre_05_20_2024.csv,Queries_Target_v2,Consonants,Pre,Spanish,S401,S401,EFE-A,Pre,s ↔ s,"llaves, ˈʝabes, ʝabas, ʝ↔ʝ,a↔a,b↔b,e↔a,s↔s, LC",LC,llaves,ˈʝabes,ʝabas,"ʝ↔ʝ,a↔a,b↔b,e↔a,s↔s",1.0
2020-10-21,125,1,"IPA Target ↔ IPA Actual; Orthography (Group), IPA Target (Group), IPA Actual (Group), Alignment (Group), Notes (Group)","(1...2) ↔ (0...1); (0...5), (0...5), (0...4), (0...15), (0...2)",b,m,b:O↔m:O,"b ↔ m; burro, ˈburo, muθo, b↔m,u↔u,r↔θ,o↔o, LC",S401.S401_EFE-A_Pre_05_20_2024.csv,Queries_Target_v2,Consonants,Pre,Spanish,S401,S401,EFE-A,Pre,b ↔ m,"burro, ˈburo, muθo, b↔m,u↔u,r↔θ,o↔o, LC",LC,burro,ˈburo,muθo,"b↔m,u↔u,r↔θ,o↔o",0.5
2020-10-21,125,1,"IPA Target ↔ IPA Actual; Orthography (Group), IPA Target (Group), IPA Actual (Group), Alignment (Group), Notes (Group)","(3...4) ↔ (2...3); (0...5), (0...5), (0...4), (0...15), (0...2)",r,θ,r:O↔θ:O,"r ↔ θ; burro, ˈburo, muθo, b↔m,u↔u,r↔θ,o↔o, LC",S401.S401_EFE-A_Pre_05_20_2024.csv,Queries_Target_v2,Consonants,Pre,Spanish,S401,S401,EFE-A,Pre,r ↔ θ,"burro, ˈburo, muθo, b↔m,u↔u,r↔θ,o↔o, LC",LC,burro,ˈburo,muθo,"b↔m,u↔u,r↔θ,o↔o",0.35294117647058826
2020-10-21,126,1,"IPA Target ↔ IPA Actual; Orthography (Group), IPA Target (Group), IPA Actual (Group), Alignment (Group), Notes (Group)","(1...2) ↔ (0...1); (0...4), (0...5), (0...4), (0...15), (0...2)",b,b,b:O↔b:O,"b ↔ b; vaca, ˈbaka, baka, b↔b,a↔a,k↔k,a↔a, LC",S401.S401_EFE-A_Pre_05_20_2024.csv,Queries_Target_v2,Consonants,Pre,Spanish,S401,S401,EFE-A,Pre,b ↔ b,"vaca, ˈbaka, baka, b↔b,a↔a,k↔k,a↔a, LC",LC,vaca,ˈbaka,baka,"b↔b,a↔a,k↔k,a↔a",1.0
2020-10-21,126,1,"IPA Target ↔ IPA Actual; Orthography (Group), IPA Target (Group), IPA Actual (Group), Alignment (Group), Notes (Group)","(3...4) ↔ (2...3); (0...4), (0...5), (0...4), (0...15), (0...2)",k,k,k:O↔k:O,"k ↔ k; vaca, ˈbaka, baka, b↔b,a↔a,k↔k,a↔a, LC",S401.S401_EFE-A_Pre_05_20_2024.csv,Queries_Target_v2,Consonants,Pre,Spanish,S401,S401,EFE-A,Pre,k ↔ k,"vaca, ˈbaka, baka, b↔b,a↔a,k↔k,a↔a, LC",LC,vaca,ˈbaka,baka,"b↔b,a↔a,k↔k,a↔a",1.0
2020-10-21,127,1,"IPA Target ↔ IPA Actual; Orthography (Group), IPA Target (Group), IPA Actual (Group), Alignment (Group), Notes (Group)","(1...2) ↔ (0...1); (0...8), (0...9), (0...8), (0...35), (0...15)",p,p,p:O↔p:O,"p ↔ p; plátanos, ˈplatanos, piatanoθ, p↔p,∅↔i,l↔∅,a↔a,t↔t,a↔a,n↔n,o↔o,s↔θ, LC KR Diphthong",S401.S401_EFE-A_Pre_05_20_2024.csv,Queries_Target_v2,Consonants,Pre,Spanish,S401,S401,EFE-A,Pre,p ↔ p,"plátanos, ˈplatanos, piatanoθ, p↔p,∅↔i,l↔∅,a↔a,t↔t,a↔a,n↔n,o↔o,s↔θ, LC KR Diphthong",LC KR Diphthong,plátanos,ˈplatanos,piatanoθ,"p↔p,∅↔i,l↔∅,a↔a,t↔t,a↔a,n↔n,o↔o,s↔θ",1.0
2020-10-21,127,1,"IPA Target ↔ IPA Actual; Orthography (Group), IPA Target (Group), IPA Actual (Group), Alignment (Group), Notes (Group)","(2...3) ↔ (0...0); (0...8), (0...9), (0...8), (0...35), (0...15)",l,,l:O↔∅,"l ↔ ∅; plátanos, ˈplatanos, piatanoθ, p↔p,∅↔i,l↔∅,a↔a,t↔t,a↔a,n↔n,o↔o,s↔θ, LC KR Diphthong",S401.S401_EFE-A_Pre_05_20_2024.csv,Queries_Target_v2,Consonants,Pre,Spanish,S401,S401,EFE-A,Pre,l ↔ ∅,"plátanos, ˈplatanos, piatanoθ, p↔p,∅↔i,l↔∅,a↔a,t↔t,a↔a,n↔n,o↔o,s↔θ, LC KR Diphthong",LC KR Diphthong,plátanos,ˈplatanos,piatanoθ,"p↔p,∅↔i,l↔∅,a↔a,t↔t,a↔a,n↔n,o↔o,s↔θ",0.0
2020-10-21,127,1,"IPA Target ↔ IPA Actual; Orthography (Group), IPA Target (Group), IPA Actual (Group), Alignment (Group), Notes (Group)","(4...5) ↔ (3...4); (0...8), (0...9), (0...8), (0...35), (0...15)",t,t,t:O↔t:O,"t ↔ t; plátanos, ˈplatanos, piatanoθ, p↔p,∅↔i,l↔∅,a↔a,t↔t,a↔a,n↔n,o↔o,s↔θ, LC KR Diphthong",S401.S401_EFE-A_Pre_05_20_2024.csv,Queries_Target_v2,Consonants,Pre,Spanish,S401,S401,EFE-A,Pre,t ↔ t,"plátanos, ˈplatanos, piatanoθ, p↔p,∅↔i,l↔∅,a↔a,t↔t,a↔a,n↔n,o↔o,s↔θ, LC KR Diphthong",LC KR Diphthong,plátanos,ˈplatanos,piatanoθ,"p↔p,∅↔i,l↔∅,a↔a,t↔t,a↔a,n↔n,o↔o,s↔θ",1.0
2020-10-21,127,1,"IPA Target ↔ IPA Actual; Orthography (Group), IPA Target (Group), IPA Actual (Group), Alignment (Group), Notes (Group)","(6...7) ↔ (5...6); (0...8), (0...9), (0...8), (0...35), (0...15)",n,n,n:O↔n:O,"n ↔ n; plátanos, ˈplatanos, piatanoθ, p↔p,∅↔i,l↔∅,a↔a,t↔t,a↔a,n↔n,o↔o,s↔θ, LC KR Diphthong",S401.S401_EFE-A_Pre_05_20_2024.csv,Queries_Target_v2,Consonants,Pre,Spanish,S401,S401,EFE-A,Pre,n ↔ n,"plátanos, ˈplatanos, piatanoθ, p↔p,∅↔i,l↔∅,a↔a,t↔t,a↔a,n↔n,o↔o,s↔θ, LC KR Diphthong",LC KR Diphthong,plátanos,ˈplatanos,piatanoθ,"p↔p,∅↔i,l↔∅,a↔a,t↔t,a↔a,n↔n,o↔o,s↔θ",1.0
2020-10-21,127,1,"IPA Target ↔ IPA Actual; Orthography (Group), IPA Target (Group), IPA Actual (Group), Alignment (Group), Notes (Group)","(8...9) ↔ (7...8); (0...8), (0...9), (0...8), (0...35), (0...15)",s,θ,s:C↔θ:C,"s ↔ θ; plátanos, ˈplatanos, piatanoθ, p↔p,∅↔i,l↔∅,a↔a,t↔t,a↔a,n↔n,o↔o,s↔θ, LC KR Diphthong",S401.S401_EFE-A_Pre_05_20_2024.csv,Queries_Target_v2,Consonants,Pre,Spanish,S401,S401,EFE-A,Pre,s ↔ θ,"plátanos, ˈplatanos, piatanoθ, p↔p,∅↔i,l↔∅,a↔a,t↔t,a↔a,n↔n,o↔o,s↔θ, LC KR Diphthong",LC KR Diphthong,plátanos,ˈplatanos,piatanoθ,"p↔p,∅↔i,l↔∅,a↔a,t↔t,a↔a,n↔n,o↔o,s↔θ",0.7058823529411765
2020-10-21,128,1,"IPA Target ↔ IPA Actual; Orthography (Group), IPA Target (Group), IPA Actual (Group), Alignment (Group), Notes (Group)","(1...2) ↔ (0...0); (0...6), (0...7), (0...6), (0...24), (0...2)",l,,l:O↔∅,"l ↔ ∅; lienzo, ˈljenso, ʝens̪o, l↔∅,j↔ʝ,e↔e,n↔n,s↔s̪,o↔o, LC",S401.S401_EFE-A_Pre_05_20_2024.csv,Queries_Target_v2,Consonants,Pre,Spanish,S401,S401,EFE-A,Pre,l ↔ ∅,"lienzo, ˈljenso, ʝens̪o, l↔∅,j↔ʝ,e↔e,n↔n,s↔s̪,o↔o, LC",LC,lienzo,ˈljenso,ʝens̪o,"l↔∅,j↔ʝ,e↔e,n↔n,s↔s̪,o↔o",0.0
2020-10-21,128,1,"IPA Target ↔ IPA Actual; Orthography (Group), IPA Target (Group), IPA Actual (Group), Alignment (Group), Notes (Group)","(2...3) ↔ (0...1); (0...6), (0...7), (0...6), (0...24), (0...2)",j,ʝ,j:O↔ʝ:O,"j ↔ ʝ; lienzo, ˈljenso, ʝens̪o, l↔∅,j↔ʝ,e↔e,n↔n,s↔s̪,o↔o, LC",S401.S401_EFE-A_Pre_05_20_2024.csv,Queries_Target_v2,Consonants,Pre,Spanish,S401,S401,EFE-A,Pre,j ↔ ʝ,"lienzo, ˈljenso, ʝens̪o, l↔∅,j↔ʝ,e↔e,n↔n,s↔s̪,o↔o, LC",LC,lienzo,ˈljenso,ʝens̪o,"l↔∅,j↔ʝ,e↔e,n↔n,s↔s̪,o↔o",0.5
2020-10-21,128,1,"IPA Target ↔ IPA Actual; Orthography (Group), IPA Target (Group), IPA Actual (Group), Alignment (Group), Notes (Group)","(4...5) ↔ (2...3); (0...6), (0...7), (0...6), (0...24), (0...2)",n,n,n:C↔n:C,"n ↔ n; lienzo, ˈljenso, ʝens̪o, l↔∅,j↔ʝ,e↔e,n↔n,s↔s̪,o↔o, LC",S401.S401_EFE-A_Pre_05_20_2024.csv,Queries_Target_v2,Consonants,Pre,Spanish,S401,S401,EFE-A,Pre,n ↔ n,"lienzo, ˈljenso, ʝens̪o, l↔∅,j↔ʝ,e↔e,n↔n,s↔s̪,o↔o, LC",LC,lienzo,ˈljenso,ʝens̪o,"l↔∅,j↔ʝ,e↔e,n↔n,s↔s̪,o↔o",1.0
2020-10-21,128,1,"IPA Target ↔ IPA Actual; Orthography (Group), IPA Target (Group), IPA Actual (Group), Alignment (Group), Notes (Group)","(5...6) ↔ (3...5); (0...6), (0...7), (0...6), (0...24), (0...2)",s,s̪,s:O↔s̪:O,"s ↔ s̪; lienzo, ˈljenso, ʝens̪o, l↔∅,j↔ʝ,e↔e,n↔n,s↔s̪,o↔o, LC",S401.S401_EFE-A_Pre_05_20_2024.csv,Queries_Target_v2,Consonants,Pre,Spanish,S401,S401,EFE-A,Pre,s ↔ s̪,"lienzo, ˈljenso, ʝens̪o, l↔∅,j↔ʝ,e↔e,n↔n,s↔s̪,o↔o, LC",LC,lienzo,ˈljenso,ʝens̪o,"l↔∅,j↔ʝ,e↔e,n↔n,s↔s̪,o↔o",0.7058823529411765
2020-10-21,129,1,"IPA Target ↔ IPA Actual; Orthography (Group), IPA Target (Group), IPA Actual (Group), Alignment (Group), Notes (Group)","(1...2) ↔ (0...1); (0...4), (0...5), (0...6), (0...20), (0...2)",m,m,m:O↔m:O,"m ↔ m; moño, ˈmoɲo, moːnʝo, m↔m,o↔oː,∅↔n,ɲ↔ʝ,o↔o, LC",S401.S401_EFE-A_Pre_05_20_2024.csv,Queries_Target_v2,Consonants,Pre,Spanish,S401,S401,EFE-A,Pre,m ↔ m,"moño, ˈmoɲo, moːnʝo, m↔m,o↔oː,∅↔n,ɲ↔ʝ,o↔o, LC",LC,moño,ˈmoɲo,moːnʝo,"m↔m,o↔oː,∅↔n,ɲ↔ʝ,o↔o",1.0
2020-10-21,129,1,"IPA Target ↔ IPA Actual; Orthography (Group), IPA Target (Group), IPA Actual (Group), Alignment (Group), Notes (Group)","(3...4) ↔ (4...5); (0...4), (0...5), (0...6), (0...20), (0...2)",ɲ,ʝ,ɲ:O↔ʝ:O,"ɲ ↔ ʝ; moño, ˈmoɲo, moːnʝo, m↔m,o↔oː,∅↔n,ɲ↔ʝ,o↔o, LC",S401.S401_EFE-A_Pre_05_20_2024.csv,Queries_Target_v2,Consonants,Pre,Spanish,S401,S401,EFE-A,Pre,ɲ ↔ ʝ,"moño, ˈmoɲo, moːnʝo, m↔m,o↔oː,∅↔n,ɲ↔ʝ,o↔o, LC",LC,moño,ˈmoɲo,moːnʝo,"m↔m,o↔oː,∅↔n,ɲ↔ʝ,o↔o",0.5
2020-10-21,130,1,"IPA Target ↔ IPA Actual; Orthography (Group), IPA Target (Group), IPA Actual (Group), Alignment (Group), Notes (Group)","(1...2) ↔ (0...1); (0...5), (0...5), (0...4), (0...15), (0...2)",ʝ,ʝ,ʝ:O↔ʝ:O,"ʝ ↔ ʝ; hielo, ˈʝelo, ʝelo, ʝ↔ʝ,e↔e,l↔l,o↔o, LC",S401.S401_EFE-A_Pre_05_20_2024.csv,Queries_Target_v2,Consonants,Pre,Spanish,S401,S401,EFE-A,Pre,ʝ ↔ ʝ,"hielo, ˈʝelo, ʝelo, ʝ↔ʝ,e↔e,l↔l,o↔o, LC",LC,hielo,ˈʝelo,ʝelo,"ʝ↔ʝ,e↔e,l↔l,o↔o",1.0
2020-10-21,130,1,"IPA Target ↔ IPA Actual; Orthography (Group), IPA Target (Group), IPA Actual (Group), Alignment (Group), Notes (Group)","(3...4) ↔ (2...3); (0...5), (0...5), (0...4), (0...15), (0...2)",l,l,l:O↔l:O,"l ↔ l; hielo, ˈʝelo, ʝelo, ʝ↔ʝ,e↔e,l↔l,o↔o, LC",S401.S401_EFE-A_Pre_05_20_2024.csv,Queries_Target_v2,Consonants,Pre,Spanish,S401,S401,EFE-A,Pre,l ↔ l,"hielo, ˈʝelo, ʝelo, ʝ↔ʝ,e↔e,l↔l,o↔o, LC",LC,hielo,ˈʝelo,ʝelo,"ʝ↔ʝ,e↔e,l↔l,o↔o",1.0
2020-10-21,131,1,"IPA Target ↔ IPA Actual; Orthography (Group), IPA Target (Group), IPA Actual (Group), Alignment (Group), Notes (Group)","(0...1) ↔ (0...1); (0...2), (0...2), (0...2), (0...7), (0...2)",n,n,n:O↔n:O,"n ↔ n; no, no, no, n↔n,o↔o, LC",S401.S401_EFE-A_Pre_05_20_2024.csv,Queries_Target_v2,Consonants,Pre,Spanish,S401,S401,EFE-A,Pre,n ↔ n,"no, no, no, n↔n,o↔o, LC",LC,no,no,no,"n↔n,o↔o",1.0
2020-10-21,132,1,"IPA Target ↔ IPA Actual; Orthography (Group), IPA Target (Group), IPA Actual (Group), Alignment (Group), Notes (Group)","(1...2) ↔ (0...1); (0...5), (0...6), (0...5), (0...23), (0...15)",p,p,p:O↔p:O,"p ↔ p; plato, ˈplato, piato, p↔p,∅↔i,l↔∅,a↔a,t↔t,o↔o, LC KR Diphthong",S401.S401_EFE-A_Pre_05_20_2024.csv,Queries_Target_v2,Consonants,Pre,Spanish,S401,S401,EFE-A,Pre,p ↔ p,"plato, ˈplato, piato, p↔p,∅↔i,l↔∅,a↔a,t↔t,o↔o, LC KR Diphthong",LC KR Diphthong,plato,ˈplato,piato,"p↔p,∅↔i,l↔∅,a↔a,t↔t,o↔o",1.0
2020-10-21,132,1,"IPA Target ↔ IPA Actual; Orthography (Group), IPA Target (Group), IPA Actual (Group), Alignment (Group), Notes (Group)","(2...3) ↔ (0...0); (0...5), (0...6), (0...5), (0...23), (0...15)",l,,l:O↔∅,"l ↔ ∅; plato, ˈplato, piato, p↔p,∅↔i,l↔∅,a↔a,t↔t,o↔o, LC KR Diphthong",S401.S401_EFE-A_Pre_05_20_2024.csv,Queries_Target_v2,Consonants,Pre,Spanish,S401,S401,EFE-A,Pre,l ↔ ∅,"plato, ˈplato, piato, p↔p,∅↔i,l↔∅,a↔a,t↔t,o↔o, LC KR Diphthong",LC KR Diphthong,plato,ˈplato,piato,"p↔p,∅↔i,l↔∅,a↔a,t↔t,o↔o",0.0
2020-10-21,132,1,"IPA Target ↔ IPA Actual; Orthography (Group), IPA Target (Group), IPA Actual (Group), Alignment (Group), Notes (Group)","(4...5) ↔ (3...4); (0...5), (0...6), (0...5), (0...23), (0...15)",t,t,t:O↔t:O,"t ↔ t; plato, ˈplato, piato, p↔p,∅↔i,l↔∅,a↔a,t↔t,o↔o, LC KR Diphthong",S401.S401_EFE-A_Pre_05_20_2024.csv,Queries_Target_v2,Consonants,Pre,Spanish,S401,S401,EFE-A,Pre,t ↔ t,"plato, ˈplato, piato, p↔p,∅↔i,l↔∅,a↔a,t↔t,o↔o, LC KR Diphthong",LC KR Diphthong,plato,ˈplato,piato,"p↔p,∅↔i,l↔∅,a↔a,t↔t,o↔o",1.0
2020-10-21,133,1,"IPA Target ↔ IPA Actual; Orthography (Group), IPA Target (Group), IPA Actual (Group), Alignment (Group), Notes (Group)","(1...2) ↔ (0...1); (0...6), (0...7), (0...6), (0...27), (0...2)",b,b,b:O↔b:O,"b ↔ b; blanco, ˈblanko, bianko, b↔b,∅↔i,l↔∅,a↔a,n↔n,k↔k,o↔o, LC",S401.S401_EFE-A_Pre_05_20_2024.csv,Queries_Target_v2,Consonants,Pre,Spanish,S401,S401,EFE-A,Pre,b ↔ b,"blanco, ˈblanko, bianko, b↔b,∅↔i,l↔∅,a↔a,n↔n,k↔k,o↔o, LC",LC,blanco,ˈblanko,bianko,"b↔b,∅↔i,l↔∅,a↔a,n↔n,k↔k,o↔o",1.0
2020-10-21,133,1,"IPA Target ↔ IPA Actual; Orthography (Group), IPA Target (Group), IPA Actual (Group), Alignment (Group), Notes (Group)","(2...3) ↔ (0...0); (0...6), (0...7), (0...6), (0...27), (0...2)",l,,l:O↔∅,"l ↔ ∅; blanco, ˈblanko, bianko, b↔b,∅↔i,l↔∅,a↔a,n↔n,k↔k,o↔o, LC",S401.S401_EFE-A_Pre_05_20_2024.csv,Queries_Target_v2,Consonants,Pre,Spanish,S401,S401,EFE-A,Pre,l ↔ ∅,"blanco, ˈblanko, bianko, b↔b,∅↔i,l↔∅,a↔a,n↔n,k↔k,o↔o, LC",LC,blanco,ˈblanko,bianko,"b↔b,∅↔i,l↔∅,a↔a,n↔n,k↔k,o↔o",0.0
2020-10-21,133,1,"IPA Target ↔ IPA Actual; Orthography (Group), IPA Target (Group), IPA Actual (Group), Alignment (Group), Notes (Group)","(4...5) ↔ (3...4); (0...6), (0...7), (0...6), (0...27), (0...2)",n,n,n:C↔n:C,"n ↔ n; blanco, ˈblanko, bianko, b↔b,∅↔i,l↔∅,a↔a,n↔n,k↔k,o↔o, LC",S401.S401_EFE-A_Pre_05_20_2024.csv,Queries_Target_v2,Consonants,Pre,Spanish,S401,S401,EFE-A,Pre,n ↔ n,"blanco, ˈblanko, bianko, b↔b,∅↔i,l↔∅,a↔a,n↔n,k↔k,o↔o, LC",LC,blanco,ˈblanko,bianko,"b↔b,∅↔i,l↔∅,a↔a,n↔n,k↔k,o↔o",1.0
2020-10-21,133,1,"IPA Target ↔ IPA Actual; Orthography (Group), IPA Target (Group), IPA Actual (Group), Alignment (Group), Notes (Group)","(5...6) ↔ (4...5); (0...6), (0...7), (0...6), (0...27), (0...2)",k,k,k:O↔k:O,"k ↔ k; blanco, ˈblanko, bianko, b↔b,∅↔i,l↔∅,a↔a,n↔n,k↔k,o↔o, LC",S401.S401_EFE-A_Pre_05_20_2024.csv,Queries_Target_v2,Consonants,Pre,Spanish,S401,S401,EFE-A,Pre,k ↔ k,"blanco, ˈblanko, bianko, b↔b,∅↔i,l↔∅,a↔a,n↔n,k↔k,o↔o, LC",LC,blanco,ˈblanko,bianko,"b↔b,∅↔i,l↔∅,a↔a,n↔n,k↔k,o↔o",1.0
2020-10-21,134,1,"IPA Target ↔ IPA Actual; Orthography (Group), IPA Target (Group), IPA Actual (Group), Alignment (Group), Notes (Group)","(1...2) ↔ (0...1); (0...5), (0...6), (0...5), (0...19), (0...2)",f,f,f:O↔f:O,"f ↔ f; fresa, ˈfɾesa, fɾesa, f↔f,ɾ↔ɾ,e↔e,s↔s,a↔a, LC",S401.S401_EFE-A_Pre_05_20_2024.csv,Queries_Target_v2,Consonants,Pre,Spanish,S401,S401,EFE-A,Pre,f ↔ f,"fresa, ˈfɾesa, fɾesa, f↔f,ɾ↔ɾ,e↔e,s↔s,a↔a, LC",LC,fresa,ˈfɾesa,fɾesa,"f↔f,ɾ↔ɾ,e↔e,s↔s,a↔a",1.0
2020-10-21,134,1,"IPA Target ↔ IPA Actual; Orthography (Group), IPA Target (Group), IPA Actual (Group), Alignment (Group), Notes (Group)","(2...3) ↔ (1...2); (0...5), (0...6), (0...5), (0...19), (0...2)",ɾ,ɾ,ɾ:O↔ɾ:O,"ɾ ↔ ɾ; fresa, ˈfɾesa, fɾesa, f↔f,ɾ↔ɾ,e↔e,s↔s,a↔a, LC",S401.S401_EFE-A_Pre_05_20_2024.csv,Queries_Target_v2,Consonants,Pre,Spanish,S401,S401,EFE-A,Pre,ɾ ↔ ɾ,"fresa, ˈfɾesa, fɾesa, f↔f,ɾ↔ɾ,e↔e,s↔s,a↔a, LC",LC,fresa,ˈfɾesa,fɾesa,"f↔f,ɾ↔ɾ,e↔e,s↔s,a↔a",1.0
2020-10-21,134,1,"IPA Target ↔ IPA Actual; Orthography (Group), IPA Target (Group), IPA Actual (Group), Alignment (Group), Notes (Group)","(4...5) ↔ (3...4); (0...5), (0...6), (0...5), (0...19), (0...2)",s,s,s:O↔s:O,"s ↔ s; fresa, ˈfɾesa, fɾesa, f↔f,ɾ↔ɾ,e↔e,s↔s,a↔a, LC",S401.S401_EFE-A_Pre_05_20_2024.csv,Queries_Target_v2,Consonants,Pre,Spanish,S401,S401,EFE-A,Pre,s ↔ s,"fresa, ˈfɾesa, fɾesa, f↔f,ɾ↔ɾ,e↔e,s↔s,a↔a, LC",LC,fresa,ˈfɾesa,fɾesa,"f↔f,ɾ↔ɾ,e↔e,s↔s,a↔a",1.0
2020-10-21,135,1,"IPA Target ↔ IPA Actual; Orthography (Group), IPA Target (Group), IPA Actual (Group), Alignment (Group), Notes (Group)","(3...4) ↔ (2...3); (0...4), (0...5), (0...4), (0...15), (0...2)",d,d,d:O↔d:O,"d ↔ d; oído, oˈido, oido, o↔o,i↔i,d↔d,o↔o, LC",S401.S401_EFE-A_Pre_05_20_2024.csv,Queries_Target_v2,Consonants,Pre,Spanish,S401,S401,EFE-A,Pre,d ↔ d,"oído, oˈido, oido, o↔o,i↔i,d↔d,o↔o, LC",LC,oído,oˈido,oido,"o↔o,i↔i,d↔d,o↔o",1.0
2020-10-21,136,1,"IPA Target ↔ IPA Actual; Orthography (Group), IPA Target (Group), IPA Actual (Group), Alignment (Group), Notes (Group)","(1...2) ↔ (1...2); (0...9), (0...10), (0...8), (0...35), (0...2)",l,l,l:C↔l:C,"l ↔ l; albóndiga, alˈbondiɡa, albondia, a↔a,l↔l,b↔b,o↔o,n↔n,d↔d,i↔i,ɡ↔∅,a↔a, LC",S401.S401_EFE-A_Pre_05_20_2024.csv,Queries_Target_v2,Consonants,Pre,Spanish,S401,S401,EFE-A,Pre,l ↔ l,"albóndiga, alˈbondiɡa, albondia, a↔a,l↔l,b↔b,o↔o,n↔n,d↔d,i↔i,ɡ↔∅,a↔a, LC",LC,albóndiga,alˈbondiɡa,albondia,"a↔a,l↔l,b↔b,o↔o,n↔n,d↔d,i↔i,ɡ↔∅,a↔a",1.0
2020-10-21,136,1,"IPA Target ↔ IPA Actual; Orthography (Group), IPA Target (Group), IPA Actual (Group), Alignment (Group), Notes (Group)","(3...4) ↔ (2...3); (0...9), (0...10), (0...8), (0...35), (0...2)",b,b,b:O↔b:O,"b ↔ b; albóndiga, alˈbondiɡa, albondia, a↔a,l↔l,b↔b,o↔o,n↔n,d↔d,i↔i,ɡ↔∅,a↔a, LC",S401.S401_EFE-A_Pre_05_20_2024.csv,Queries_Target_v2,Consonants,Pre,Spanish,S401,S401,EFE-A,Pre,b ↔ b,"albóndiga, alˈbondiɡa, albondia, a↔a,l↔l,b↔b,o↔o,n↔n,d↔d,i↔i,ɡ↔∅,a↔a, LC",LC,albóndiga,alˈbondiɡa,albondia,"a↔a,l↔l,b↔b,o↔o,n↔n,d↔d,i↔i,ɡ↔∅,a↔a",1.0
2020-10-21,136,1,"IPA Target ↔ IPA Actual; Orthography (Group), IPA Target (Group), IPA Actual (Group), Alignment (Group), Notes (Group)","(5...6) ↔ (4...5); (0...9), (0...10), (0...8), (0...35), (0...2)",n,n,n:C↔n:C,"n ↔ n; albóndiga, alˈbondiɡa, albondia, a↔a,l↔l,b↔b,o↔o,n↔n,d↔d,i↔i,ɡ↔∅,a↔a, LC",S401.S401_EFE-A_Pre_05_20_2024.csv,Queries_Target_v2,Consonants,Pre,Spanish,S401,S401,EFE-A,Pre,n ↔ n,"albóndiga, alˈbondiɡa, albondia, a↔a,l↔l,b↔b,o↔o,n↔n,d↔d,i↔i,ɡ↔∅,a↔a, LC",LC,albóndiga,alˈbondiɡa,albondia,"a↔a,l↔l,b↔b,o↔o,n↔n,d↔d,i↔i,ɡ↔∅,a↔a",1.0
2020-10-21,136,1,"IPA Target ↔ IPA Actual; Orthography (Group), IPA Target (Group), IPA Actual (Group), Alignment (Group), Notes (Group)","(6...7) ↔ (5...6); (0...9), (0...10), (0...8), (0...35), (0...2)",d,d,d:O↔d:O,"d ↔ d; albóndiga, alˈbondiɡa, albondia, a↔a,l↔l,b↔b,o↔o,n↔n,d↔d,i↔i,ɡ↔∅,a↔a, LC",S401.S401_EFE-A_Pre_05_20_2024.csv,Queries_Target_v2,Consonants,Pre,Spanish,S401,S401,EFE-A,Pre,d ↔ d,"albóndiga, alˈbondiɡa, albondia, a↔a,l↔l,b↔b,o↔o,n↔n,d↔d,i↔i,ɡ↔∅,a↔a, LC",LC,albóndiga,alˈbondiɡa,albondia,"a↔a,l↔l,b↔b,o↔o,n↔n,d↔d,i↔i,ɡ↔∅,a↔a",1.0
2020-10-21,136,1,"IPA Target ↔ IPA Actual; Orthography (Group), IPA Target (Group), IPA Actual (Group), Alignment (Group), Notes (Group)","(8...9) ↔ (0...0); (0...9), (0...10), (0...8), (0...35), (0...2)",ɡ,,ɡ:O↔∅,"ɡ ↔ ∅; albóndiga, alˈbondiɡa, albondia, a↔a,l↔l,b↔b,o↔o,n↔n,d↔d,i↔i,ɡ↔∅,a↔a, LC",S401.S401_EFE-A_Pre_05_20_2024.csv,Queries_Target_v2,Consonants,Pre,Spanish,S401,S401,EFE-A,Pre,ɡ ↔ ∅,"albóndiga, alˈbondiɡa, albondia, a↔a,l↔l,b↔b,o↔o,n↔n,d↔d,i↔i,ɡ↔∅,a↔a, LC",LC,albóndiga,alˈbondiɡa,albondia,"a↔a,l↔l,b↔b,o↔o,n↔n,d↔d,i↔i,ɡ↔∅,a↔a",0.0
2020-10-21,137,1,"IPA Target ↔ IPA Actual; Orthography (Group), IPA Target (Group), IPA Actual (Group), Alignment (Group), Notes (Group)","(1...2) ↔ (0...1); (0...4), (0...5), (0...4), (0...15), (0...2)",b,b,b:O↔b:O,"b ↔ b; boca, ˈboka, boka, b↔b,o↔o,k↔k,a↔a, LC",S401.S401_EFE-A_Pre_05_20_2024.csv,Queries_Target_v2,Consonants,Pre,Spanish,S401,S401,EFE-A,Pre,b ↔ b,"boca, ˈboka, boka, b↔b,o↔o,k↔k,a↔a, LC",LC,boca,ˈboka,boka,"b↔b,o↔o,k↔k,a↔a",1.0
2020-10-21,137,1,"IPA Target ↔ IPA Actual; Orthography (Group), IPA Target (Group), IPA Actual (Group), Alignment (Group), Notes (Group)","(3...4) ↔ (2...3); (0...4), (0...5), (0...4), (0...15), (0...2)",k,k,k:O↔k:O,"k ↔ k; boca, ˈboka, boka, b↔b,o↔o,k↔k,a↔a, LC",S401.S401_EFE-A_Pre_05_20_2024.csv,Queries_Target_v2,Consonants,Pre,Spanish,S401,S401,EFE-A,Pre,k ↔ k,"boca, ˈboka, boka, b↔b,o↔o,k↔k,a↔a, LC",LC,boca,ˈboka,boka,"b↔b,o↔o,k↔k,a↔a",1.0
2020-10-21,138,1,"IPA Target ↔ IPA Actual; Orthography (Group), IPA Target (Group), IPA Actual (Group), Alignment (Group), Notes (Group)","(1...2) ↔ (0...1); (0...6), (0...7), (0...6), (0...23), (0...2)",l,l,l:O↔l:O,"l ↔ l; lengua, ˈlenɡwa, lengwa, l↔l,e↔e,n↔n,ɡ↔g,w↔w,a↔a, LC",S401.S401_EFE-A_Pre_05_20_2024.csv,Queries_Target_v2,Consonants,Pre,Spanish,S401,S401,EFE-A,Pre,l ↔ l,"lengua, ˈlenɡwa, lengwa, l↔l,e↔e,n↔n,ɡ↔g,w↔w,a↔a, LC",LC,lengua,ˈlenɡwa,lengwa,"l↔l,e↔e,n↔n,ɡ↔g,w↔w,a↔a",1.0
2020-10-21,138,1,"IPA Target ↔ IPA Actual; Orthography (Group), IPA Target (Group), IPA Actual (Group), Alignment (Group), Notes (Group)","(3...4) ↔ (2...3); (0...6), (0...7), (0...6), (0...23), (0...2)",n,n,n:C↔n:C,"n ↔ n; lengua, ˈlenɡwa, lengwa, l↔l,e↔e,n↔n,ɡ↔g,w↔w,a↔a, LC",S401.S401_EFE-A_Pre_05_20_2024.csv,Queries_Target_v2,Consonants,Pre,Spanish,S401,S401,EFE-A,Pre,n ↔ n,"lengua, ˈlenɡwa, lengwa, l↔l,e↔e,n↔n,ɡ↔g,w↔w,a↔a, LC",LC,lengua,ˈlenɡwa,lengwa,"l↔l,e↔e,n↔n,ɡ↔g,w↔w,a↔a",1.0
2020-10-21,138,1,"IPA Target ↔ IPA Actual; Orthography (Group), IPA Target (Group), IPA Actual (Group), Alignment (Group), Notes (Group)","(4...5) ↔ (3...4); (0...6), (0...7), (0...6), (0...23), (0...2)",ɡ,ɡ,ɡ:O↔g:O,"ɡ ↔ g; lengua, ˈlenɡwa, lengwa, l↔l,e↔e,n↔n,ɡ↔g,w↔w,a↔a, LC",S401.S401_EFE-A_Pre_05_20_2024.csv,Queries_Target_v2,Consonants,Pre,Spanish,S401,S401,EFE-A,Pre,ɡ ↔ g,"lengua, ˈlenɡwa, lengwa, l↔l,e↔e,n↔n,ɡ↔g,w↔w,a↔a, LC",LC,lengua,ˈlenɡwa,lengwa,"l↔l,e↔e,n↔n,ɡ↔g,w↔w,a↔a",1.0
2020-10-21,138,1,"IPA Target ↔ IPA Actual; Orthography (Group), IPA Target (Group), IPA Actual (Group), Alignment (Group), Notes (Group)","(5...6) ↔ (4...5); (0...6), (0...7), (0...6), (0...23), (0...2)",w,w,w:O↔w:O,"w ↔ w; lengua, ˈlenɡwa, lengwa, l↔l,e↔e,n↔n,ɡ↔g,w↔w,a↔a, LC",S401.S401_EFE-A_Pre_05_20_2024.csv,Queries_Target_v2,Consonants,Pre,Spanish,S401,S401,EFE-A,Pre,w ↔ w,"lengua, ˈlenɡwa, lengwa, l↔l,e↔e,n↔n,ɡ↔g,w↔w,a↔a, LC",LC,lengua,ˈlenɡwa,lengwa,"l↔l,e↔e,n↔n,ɡ↔g,w↔w,a↔a",1.0
2020-10-21,139,1,"IPA Target ↔ IPA Actual; Orthography (Group), IPA Target (Group), IPA Actual (Group), Alignment (Group), Notes (Group)","(1...2) ↔ (0...1); (0...6), (0...7), (0...6), (0...27), (0...19)",r,r,r:O↔r:O,"r ↔ r; riendo, ˈrjendo, rejndo, r↔r,∅↔e,j↔j,e↔∅,n↔n,d↔d,o↔o, LC 1/2 KR Diphthong",S401.S401_EFE-A_Pre_05_20_2024.csv,Queries_Target_v2,Consonants,Pre,Spanish,S401,S401,EFE-A,Pre,r ↔ r,"riendo, ˈrjendo, rejndo, r↔r,∅↔e,j↔j,e↔∅,n↔n,d↔d,o↔o, LC 1/2 KR Diphthong",LC 1/2 KR Diphthong,riendo,ˈrjendo,rejndo,"r↔r,∅↔e,j↔j,e↔∅,n↔n,d↔d,o↔o",1.0
2020-10-21,139,1,"IPA Target ↔ IPA Actual; Orthography (Group), IPA Target (Group), IPA Actual (Group), Alignment (Group), Notes (Group)","(2...3) ↔ (2...3); (0...6), (0...7), (0...6), (0...27), (0...19)",j,j,j:O↔j:N,"j ↔ j; riendo, ˈrjendo, rejndo, r↔r,∅↔e,j↔j,e↔∅,n↔n,d↔d,o↔o, LC 1/2 KR Diphthong",S401.S401_EFE-A_Pre_05_20_2024.csv,Queries_Target_v2,Consonants,Pre,Spanish,S401,S401,EFE-A,Pre,j ↔ j,"riendo, ˈrjendo, rejndo, r↔r,∅↔e,j↔j,e↔∅,n↔n,d↔d,o↔o, LC 1/2 KR Diphthong",LC 1/2 KR Diphthong,riendo,ˈrjendo,rejndo,"r↔r,∅↔e,j↔j,e↔∅,n↔n,d↔d,o↔o",1.0
2020-10-21,139,1,"IPA Target ↔ IPA Actual; Orthography (Group), IPA Target (Group), IPA Actual (Group), Alignment (Group), Notes (Group)","(4...5) ↔ (3...4); (0...6), (0...7), (0...6), (0...27), (0...19)",n,n,n:C↔n:C,"n ↔ n; riendo, ˈrjendo, rejndo, r↔r,∅↔e,j↔j,e↔∅,n↔n,d↔d,o↔o, LC 1/2 KR Diphthong",S401.S401_EFE-A_Pre_05_20_2024.csv,Queries_Target_v2,Consonants,Pre,Spanish,S401,S401,EFE-A,Pre,n ↔ n,"riendo, ˈrjendo, rejndo, r↔r,∅↔e,j↔j,e↔∅,n↔n,d↔d,o↔o, LC 1/2 KR Diphthong",LC 1/2 KR Diphthong,riendo,ˈrjendo,rejndo,"r↔r,∅↔e,j↔j,e↔∅,n↔n,d↔d,o↔o",1.0
2020-10-21,139,1,"IPA Target ↔ IPA Actual; Orthography (Group), IPA Target (Group), IPA Actual (Group), Alignment (Group), Notes (Group)","(5...6) ↔ (4...5); (0...6), (0...7), (0...6), (0...27), (0...19)",d,d,d:O↔d:O,"d ↔ d; riendo, ˈrjendo, rejndo, r↔r,∅↔e,j↔j,e↔∅,n↔n,d↔d,o↔o, LC 1/2 KR Diphthong",S401.S401_EFE-A_Pre_05_20_2024.csv,Queries_Target_v2,Consonants,Pre,Spanish,S401,S401,EFE-A,Pre,d ↔ d,"riendo, ˈrjendo, rejndo, r↔r,∅↔e,j↔j,e↔∅,n↔n,d↔d,o↔o, LC 1/2 KR Diphthong",LC 1/2 KR Diphthong,riendo,ˈrjendo,rejndo,"r↔r,∅↔e,j↔j,e↔∅,n↔n,d↔d,o↔o",1.0
2020-10-21,140,1,"IPA Target ↔ IPA Actual; Orthography (Group), IPA Target (Group), IPA Actual (Group), Alignment (Group), Notes (Group)","(0...1) ↔ (0...1); (0...6), (0...7), (0...6), (0...23), (0...2)",p,p,p:O↔p:O,"p ↔ p; pastel, pasˈtel, pasteɹ, p↔p,a↔a,s↔s,t↔t,e↔e,l↔ɹ, LC",S401.S401_EFE-A_Pre_05_20_2024.csv,Queries_Target_v2,Consonants,Pre,Spanish,S401,S401,EFE-A,Pre,p ↔ p,"pastel, pasˈtel, pasteɹ, p↔p,a↔a,s↔s,t↔t,e↔e,l↔ɹ, LC",LC,pastel,pasˈtel,pasteɹ,"p↔p,a↔a,s↔s,t↔t,e↔e,l↔ɹ",1.0
2020-10-21,140,1,"IPA Target ↔ IPA Actual; Orthography (Group), IPA Target (Group), IPA Actual (Group), Alignment (Group), Notes (Group)","(2...3) ↔ (2...3); (0...6), (0...7), (0...6), (0...23), (0...2)",s,s,s:C↔s:C,"s ↔ s; pastel, pasˈtel, pasteɹ, p↔p,a↔a,s↔s,t↔t,e↔e,l↔ɹ, LC",S401.S401_EFE-A_Pre_05_20_2024.csv,Queries_Target_v2,Consonants,Pre,Spanish,S401,S401,EFE-A,Pre,s ↔ s,"pastel, pasˈtel, pasteɹ, p↔p,a↔a,s↔s,t↔t,e↔e,l↔ɹ, LC",LC,pastel,pasˈtel,pasteɹ,"p↔p,a↔a,s↔s,t↔t,e↔e,l↔ɹ",1.0
2020-10-21,140,1,"IPA Target ↔ IPA Actual; Orthography (Group), IPA Target (Group), IPA Actual (Group), Alignment (Group), Notes (Group)","(4...5) ↔ (3...4); (0...6), (0...7), (0...6), (0...23), (0...2)",t,t,t:O↔t:O,"t ↔ t; pastel, pasˈtel, pasteɹ, p↔p,a↔a,s↔s,t↔t,e↔e,l↔ɹ, LC",S401.S401_EFE-A_Pre_05_20_2024.csv,Queries_Target_v2,Consonants,Pre,Spanish,S401,S401,EFE-A,Pre,t ↔ t,"pastel, pasˈtel, pasteɹ, p↔p,a↔a,s↔s,t↔t,e↔e,l↔ɹ, LC",LC,pastel,pasˈtel,pasteɹ,"p↔p,a↔a,s↔s,t↔t,e↔e,l↔ɹ",1.0
2020-10-21,140,1,"IPA Target ↔ IPA Actual; Orthography (Group), IPA Target (Group), IPA Actual (Group), Alignment (Group), Notes (Group)","(6...7) ↔ (5...6); (0...6), (0...7), (0...6), (0...23), (0...2)",l,ɹ,l:C↔ɹ:C,"l ↔ ɹ; pastel, pasˈtel, pasteɹ, p↔p,a↔a,s↔s,t↔t,e↔e,l↔ɹ, LC",S401.S401_EFE-A_Pre_05_20_2024.csv,Queries_Target_v2,Consonants,Pre,Spanish,S401,S401,EFE-A,Pre,l ↔ ɹ,"pastel, pasˈtel, pasteɹ, p↔p,a↔a,s↔s,t↔t,e↔e,l↔ɹ, LC",LC,pastel,pasˈtel,pasteɹ,"p↔p,a↔a,s↔s,t↔t,e↔e,l↔ɹ",0.5
2020-10-21,141,1,"IPA Target ↔ IPA Actual; Orthography (Group), IPA Target (Group), IPA Actual (Group), Alignment (Group), Notes (Group)","(1...2) ↔ (1...2); (0...9), (0...10), (0...9), (0...36), (0...6)",k,k,k:O↔k:O,"k ↔ k; acrobacia, akɾoˈbasja, akobasʲja, a↔a,k↔k,ɾ↔∅,o↔o,b↔b,a↔a,s↔sʲ,j↔j,a↔a, LC 2/2",S401.S401_EFE-A_Pre_05_20_2024.csv,Queries_Target_v2,Consonants,Pre,Spanish,S401,S401,EFE-A,Pre,k ↔ k,"acrobacia, akɾoˈbasja, akobasʲja, a↔a,k↔k,ɾ↔∅,o↔o,b↔b,a↔a,s↔sʲ,j↔j,a↔a, LC 2/2",LC 2/2,acrobacia,akɾoˈbasja,akobasʲja,"a↔a,k↔k,ɾ↔∅,o↔o,b↔b,a↔a,s↔sʲ,j↔j,a↔a",1.0
2020-10-21,141,1,"IPA Target ↔ IPA Actual; Orthography (Group), IPA Target (Group), IPA Actual (Group), Alignment (Group), Notes (Group)","(2...3) ↔ (0...0); (0...9), (0...10), (0...9), (0...36), (0...6)",ɾ,,ɾ:O↔∅,"ɾ ↔ ∅; acrobacia, akɾoˈbasja, akobasʲja, a↔a,k↔k,ɾ↔∅,o↔o,b↔b,a↔a,s↔sʲ,j↔j,a↔a, LC 2/2",S401.S401_EFE-A_Pre_05_20_2024.csv,Queries_Target_v2,Consonants,Pre,Spanish,S401,S401,EFE-A,Pre,ɾ ↔ ∅,"acrobacia, akɾoˈbasja, akobasʲja, a↔a,k↔k,ɾ↔∅,o↔o,b↔b,a↔a,s↔sʲ,j↔j,a↔a, LC 2/2",LC 2/2,acrobacia,akɾoˈbasja,akobasʲja,"a↔a,k↔k,ɾ↔∅,o↔o,b↔b,a↔a,s↔sʲ,j↔j,a↔a",0.0
2020-10-21,141,1,"IPA Target ↔ IPA Actual; Orthography (Group), IPA Target (Group), IPA Actual (Group), Alignment (Group), Notes (Group)","(5...6) ↔ (3...4); (0...9), (0...10), (0...9), (0...36), (0...6)",b,b,b:O↔b:O,"b ↔ b; acrobacia, akɾoˈbasja, akobasʲja, a↔a,k↔k,ɾ↔∅,o↔o,b↔b,a↔a,s↔sʲ,j↔j,a↔a, LC 2/2",S401.S401_EFE-A_Pre_05_20_2024.csv,Queries_Target_v2,Consonants,Pre,Spanish,S401,S401,EFE-A,Pre,b ↔ b,"acrobacia, akɾoˈbasja, akobasʲja, a↔a,k↔k,ɾ↔∅,o↔o,b↔b,a↔a,s↔sʲ,j↔j,a↔a, LC 2/2",LC 2/2,acrobacia,akɾoˈbasja,akobasʲja,"a↔a,k↔k,ɾ↔∅,o↔o,b↔b,a↔a,s↔sʲ,j↔j,a↔a",1.0
2020-10-21,141,1,"IPA Target ↔ IPA Actual; Orthography (Group), IPA Target (Group), IPA Actual (Group), Alignment (Group), Notes (Group)","(7...8) ↔ (5...7); (0...9), (0...10), (0...9), (0...36), (0...6)",s,sʲ,s:O↔sʲ:O,"s ↔ sʲ; acrobacia, akɾoˈbasja, akobasʲja, a↔a,k↔k,ɾ↔∅,o↔o,b↔b,a↔a,s↔sʲ,j↔j,a↔a, LC 2/2",S401.S401_EFE-A_Pre_05_20_2024.csv,Queries_Target_v2,Consonants,Pre,Spanish,S401,S401,EFE-A,Pre,s ↔ sʲ,"acrobacia, akɾoˈbasja, akobasʲja, a↔a,k↔k,ɾ↔∅,o↔o,b↔b,a↔a,s↔sʲ,j↔j,a↔a, LC 2/2",LC 2/2,acrobacia,akɾoˈbasja,akobasʲja,"a↔a,k↔k,ɾ↔∅,o↔o,b↔b,a↔a,s↔sʲ,j↔j,a↔a",0.7058823529411765
2020-10-21,141,1,"IPA Target ↔ IPA Actual; Orthography (Group), IPA Target (Group), IPA Actual (Group), Alignment (Group), Notes (Group)","(8...9) ↔ (7...8); (0...9), (0...10), (0...9), (0...36), (0...6)",j,j,j:O↔j:O,"j ↔ j; acrobacia, akɾoˈbasja, akobasʲja, a↔a,k↔k,ɾ↔∅,o↔o,b↔b,a↔a,s↔sʲ,j↔j,a↔a, LC 2/2",S401.S401_EFE-A_Pre_05_20_2024.csv,Queries_Target_v2,Consonants,Pre,Spanish,S401,S401,EFE-A,Pre,j ↔ j,"acrobacia, akɾoˈbasja, akobasʲja, a↔a,k↔k,ɾ↔∅,o↔o,b↔b,a↔a,s↔sʲ,j↔j,a↔a, LC 2/2",LC 2/2,acrobacia,akɾoˈbasja,akobasʲja,"a↔a,k↔k,ɾ↔∅,o↔o,b↔b,a↔a,s↔sʲ,j↔j,a↔a",1.0
2020-10-21,142,1,"IPA Target ↔ IPA Actual; Orthography (Group), IPA Target (Group), IPA Actual (Group), Alignment (Group), Notes (Group)","(1...2) ↔ (0...1); (0...5), (0...6), (0...5), (0...19), (0...2)",l,l,l:O↔l:O,"l ↔ l; lápiz, ˈlapis, lapis, l↔l,a↔a,p↔p,i↔i,s↔s, LC",S401.S401_EFE-A_Pre_05_20_2024.csv,Queries_Target_v2,Consonants,Pre,Spanish,S401,S401,EFE-A,Pre,l ↔ l,"lápiz, ˈlapis, lapis, l↔l,a↔a,p↔p,i↔i,s↔s, LC",LC,lápiz,ˈlapis,lapis,"l↔l,a↔a,p↔p,i↔i,s↔s",1.0
2020-10-21,142,1,"IPA Target ↔ IPA Actual; Orthography (Group), IPA Target (Group), IPA Actual (Group), Alignment (Group), Notes (Group)","(3...4) ↔ (2...3); (0...5), (0...6), (0...5), (0...19), (0...2)",p,p,p:O↔p:O,"p ↔ p; lápiz, ˈlapis, lapis, l↔l,a↔a,p↔p,i↔i,s↔s, LC",S401.S401_EFE-A_Pre_05_20_2024.csv,Queries_Target_v2,Consonants,Pre,Spanish,S401,S401,EFE-A,Pre,p ↔ p,"lápiz, ˈlapis, lapis, l↔l,a↔a,p↔p,i↔i,s↔s, LC",LC,lápiz,ˈlapis,lapis,"l↔l,a↔a,p↔p,i↔i,s↔s",1.0
2020-10-21,142,1,"IPA Target ↔ IPA Actual; Orthography (Group), IPA Target (Group), IPA Actual (Group), Alignment (Group), Notes (Group)","(5...6) ↔ (4...5); (0...5), (0...6), (0...5), (0...19), (0...2)",s,s,s:C↔s:C,"s ↔ s; lápiz, ˈlapis, lapis, l↔l,a↔a,p↔p,i↔i,s↔s, LC",S401.S401_EFE-A_Pre_05_20_2024.csv,Queries_Target_v2,Consonants,Pre,Spanish,S401,S401,EFE-A,Pre,s ↔ s,"lápiz, ˈlapis, lapis, l↔l,a↔a,p↔p,i↔i,s↔s, LC",LC,lápiz,ˈlapis,lapis,"l↔l,a↔a,p↔p,i↔i,s↔s",1.0
2020-10-21,143,1,"IPA Target ↔ IPA Actual; Orthography (Group), IPA Target (Group), IPA Actual (Group), Alignment (Group), Notes (Group)","(1...2) ↔ (0...1); (0...6), (0...6), (0...5), (0...19), (0...2)",w,w,w:O↔w:O,"w ↔ w; huevos, ˈwebos, weboθ, w↔w,e↔e,b↔b,o↔o,s↔θ, LC",S401.S401_EFE-A_Pre_05_20_2024.csv,Queries_Target_v2,Consonants,Pre,Spanish,S401,S401,EFE-A,Pre,w ↔ w,"huevos, ˈwebos, weboθ, w↔w,e↔e,b↔b,o↔o,s↔θ, LC",LC,huevos,ˈwebos,weboθ,"w↔w,e↔e,b↔b,o↔o,s↔θ",1.0
2020-10-21,143,1,"IPA Target ↔ IPA Actual; Orthography (Group), IPA Target (Group), IPA Actual (Group), Alignment (Group), Notes (Group)","(3...4) ↔ (2...3); (0...6), (0...6), (0...5), (0...19), (0...2)",b,b,b:O↔b:O,"b ↔ b; huevos, ˈwebos, weboθ, w↔w,e↔e,b↔b,o↔o,s↔θ, LC",S401.S401_EFE-A_Pre_05_20_2024.csv,Queries_Target_v2,Consonants,Pre,Spanish,S401,S401,EFE-A,Pre,b ↔ b,"huevos, ˈwebos, weboθ, w↔w,e↔e,b↔b,o↔o,s↔θ, LC",LC,huevos,ˈwebos,weboθ,"w↔w,e↔e,b↔b,o↔o,s↔θ",1.0
2020-10-21,143,1,"IPA Target ↔ IPA Actual; Orthography (Group), IPA Target (Group), IPA Actual (Group), Alignment (Group), Notes (Group)","(5...6) ↔ (4...5); (0...6), (0...6), (0...5), (0...19), (0...2)",s,θ,s:C↔θ:C,"s ↔ θ; huevos, ˈwebos, weboθ, w↔w,e↔e,b↔b,o↔o,s↔θ, LC",S401.S401_EFE-A_Pre_05_20_2024.csv,Queries_Target_v2,Consonants,Pre,Spanish,S401,S401,EFE-A,Pre,s ↔ θ,"huevos, ˈwebos, weboθ, w↔w,e↔e,b↔b,o↔o,s↔θ, LC",LC,huevos,ˈwebos,weboθ,"w↔w,e↔e,b↔b,o↔o,s↔θ",0.7058823529411765
2020-10-21,144,1,"IPA Target ↔ IPA Actual; Orthography (Group), IPA Target (Group), IPA Actual (Group), Alignment (Group), Notes (Group)","(0...1) ↔ (0...1); (0...10), (0...11), (0...8), (0...39), (0...2)",p,f,p:O↔f:O,"p ↔ f; presidente, pɾesiˈdente, feʃiente, p↔f,ɾ↔∅,e↔e,s↔ʃ,i↔i,d↔∅,e↔e,n↔n,t↔t,e↔e, LC",S401.S401_EFE-A_Pre_05_20_2024.csv,Queries_Target_v2,Consonants,Pre,Spanish,S401,S401,EFE-A,Pre,p ↔ f,"presidente, pɾesiˈdente, feʃiente, p↔f,ɾ↔∅,e↔e,s↔ʃ,i↔i,d↔∅,e↔e,n↔n,t↔t,e↔e, LC",LC,presidente,pɾesiˈdente,feʃiente,"p↔f,ɾ↔∅,e↔e,s↔ʃ,i↔i,d↔∅,e↔e,n↔n,t↔t,e↔e",0.5294117647058824
2020-10-21,144,1,"IPA Target ↔ IPA Actual; Orthography (Group), IPA Target (Group), IPA Actual (Group), Alignment (Group), Notes (Group)","(1...2) ↔ (0...0); (0...10), (0...11), (0...8), (0...39), (0...2)",ɾ,,ɾ:O↔∅,"ɾ ↔ ∅; presidente, pɾesiˈdente, feʃiente, p↔f,ɾ↔∅,e↔e,s↔ʃ,i↔i,d↔∅,e↔e,n↔n,t↔t,e↔e, LC",S401.S401_EFE-A_Pre_05_20_2024.csv,Queries_Target_v2,Consonants,Pre,Spanish,S401,S401,EFE-A,Pre,ɾ ↔ ∅,"presidente, pɾesiˈdente, feʃiente, p↔f,ɾ↔∅,e↔e,s↔ʃ,i↔i,d↔∅,e↔e,n↔n,t↔t,e↔e, LC",LC,presidente,pɾesiˈdente,feʃiente,"p↔f,ɾ↔∅,e↔e,s↔ʃ,i↔i,d↔∅,e↔e,n↔n,t↔t,e↔e",0.0
2020-10-21,144,1,"IPA Target ↔ IPA Actual; Orthography (Group), IPA Target (Group), IPA Actual (Group), Alignment (Group), Notes (Group)","(3...4) ↔ (2...3); (0...10), (0...11), (0...8), (0...39), (0...2)",s,ʃ,s:O↔ʃ:O,"s ↔ ʃ; presidente, pɾesiˈdente, feʃiente, p↔f,ɾ↔∅,e↔e,s↔ʃ,i↔i,d↔∅,e↔e,n↔n,t↔t,e↔e, LC",S401.S401_EFE-A_Pre_05_20_2024.csv,Queries_Target_v2,Consonants,Pre,Spanish,S401,S401,EFE-A,Pre,s ↔ ʃ,"presidente, pɾesiˈdente, feʃiente, p↔f,ɾ↔∅,e↔e,s↔ʃ,i↔i,d↔∅,e↔e,n↔n,t↔t,e↔e, LC",LC,presidente,pɾesiˈdente,feʃiente,"p↔f,ɾ↔∅,e↔e,s↔ʃ,i↔i,d↔∅,e↔e,n↔n,t↔t,e↔e",0.7058823529411765
2020-10-21,144,1,"IPA Target ↔ IPA Actual; Orthography (Group), IPA Target (Group), IPA Actual (Group), Alignment (Group), Notes (Group)","(6...7) ↔ (0...0); (0...10), (0...11), (0...8), (0...39), (0...2)",d,,d:O↔∅,"d ↔ ∅; presidente, pɾesiˈdente, feʃiente, p↔f,ɾ↔∅,e↔e,s↔ʃ,i↔i,d↔∅,e↔e,n↔n,t↔t,e↔e, LC",S401.S401_EFE-A_Pre_05_20_2024.csv,Queries_Target_v2,Consonants,Pre,Spanish,S401,S401,EFE-A,Pre,d ↔ ∅,"presidente, pɾesiˈdente, feʃiente, p↔f,ɾ↔∅,e↔e,s↔ʃ,i↔i,d↔∅,e↔e,n↔n,t↔t,e↔e, LC",LC,presidente,pɾesiˈdente,feʃiente,"p↔f,ɾ↔∅,e↔e,s↔ʃ,i↔i,d↔∅,e↔e,n↔n,t↔t,e↔e",0.0
2020-10-21,144,1,"IPA Target ↔ IPA Actual; Orthography (Group), IPA Target (Group), IPA Actual (Group), Alignment (Group), Notes (Group)","(8...9) ↔ (5...6); (0...10), (0...11), (0...8), (0...39), (0...2)",n,n,n:C↔n:C,"n ↔ n; presidente, pɾesiˈdente, feʃiente, p↔f,ɾ↔∅,e↔e,s↔ʃ,i↔i,d↔∅,e↔e,n↔n,t↔t,e↔e, LC",S401.S401_EFE-A_Pre_05_20_2024.csv,Queries_Target_v2,Consonants,Pre,Spanish,S401,S401,EFE-A,Pre,n ↔ n,"presidente, pɾesiˈdente, feʃiente, p↔f,ɾ↔∅,e↔e,s↔ʃ,i↔i,d↔∅,e↔e,n↔n,t↔t,e↔e, LC",LC,presidente,pɾesiˈdente,feʃiente,"p↔f,ɾ↔∅,e↔e,s↔ʃ,i↔i,d↔∅,e↔e,n↔n,t↔t,e↔e",1.0
2020-10-21,144,1,"IPA Target ↔ IPA Actual; Orthography (Group), IPA Target (Group), IPA Actual (Group), Alignment (Group), Notes (Group)","(9...10) ↔ (6...7); (0...10), (0...11), (0...8), (0...39), (0...2)",t,t,t:O↔t:O,"t ↔ t; presidente, pɾesiˈdente, feʃiente, p↔f,ɾ↔∅,e↔e,s↔ʃ,i↔i,d↔∅,e↔e,n↔n,t↔t,e↔e, LC",S401.S401_EFE-A_Pre_05_20_2024.csv,Queries_Target_v2,Consonants,Pre,Spanish,S401,S401,EFE-A,Pre,t ↔ t,"presidente, pɾesiˈdente, feʃiente, p↔f,ɾ↔∅,e↔e,s↔ʃ,i↔i,d↔∅,e↔e,n↔n,t↔t,e↔e, LC",LC,presidente,pɾesiˈdente,feʃiente,"p↔f,ɾ↔∅,e↔e,s↔ʃ,i↔i,d↔∅,e↔e,n↔n,t↔t,e↔e",1.0
2020-10-21,145,1,"IPA Target ↔ IPA Actual; Orthography (Group), IPA Target (Group), IPA Actual (Group), Alignment (Group), Notes (Group)","(1...2) ↔ (1...2); (0...8), (0...9), (0...8), (0...31), (0...2)",l,l,l:O↔l:O,"l ↔ l; elefante, eleˈfante, elefante, e↔e,l↔l,e↔e,f↔f,a↔a,n↔n,t↔t,e↔e, LC",S401.S401_EFE-A_Pre_05_20_2024.csv,Queries_Target_v2,Consonants,Pre,Spanish,S401,S401,EFE-A,Pre,l ↔ l,"elefante, eleˈfante, elefante, e↔e,l↔l,e↔e,f↔f,a↔a,n↔n,t↔t,e↔e, LC",LC,elefante,eleˈfante,elefante,"e↔e,l↔l,e↔e,f↔f,a↔a,n↔n,t↔t,e↔e",1.0
2020-10-21,145,1,"IPA Target ↔ IPA Actual; Orthography (Group), IPA Target (Group), IPA Actual (Group), Alignment (Group), Notes (Group)","(4...5) ↔ (3...4); (0...8), (0...9), (0...8), (0...31), (0...2)",f,f,f:O↔f:O,"f ↔ f; elefante, eleˈfante, elefante, e↔e,l↔l,e↔e,f↔f,a↔a,n↔n,t↔t,e↔e, LC",S401.S401_EFE-A_Pre_05_20_2024.csv,Queries_Target_v2,Consonants,Pre,Spanish,S401,S401,EFE-A,Pre,f ↔ f,"elefante, eleˈfante, elefante, e↔e,l↔l,e↔e,f↔f,a↔a,n↔n,t↔t,e↔e, LC",LC,elefante,eleˈfante,elefante,"e↔e,l↔l,e↔e,f↔f,a↔a,n↔n,t↔t,e↔e",1.0
2020-10-21,145,1,"IPA Target ↔ IPA Actual; Orthography (Group), IPA Target (Group), IPA Actual (Group), Alignment (Group), Notes (Group)","(6...7) ↔ (5...6); (0...8), (0...9), (0...8), (0...31), (0...2)",n,n,n:C↔n:C,"n ↔ n; elefante, eleˈfante, elefante, e↔e,l↔l,e↔e,f↔f,a↔a,n↔n,t↔t,e↔e, LC",S401.S401_EFE-A_Pre_05_20_2024.csv,Queries_Target_v2,Consonants,Pre,Spanish,S401,S401,EFE-A,Pre,n ↔ n,"elefante, eleˈfante, elefante, e↔e,l↔l,e↔e,f↔f,a↔a,n↔n,t↔t,e↔e, LC",LC,elefante,eleˈfante,elefante,"e↔e,l↔l,e↔e,f↔f,a↔a,n↔n,t↔t,e↔e",1.0
2020-10-21,145,1,"IPA Target ↔ IPA Actual; Orthography (Group), IPA Target (Group), IPA Actual (Group), Alignment (Group), Notes (Group)","(7...8) ↔ (6...7); (0...8), (0...9), (0...8), (0...31), (0...2)",t,t,t:O↔t:O,"t ↔ t; elefante, eleˈfante, elefante, e↔e,l↔l,e↔e,f↔f,a↔a,n↔n,t↔t,e↔e, LC",S401.S401_EFE-A_Pre_05_20_2024.csv,Queries_Target_v2,Consonants,Pre,Spanish,S401,S401,EFE-A,Pre,t ↔ t,"elefante, eleˈfante, elefante, e↔e,l↔l,e↔e,f↔f,a↔a,n↔n,t↔t,e↔e, LC",LC,elefante,eleˈfante,elefante,"e↔e,l↔l,e↔e,f↔f,a↔a,n↔n,t↔t,e↔e",1.0
2020-10-21,146,1,"IPA Target ↔ IPA Actual; Orthography (Group), IPA Target (Group), IPA Actual (Group), Alignment (Group), Notes (Group)","(1...2) ↔ (0...1); (0...6), (0...7), (0...5), (0...23), (0...2)",p,p,p:O↔p:O,"p ↔ p; piedra, ˈpjedɾa, pjeda, p↔p,j↔j,e↔e,d↔d,ɾ↔∅,a↔a, LC",S401.S401_EFE-A_Pre_05_20_2024.csv,Queries_Target_v2,Consonants,Pre,Spanish,S401,S401,EFE-A,Pre,p ↔ p,"piedra, ˈpjedɾa, pjeda, p↔p,j↔j,e↔e,d↔d,ɾ↔∅,a↔a, LC",LC,piedra,ˈpjedɾa,pjeda,"p↔p,j↔j,e↔e,d↔d,ɾ↔∅,a↔a",1.0
2020-10-21,146,1,"IPA Target ↔ IPA Actual; Orthography (Group), IPA Target (Group), IPA Actual (Group), Alignment (Group), Notes (Group)","(2...3) ↔ (1...2); (0...6), (0...7), (0...5), (0...23), (0...2)",j,j,j:O↔j:O,"j ↔ j; piedra, ˈpjedɾa, pjeda, p↔p,j↔j,e↔e,d↔d,ɾ↔∅,a↔a, LC",S401.S401_EFE-A_Pre_05_20_2024.csv,Queries_Target_v2,Consonants,Pre,Spanish,S401,S401,EFE-A,Pre,j ↔ j,"piedra, ˈpjedɾa, pjeda, p↔p,j↔j,e↔e,d↔d,ɾ↔∅,a↔a, LC",LC,piedra,ˈpjedɾa,pjeda,"p↔p,j↔j,e↔e,d↔d,ɾ↔∅,a↔a",1.0
2020-10-21,146,1,"IPA Target ↔ IPA Actual; Orthography (Group), IPA Target (Group), IPA Actual (Group), Alignment (Group), Notes (Group)","(4...5) ↔ (3...4); (0...6), (0...7), (0...5), (0...23), (0...2)",d,d,d:O↔d:O,"d ↔ d; piedra, ˈpjedɾa, pjeda, p↔p,j↔j,e↔e,d↔d,ɾ↔∅,a↔a, LC",S401.S401_EFE-A_Pre_05_20_2024.csv,Queries_Target_v2,Consonants,Pre,Spanish,S401,S401,EFE-A,Pre,d ↔ d,"piedra, ˈpjedɾa, pjeda, p↔p,j↔j,e↔e,d↔d,ɾ↔∅,a↔a, LC",LC,piedra,ˈpjedɾa,pjeda,"p↔p,j↔j,e↔e,d↔d,ɾ↔∅,a↔a",1.0
2020-10-21,146,1,"IPA Target ↔ IPA Actual; Orthography (Group), IPA Target (Group), IPA Actual (Group), Alignment (Group), Notes (Group)","(5...6) ↔ (0...0); (0...6), (0...7), (0...5), (0...23), (0...2)",ɾ,,ɾ:O↔∅,"ɾ ↔ ∅; piedra, ˈpjedɾa, pjeda, p↔p,j↔j,e↔e,d↔d,ɾ↔∅,a↔a, LC",S401.S401_EFE-A_Pre_05_20_2024.csv,Queries_Target_v2,Consonants,Pre,Spanish,S401,S401,EFE-A,Pre,ɾ ↔ ∅,"piedra, ˈpjedɾa, pjeda, p↔p,j↔j,e↔e,d↔d,ɾ↔∅,a↔a, LC",LC,piedra,ˈpjedɾa,pjeda,"p↔p,j↔j,e↔e,d↔d,ɾ↔∅,a↔a",0.0
2020-10-21,147,1,"IPA Target ↔ IPA Actual; Orthography (Group), IPA Target (Group), IPA Actual (Group), Alignment (Group), Notes (Group)","(0...1) ↔ (0...0); (0...7), (0...8), (0...6), (0...27), (0...2)",b,,b:O↔∅,"b ↔ ∅; buendía, bwenˈdia, wendia, b↔∅,w↔w,e↔e,n↔n,d↔d,i↔i,a↔a, LC",S401.S401_EFE-A_Pre_05_20_2024.csv,Queries_Target_v2,Consonants,Pre,Spanish,S401,S401,EFE-A,Pre,b ↔ ∅,"buendía, bwenˈdia, wendia, b↔∅,w↔w,e↔e,n↔n,d↔d,i↔i,a↔a, LC",LC,buendía,bwenˈdia,wendia,"b↔∅,w↔w,e↔e,n↔n,d↔d,i↔i,a↔a",0.0
2020-10-21,147,1,"IPA Target ↔ IPA Actual; Orthography (Group), IPA Target (Group), IPA Actual (Group), Alignment (Group), Notes (Group)","(1...2) ↔ (0...1); (0...7), (0...8), (0...6), (0...27), (0...2)",w,w,w:O↔w:O,"w ↔ w; buendía, bwenˈdia, wendia, b↔∅,w↔w,e↔e,n↔n,d↔d,i↔i,a↔a, LC",S401.S401_EFE-A_Pre_05_20_2024.csv,Queries_Target_v2,Consonants,Pre,Spanish,S401,S401,EFE-A,Pre,w ↔ w,"buendía, bwenˈdia, wendia, b↔∅,w↔w,e↔e,n↔n,d↔d,i↔i,a↔a, LC",LC,buendía,bwenˈdia,wendia,"b↔∅,w↔w,e↔e,n↔n,d↔d,i↔i,a↔a",1.0
2020-10-21,147,1,"IPA Target ↔ IPA Actual; Orthography (Group), IPA Target (Group), IPA Actual (Group), Alignment (Group), Notes (Group)","(3...4) ↔ (2...3); (0...7), (0...8), (0...6), (0...27), (0...2)",n,n,n:C↔n:C,"n ↔ n; buendía, bwenˈdia, wendia, b↔∅,w↔w,e↔e,n↔n,d↔d,i↔i,a↔a, LC",S401.S401_EFE-A_Pre_05_20_2024.csv,Queries_Target_v2,Consonants,Pre,Spanish,S401,S401,EFE-A,Pre,n ↔ n,"buendía, bwenˈdia, wendia, b↔∅,w↔w,e↔e,n↔n,d↔d,i↔i,a↔a, LC",LC,buendía,bwenˈdia,wendia,"b↔∅,w↔w,e↔e,n↔n,d↔d,i↔i,a↔a",1.0
2020-10-21,147,1,"IPA Target ↔ IPA Actual; Orthography (Group), IPA Target (Group), IPA Actual (Group), Alignment (Group), Notes (Group)","(5...6) ↔ (3...4); (0...7), (0...8), (0...6), (0...27), (0...2)",d,d,d:O↔d:O,"d ↔ d; buendía, bwenˈdia, wendia, b↔∅,w↔w,e↔e,n↔n,d↔d,i↔i,a↔a, LC",S401.S401_EFE-A_Pre_05_20_2024.csv,Queries_Target_v2,Consonants,Pre,Spanish,S401,S401,EFE-A,Pre,d ↔ d,"buendía, bwenˈdia, wendia, b↔∅,w↔w,e↔e,n↔n,d↔d,i↔i,a↔a, LC",LC,buendía,bwenˈdia,wendia,"b↔∅,w↔w,e↔e,n↔n,d↔d,i↔i,a↔a",1.0
2020-10-21,148,1,"IPA Target ↔ IPA Actual; Orthography (Group), IPA Target (Group), IPA Actual (Group), Alignment (Group), Notes (Group)","(0...1) ↔ (0...1); (0...5), (0...4), (0...4), (0...15), (0...2)",k,k,k:O↔k:O,"k ↔ k; quién, kjen, kjen, k↔k,j↔j,e↔e,n↔n, LC",S401.S401_EFE-A_Pre_05_20_2024.csv,Queries_Target_v2,Consonants,Pre,Spanish,S401,S401,EFE-A,Pre,k ↔ k,"quién, kjen, kjen, k↔k,j↔j,e↔e,n↔n, LC",LC,quién,kjen,kjen,"k↔k,j↔j,e↔e,n↔n",1.0
2020-10-21,148,1,"IPA Target ↔ IPA Actual; Orthography (Group), IPA Target (Group), IPA Actual (Group), Alignment (Group), Notes (Group)","(1...2) ↔ (1...2); (0...5), (0...4), (0...4), (0...15), (0...2)",j,j,j:O↔j:O,"j ↔ j; quién, kjen, kjen, k↔k,j↔j,e↔e,n↔n, LC",S401.S401_EFE-A_Pre_05_20_2024.csv,Queries_Target_v2,Consonants,Pre,Spanish,S401,S401,EFE-A,Pre,j ↔ j,"quién, kjen, kjen, k↔k,j↔j,e↔e,n↔n, LC",LC,quién,kjen,kjen,"k↔k,j↔j,e↔e,n↔n",1.0
2020-10-21,148,1,"IPA Target ↔ IPA Actual; Orthography (Group), IPA Target (Group), IPA Actual (Group), Alignment (Group), Notes (Group)","(3...4) ↔ (3...4); (0...5), (0...4), (0...4), (0...15), (0...2)",n,n,n:C↔n:C,"n ↔ n; quién, kjen, kjen, k↔k,j↔j,e↔e,n↔n, LC",S401.S401_EFE-A_Pre_05_20_2024.csv,Queries_Target_v2,Consonants,Pre,Spanish,S401,S401,EFE-A,Pre,n ↔ n,"quién, kjen, kjen, k↔k,j↔j,e↔e,n↔n, LC",LC,quién,kjen,kjen,"k↔k,j↔j,e↔e,n↔n",1.0
2020-10-21,149,1,"IPA Target ↔ IPA Actual; Orthography (Group), IPA Target (Group), IPA Actual (Group), Alignment (Group), Notes (Group)","(0...1) ↔ (0...1); (0...6), (0...7), (0...6), (0...23), (0...2)",ɡ,ɡ,ɡ:O↔g:O,"ɡ ↔ g; glotón, ɡloˈton, glaton, ɡ↔g,l↔l,o↔a,t↔t,o↔o,n↔n, LC",S401.S401_EFE-A_Pre_05_20_2024.csv,Queries_Target_v2,Consonants,Pre,Spanish,S401,S401,EFE-A,Pre,ɡ ↔ g,"glotón, ɡloˈton, glaton, ɡ↔g,l↔l,o↔a,t↔t,o↔o,n↔n, LC",LC,glotón,ɡloˈton,glaton,"ɡ↔g,l↔l,o↔a,t↔t,o↔o,n↔n",1.0
2020-10-21,149,1,"IPA Target ↔ IPA Actual; Orthography (Group), IPA Target (Group), IPA Actual (Group), Alignment (Group), Notes (Group)","(1...2) ↔ (1...2); (0...6), (0...7), (0...6), (0...23), (0...2)",l,l,l:O↔l:O,"l ↔ l; glotón, ɡloˈton, glaton, ɡ↔g,l↔l,o↔a,t↔t,o↔o,n↔n, LC",S401.S401_EFE-A_Pre_05_20_2024.csv,Queries_Target_v2,Consonants,Pre,Spanish,S401,S401,EFE-A,Pre,l ↔ l,"glotón, ɡloˈton, glaton, ɡ↔g,l↔l,o↔a,t↔t,o↔o,n↔n, LC",LC,glotón,ɡloˈton,glaton,"ɡ↔g,l↔l,o↔a,t↔t,o↔o,n↔n",1.0
2020-10-21,149,1,"IPA Target ↔ IPA Actual; Orthography (Group), IPA Target (Group), IPA Actual (Group), Alignment (Group), Notes (Group)","(4...5) ↔ (3...4); (0...6), (0...7), (0...6), (0...23), (0...2)",t,t,t:O↔t:O,"t ↔ t; glotón, ɡloˈton, glaton, ɡ↔g,l↔l,o↔a,t↔t,o↔o,n↔n, LC",S401.S401_EFE-A_Pre_05_20_2024.csv,Queries_Target_v2,Consonants,Pre,Spanish,S401,S401,EFE-A,Pre,t ↔ t,"glotón, ɡloˈton, glaton, ɡ↔g,l↔l,o↔a,t↔t,o↔o,n↔n, LC",LC,glotón,ɡloˈton,glaton,"ɡ↔g,l↔l,o↔a,t↔t,o↔o,n↔n",1.0
2020-10-21,149,1,"IPA Target ↔ IPA Actual; Orthography (Group), IPA Target (Group), IPA Actual (Group), Alignment (Group), Notes (Group)","(6...7) ↔ (5...6); (0...6), (0...7), (0...6), (0...23), (0...2)",n,n,n:C↔n:C,"n ↔ n; glotón, ɡloˈton, glaton, ɡ↔g,l↔l,o↔a,t↔t,o↔o,n↔n, LC",S401.S401_EFE-A_Pre_05_20_2024.csv,Queries_Target_v2,Consonants,Pre,Spanish,S401,S401,EFE-A,Pre,n ↔ n,"glotón, ɡloˈton, glaton, ɡ↔g,l↔l,o↔a,t↔t,o↔o,n↔n, LC",LC,glotón,ɡloˈton,glaton,"ɡ↔g,l↔l,o↔a,t↔t,o↔o,n↔n",1.0
2020-10-21,150,1,"IPA Target ↔ IPA Actual; Orthography (Group), IPA Target (Group), IPA Actual (Group), Alignment (Group), Notes (Group)","(0...1) ↔ (0...1); (0...2), (0...2), (0...2), (0...7), (0...2)",t,t,t:O↔t:O,"t ↔ t; té, te, te, t↔t,e↔e, LC",S401.S401_EFE-A_Pre_05_20_2024.csv,Queries_Target_v2,Consonants,Pre,Spanish,S401,S401,EFE-A,Pre,t ↔ t,"té, te, te, t↔t,e↔e, LC",LC,té,te,te,"t↔t,e↔e",1.0
2020-10-21,151,1,"IPA Target ↔ IPA Actual; Orthography (Group), IPA Target (Group), IPA Actual (Group), Alignment (Group), Notes (Group)","(1...2) ↔ (0...1); (0...3), (0...4), (0...3), (0...11), (0...2)",t,t,t:O↔t:O,"t ↔ t; tía, ˈtia, tia, t↔t,i↔i,a↔a, LC",S401.S401_EFE-A_Pre_05_20_2024.csv,Queries_Target_v2,Consonants,Pre,Spanish,S401,S401,EFE-A,Pre,t ↔ t,"tía, ˈtia, tia, t↔t,i↔i,a↔a, LC",LC,tía,ˈtia,tia,"t↔t,i↔i,a↔a",1.0
2020-10-21,152,1,"IPA Target ↔ IPA Actual; Orthography (Group), IPA Target (Group), IPA Actual (Group), Alignment (Group), Notes (Group)","(1...2) ↔ (0...1); (0...6), (0...6), (0...4), (0...19), (0...2)",ʝ,ʝ,ʝ:O↔ʝ:O,"ʝ ↔ ʝ; llueve, ˈʝwebe, ʝebe, ʝ↔ʝ,w↔∅,e↔e,b↔b,e↔e, LC",S401.S401_EFE-A_Pre_05_20_2024.csv,Queries_Target_v2,Consonants,Pre,Spanish,S401,S401,EFE-A,Pre,ʝ ↔ ʝ,"llueve, ˈʝwebe, ʝebe, ʝ↔ʝ,w↔∅,e↔e,b↔b,e↔e, LC",LC,llueve,ˈʝwebe,ʝebe,"ʝ↔ʝ,w↔∅,e↔e,b↔b,e↔e",1.0
2020-10-21,152,1,"IPA Target ↔ IPA Actual; Orthography (Group), IPA Target (Group), IPA Actual (Group), Alignment (Group), Notes (Group)","(2...3) ↔ (0...0); (0...6), (0...6), (0...4), (0...19), (0...2)",w,,w:O↔∅,"w ↔ ∅; llueve, ˈʝwebe, ʝebe, ʝ↔ʝ,w↔∅,e↔e,b↔b,e↔e, LC",S401.S401_EFE-A_Pre_05_20_2024.csv,Queries_Target_v2,Consonants,Pre,Spanish,S401,S401,EFE-A,Pre,w ↔ ∅,"llueve, ˈʝwebe, ʝebe, ʝ↔ʝ,w↔∅,e↔e,b↔b,e↔e, LC",LC,llueve,ˈʝwebe,ʝebe,"ʝ↔ʝ,w↔∅,e↔e,b↔b,e↔e",0.0
2020-10-21,152,1,"IPA Target ↔ IPA Actual; Orthography (Group), IPA Target (Group), IPA Actual (Group), Alignment (Group), Notes (Group)","(4...5) ↔ (2...3); (0...6), (0...6), (0...4), (0...19), (0...2)",b,b,b:O↔b:O,"b ↔ b; llueve, ˈʝwebe, ʝebe, ʝ↔ʝ,w↔∅,e↔e,b↔b,e↔e, LC",S401.S401_EFE-A_Pre_05_20_2024.csv,Queries_Target_v2,Consonants,Pre,Spanish,S401,S401,EFE-A,Pre,b ↔ b,"llueve, ˈʝwebe, ʝebe, ʝ↔ʝ,w↔∅,e↔e,b↔b,e↔e, LC",LC,llueve,ˈʝwebe,ʝebe,"ʝ↔ʝ,w↔∅,e↔e,b↔b,e↔e",1.0
2020-10-21,153,1,"IPA Target ↔ IPA Actual; Orthography (Group), IPA Target (Group), IPA Actual (Group), Alignment (Group), Notes (Group)","(1...2) ↔ (0...1); (0...5), (0...6), (0...4), (0...19), (0...2)",k,k,k:O↔k:O,"k ↔ k; crema, ˈkɾema, kema, k↔k,ɾ↔∅,e↔e,m↔m,a↔a, LC",S401.S401_EFE-A_Pre_05_20_2024.csv,Queries_Target_v2,Consonants,Pre,Spanish,S401,S401,EFE-A,Pre,k ↔ k,"crema, ˈkɾema, kema, k↔k,ɾ↔∅,e↔e,m↔m,a↔a, LC",LC,crema,ˈkɾema,kema,"k↔k,ɾ↔∅,e↔e,m↔m,a↔a",1.0
2020-10-21,153,1,"IPA Target ↔ IPA Actual; Orthography (Group), IPA Target (Group), IPA Actual (Group), Alignment (Group), Notes (Group)","(2...3) ↔ (0...0); (0...5), (0...6), (0...4), (0...19), (0...2)",ɾ,,ɾ:O↔∅,"ɾ ↔ ∅; crema, ˈkɾema, kema, k↔k,ɾ↔∅,e↔e,m↔m,a↔a, LC",S401.S401_EFE-A_Pre_05_20_2024.csv,Queries_Target_v2,Consonants,Pre,Spanish,S401,S401,EFE-A,Pre,ɾ ↔ ∅,"crema, ˈkɾema, kema, k↔k,ɾ↔∅,e↔e,m↔m,a↔a, LC",LC,crema,ˈkɾema,kema,"k↔k,ɾ↔∅,e↔e,m↔m,a↔a",0.0
2020-10-21,153,1,"IPA Target ↔ IPA Actual; Orthography (Group), IPA Target (Group), IPA Actual (Group), Alignment (Group), Notes (Group)","(4...5) ↔ (2...3); (0...5), (0...6), (0...4), (0...19), (0...2)",m,m,m:O↔m:O,"m ↔ m; crema, ˈkɾema, kema, k↔k,ɾ↔∅,e↔e,m↔m,a↔a, LC",S401.S401_EFE-A_Pre_05_20_2024.csv,Queries_Target_v2,Consonants,Pre,Spanish,S401,S401,EFE-A,Pre,m ↔ m,"crema, ˈkɾema, kema, k↔k,ɾ↔∅,e↔e,m↔m,a↔a, LC",LC,crema,ˈkɾema,kema,"k↔k,ɾ↔∅,e↔e,m↔m,a↔a",1.0
2020-10-21,154,1,"IPA Target ↔ IPA Actual; Orthography (Group), IPA Target (Group), IPA Actual (Group), Alignment (Group), Notes (Group)","(1...2) ↔ (0...1); (0...5), (0...6), (0...5), (0...19), (0...3)",s,s,s:O↔s:O,"s ↔ s; suave, ˈswabe, swabe, s↔s,w↔w,a↔a,b↔b,e↔e, LC ",S401.S401_EFE-A_Pre_05_20_2024.csv,Queries_Target_v2,Consonants,Pre,Spanish,S401,S401,EFE-A,Pre,s ↔ s,"suave, ˈswabe, swabe, s↔s,w↔w,a↔a,b↔b,e↔e, LC",LC ,suave,ˈswabe,swabe,"s↔s,w↔w,a↔a,b↔b,e↔e",1.0
2020-10-21,154,1,"IPA Target ↔ IPA Actual; Orthography (Group), IPA Target (Group), IPA Actual (Group), Alignment (Group), Notes (Group)","(2...3) ↔ (1...2); (0...5), (0...6), (0...5), (0...19), (0...3)",w,w,w:O↔w:O,"w ↔ w; suave, ˈswabe, swabe, s↔s,w↔w,a↔a,b↔b,e↔e, LC ",S401.S401_EFE-A_Pre_05_20_2024.csv,Queries_Target_v2,Consonants,Pre,Spanish,S401,S401,EFE-A,Pre,w ↔ w,"suave, ˈswabe, swabe, s↔s,w↔w,a↔a,b↔b,e↔e, LC",LC ,suave,ˈswabe,swabe,"s↔s,w↔w,a↔a,b↔b,e↔e",1.0
2020-10-21,154,1,"IPA Target ↔ IPA Actual; Orthography (Group), IPA Target (Group), IPA Actual (Group), Alignment (Group), Notes (Group)","(4...5) ↔ (3...4); (0...5), (0...6), (0...5), (0...19), (0...3)",b,b,b:O↔b:O,"b ↔ b; suave, ˈswabe, swabe, s↔s,w↔w,a↔a,b↔b,e↔e, LC ",S401.S401_EFE-A_Pre_05_20_2024.csv,Queries_Target_v2,Consonants,Pre,Spanish,S401,S401,EFE-A,Pre,b ↔ b,"suave, ˈswabe, swabe, s↔s,w↔w,a↔a,b↔b,e↔e, LC",LC ,suave,ˈswabe,swabe,"s↔s,w↔w,a↔a,b↔b,e↔e",1.0
2020-10-21,155,1,"IPA Target ↔ IPA Actual; Orthography (Group), IPA Target (Group), IPA Actual (Group), Alignment (Group), Notes (Group)","(1...2) ↔ (0...1); (0...6), (0...6), (0...8), (0...35), (0...2)",ʝ,ʝ,ʝ:O↔ʝ:O,"ʝ ↔ ʝ; llanta, ˈʝanta, ʝatapiel, ʝ↔ʝ,a↔a,n↔∅,t↔t,a↔a,∅↔p,∅↔i,∅↔e,∅↔l, LC",S401.S401_EFE-A_Pre_05_20_2024.csv,Queries_Target_v2,Consonants,Pre,Spanish,S401,S401,EFE-A,Pre,ʝ ↔ ʝ,"llanta, ˈʝanta, ʝatapiel, ʝ↔ʝ,a↔a,n↔∅,t↔t,a↔a,∅↔p,∅↔i,∅↔e,∅↔l, LC",LC,llanta,ˈʝanta,ʝatapiel,"ʝ↔ʝ,a↔a,n↔∅,t↔t,a↔a,∅↔p,∅↔i,∅↔e,∅↔l",1.0
2020-10-21,155,1,"IPA Target ↔ IPA Actual; Orthography (Group), IPA Target (Group), IPA Actual (Group), Alignment (Group), Notes (Group)","(3...4) ↔ (0...0); (0...6), (0...6), (0...8), (0...35), (0...2)",n,,n:C↔∅,"n ↔ ∅; llanta, ˈʝanta, ʝatapiel, ʝ↔ʝ,a↔a,n↔∅,t↔t,a↔a,∅↔p,∅↔i,∅↔e,∅↔l, LC",S401.S401_EFE-A_Pre_05_20_2024.csv,Queries_Target_v2,Consonants,Pre,Spanish,S401,S401,EFE-A,Pre,n ↔ ∅,"llanta, ˈʝanta, ʝatapiel, ʝ↔ʝ,a↔a,n↔∅,t↔t,a↔a,∅↔p,∅↔i,∅↔e,∅↔l, LC",LC,llanta,ˈʝanta,ʝatapiel,"ʝ↔ʝ,a↔a,n↔∅,t↔t,a↔a,∅↔p,∅↔i,∅↔e,∅↔l",0.0
2020-10-21,155,1,"IPA Target ↔ IPA Actual; Orthography (Group), IPA Target (Group), IPA Actual (Group), Alignment (Group), Notes (Group)","(4...5) ↔ (2...3); (0...6), (0...6), (0...8), (0...35), (0...2)",t,t,t:O↔t:O,"t ↔ t; llanta, ˈʝanta, ʝatapiel, ʝ↔ʝ,a↔a,n↔∅,t↔t,a↔a,∅↔p,∅↔i,∅↔e,∅↔l, LC",S401.S401_EFE-A_Pre_05_20_2024.csv,Queries_Target_v2,Consonants,Pre,Spanish,S401,S401,EFE-A,Pre,t ↔ t,"llanta, ˈʝanta, ʝatapiel, ʝ↔ʝ,a↔a,n↔∅,t↔t,a↔a,∅↔p,∅↔i,∅↔e,∅↔l, LC",LC,llanta,ˈʝanta,ʝatapiel,"ʝ↔ʝ,a↔a,n↔∅,t↔t,a↔a,∅↔p,∅↔i,∅↔e,∅↔l",1.0
2020-10-21,156,1,"IPA Target ↔ IPA Actual; Orthography (Group), IPA Target (Group), IPA Actual (Group), Alignment (Group), Notes (Group)","(0...1) ↔ (0...1); (0...4), (0...5), (0...4), (0...15), (0...2)",r,l,r:O↔l:O,"r ↔ l; raíz, raˈis, lais, r↔l,a↔a,i↔i,s↔s, LC",S401.S401_EFE-A_Pre_05_20_2024.csv,Queries_Target_v2,Consonants,Pre,Spanish,S401,S401,EFE-A,Pre,r ↔ l,"raíz, raˈis, lais, r↔l,a↔a,i↔i,s↔s, LC",LC,raíz,raˈis,lais,"r↔l,a↔a,i↔i,s↔s",0.7058823529411765
2020-10-21,156,1,"IPA Target ↔ IPA Actual; Orthography (Group), IPA Target (Group), IPA Actual (Group), Alignment (Group), Notes (Group)","(4...5) ↔ (3...4); (0...4), (0...5), (0...4), (0...15), (0...2)",s,s,s:C↔s:C,"s ↔ s; raíz, raˈis, lais, r↔l,a↔a,i↔i,s↔s, LC",S401.S401_EFE-A_Pre_05_20_2024.csv,Queries_Target_v2,Consonants,Pre,Spanish,S401,S401,EFE-A,Pre,s ↔ s,"raíz, raˈis, lais, r↔l,a↔a,i↔i,s↔s, LC",LC,raíz,raˈis,lais,"r↔l,a↔a,i↔i,s↔s",1.0
2020-10-21,157,1,"IPA Target ↔ IPA Actual; Orthography (Group), IPA Target (Group), IPA Actual (Group), Alignment (Group), Notes (Group)","(1...2) ↔ (0...1); (0...4), (0...5), (0...4), (0...15), (0...2)",t,t,t:O↔t:O,"t ↔ t; tina, ˈtina, tina, t↔t,i↔i,n↔n,a↔a, LC",S401.S401_EFE-A_Pre_05_20_2024.csv,Queries_Target_v2,Consonants,Pre,Spanish,S401,S401,EFE-A,Pre,t ↔ t,"tina, ˈtina, tina, t↔t,i↔i,n↔n,a↔a, LC",LC,tina,ˈtina,tina,"t↔t,i↔i,n↔n,a↔a",1.0
2020-10-21,157,1,"IPA Target ↔ IPA Actual; Orthography (Group), IPA Target (Group), IPA Actual (Group), Alignment (Group), Notes (Group)","(3...4) ↔ (2...3); (0...4), (0...5), (0...4), (0...15), (0...2)",n,n,n:O↔n:O,"n ↔ n; tina, ˈtina, tina, t↔t,i↔i,n↔n,a↔a, LC",S401.S401_EFE-A_Pre_05_20_2024.csv,Queries_Target_v2,Consonants,Pre,Spanish,S401,S401,EFE-A,Pre,n ↔ n,"tina, ˈtina, tina, t↔t,i↔i,n↔n,a↔a, LC",LC,tina,ˈtina,tina,"t↔t,i↔i,n↔n,a↔a",1.0
2020-10-21,158,1,"IPA Target ↔ IPA Actual; Orthography (Group), IPA Target (Group), IPA Actual (Group), Alignment (Group), Notes (Group)","(0...1) ↔ (0...1); (0...5), (0...6), (0...5), (0...19), (0...2)",x,x,x:O↔x:O,"x ↔ x; jabón, xaˈbon, xabon, x↔x,a↔a,b↔b,o↔o,n↔n, LC",S401.S401_EFE-A_Pre_05_20_2024.csv,Queries_Target_v2,Consonants,Pre,Spanish,S401,S401,EFE-A,Pre,x ↔ x,"jabón, xaˈbon, xabon, x↔x,a↔a,b↔b,o↔o,n↔n, LC",LC,jabón,xaˈbon,xabon,"x↔x,a↔a,b↔b,o↔o,n↔n",1.0
2020-10-21,158,1,"IPA Target ↔ IPA Actual; Orthography (Group), IPA Target (Group), IPA Actual (Group), Alignment (Group), Notes (Group)","(3...4) ↔ (2...3); (0...5), (0...6), (0...5), (0...19), (0...2)",b,b,b:O↔b:O,"b ↔ b; jabón, xaˈbon, xabon, x↔x,a↔a,b↔b,o↔o,n↔n, LC",S401.S401_EFE-A_Pre_05_20_2024.csv,Queries_Target_v2,Consonants,Pre,Spanish,S401,S401,EFE-A,Pre,b ↔ b,"jabón, xaˈbon, xabon, x↔x,a↔a,b↔b,o↔o,n↔n, LC",LC,jabón,xaˈbon,xabon,"x↔x,a↔a,b↔b,o↔o,n↔n",1.0
2020-10-21,158,1,"IPA Target ↔ IPA Actual; Orthography (Group), IPA Target (Group), IPA Actual (Group), Alignment (Group), Notes (Group)","(5...6) ↔ (4...5); (0...5), (0...6), (0...5), (0...19), (0...2)",n,n,n:C↔n:C,"n ↔ n; jabón, xaˈbon, xabon, x↔x,a↔a,b↔b,o↔o,n↔n, LC",S401.S401_EFE-A_Pre_05_20_2024.csv,Queries_Target_v2,Consonants,Pre,Spanish,S401,S401,EFE-A,Pre,n ↔ n,"jabón, xaˈbon, xabon, x↔x,a↔a,b↔b,o↔o,n↔n, LC",LC,jabón,xaˈbon,xabon,"x↔x,a↔a,b↔b,o↔o,n↔n",1.0
2020-10-21,159,1,"IPA Target ↔ IPA Actual; Orthography (Group), IPA Target (Group), IPA Actual (Group), Alignment (Group), Notes (Group)","(0...1) ↔ (0...1); (0...3), (0...3), (0...3), (0...11), (0...2)",p,p,p:O↔p:O,"p ↔ p; pie, pje, pja, p↔p,j↔j,e↔a, LC",S401.S401_EFE-A_Pre_05_20_2024.csv,Queries_Target_v2,Consonants,Pre,Spanish,S401,S401,EFE-A,Pre,p ↔ p,"pie, pje, pja, p↔p,j↔j,e↔a, LC",LC,pie,pje,pja,"p↔p,j↔j,e↔a",1.0
2020-10-21,159,1,"IPA Target ↔ IPA Actual; Orthography (Group), IPA Target (Group), IPA Actual (Group), Alignment (Group), Notes (Group)","(1...2) ↔ (1...2); (0...3), (0...3), (0...3), (0...11), (0...2)",j,j,j:O↔j:O,"j ↔ j; pie, pje, pja, p↔p,j↔j,e↔a, LC",S401.S401_EFE-A_Pre_05_20_2024.csv,Queries_Target_v2,Consonants,Pre,Spanish,S401,S401,EFE-A,Pre,j ↔ j,"pie, pje, pja, p↔p,j↔j,e↔a, LC",LC,pie,pje,pja,"p↔p,j↔j,e↔a",1.0
2020-10-21,160,1,"IPA Target ↔ IPA Actual; Orthography (Group), IPA Target (Group), IPA Actual (Group), Alignment (Group), Notes (Group)","(1...2) ↔ (0...1); (0...5), (0...6), (0...5), (0...19), (0...2)",n,n,n:O↔n:O,"n ↔ n; nuevo, ˈnwebo, nwebo, n↔n,w↔w,e↔e,b↔b,o↔o, LC",S401.S401_EFE-A_Pre_05_20_2024.csv,Queries_Target_v2,Consonants,Pre,Spanish,S401,S401,EFE-A,Pre,n ↔ n,"nuevo, ˈnwebo, nwebo, n↔n,w↔w,e↔e,b↔b,o↔o, LC",LC,nuevo,ˈnwebo,nwebo,"n↔n,w↔w,e↔e,b↔b,o↔o",1.0
2020-10-21,160,1,"IPA Target ↔ IPA Actual; Orthography (Group), IPA Target (Group), IPA Actual (Group), Alignment (Group), Notes (Group)","(2...3) ↔ (1...2); (0...5), (0...6), (0...5), (0...19), (0...2)",w,w,w:O↔w:O,"w ↔ w; nuevo, ˈnwebo, nwebo, n↔n,w↔w,e↔e,b↔b,o↔o, LC",S401.S401_EFE-A_Pre_05_20_2024.csv,Queries_Target_v2,Consonants,Pre,Spanish,S401,S401,EFE-A,Pre,w ↔ w,"nuevo, ˈnwebo, nwebo, n↔n,w↔w,e↔e,b↔b,o↔o, LC",LC,nuevo,ˈnwebo,nwebo,"n↔n,w↔w,e↔e,b↔b,o↔o",1.0
2020-10-21,160,1,"IPA Target ↔ IPA Actual; Orthography (Group), IPA Target (Group), IPA Actual (Group), Alignment (Group), Notes (Group)","(4...5) ↔ (3...4); (0...5), (0...6), (0...5), (0...19), (0...2)",b,b,b:O↔b:O,"b ↔ b; nuevo, ˈnwebo, nwebo, n↔n,w↔w,e↔e,b↔b,o↔o, LC",S401.S401_EFE-A_Pre_05_20_2024.csv,Queries_Target_v2,Consonants,Pre,Spanish,S401,S401,EFE-A,Pre,b ↔ b,"nuevo, ˈnwebo, nwebo, n↔n,w↔w,e↔e,b↔b,o↔o, LC",LC,nuevo,ˈnwebo,nwebo,"n↔n,w↔w,e↔e,b↔b,o↔o",1.0
2020-10-21,161,1,"IPA Target ↔ IPA Actual; Orthography (Group), IPA Target (Group), IPA Actual (Group), Alignment (Group), Notes (Group)","(1...2) ↔ (0...1); (0...4), (0...5), (0...4), (0...15), (0...2)",r,l,r:O↔l:O,"r ↔ l; rana, ˈrana, lana, r↔l,a↔a,n↔n,a↔a, LC",S401.S401_EFE-A_Pre_05_20_2024.csv,Queries_Target_v2,Consonants,Pre,Spanish,S401,S401,EFE-A,Pre,r ↔ l,"rana, ˈrana, lana, r↔l,a↔a,n↔n,a↔a, LC",LC,rana,ˈrana,lana,"r↔l,a↔a,n↔n,a↔a",0.7058823529411765
2020-10-21,161,1,"IPA Target ↔ IPA Actual; Orthography (Group), IPA Target (Group), IPA Actual (Group), Alignment (Group), Notes (Group)","(3...4) ↔ (2...3); (0...4), (0...5), (0...4), (0...15), (0...2)",n,n,n:O↔n:O,"n ↔ n; rana, ˈrana, lana, r↔l,a↔a,n↔n,a↔a, LC",S401.S401_EFE-A_Pre_05_20_2024.csv,Queries_Target_v2,Consonants,Pre,Spanish,S401,S401,EFE-A,Pre,n ↔ n,"rana, ˈrana, lana, r↔l,a↔a,n↔n,a↔a, LC",LC,rana,ˈrana,lana,"r↔l,a↔a,n↔n,a↔a",1.0
2020-10-21,162,1,"IPA Target ↔ IPA Actual; Orthography (Group), IPA Target (Group), IPA Actual (Group), Alignment (Group), Notes (Group)","(1...2) ↔ (0...1); (0...6), (0...6), (0...5), (0...19), (0...2)",t,t,t:O↔t:O,"t ↔ t; tierra, ˈtjera, tjeda, t↔t,j↔j,e↔e,r↔d,a↔a, LC",S401.S401_EFE-A_Pre_05_20_2024.csv,Queries_Target_v2,Consonants,Pre,Spanish,S401,S401,EFE-A,Pre,t ↔ t,"tierra, ˈtjera, tjeda, t↔t,j↔j,e↔e,r↔d,a↔a, LC",LC,tierra,ˈtjera,tjeda,"t↔t,j↔j,e↔e,r↔d,a↔a",1.0
2020-10-21,162,1,"IPA Target ↔ IPA Actual; Orthography (Group), IPA Target (Group), IPA Actual (Group), Alignment (Group), Notes (Group)","(2...3) ↔ (1...2); (0...6), (0...6), (0...5), (0...19), (0...2)",j,j,j:O↔j:O,"j ↔ j; tierra, ˈtjera, tjeda, t↔t,j↔j,e↔e,r↔d,a↔a, LC",S401.S401_EFE-A_Pre_05_20_2024.csv,Queries_Target_v2,Consonants,Pre,Spanish,S401,S401,EFE-A,Pre,j ↔ j,"tierra, ˈtjera, tjeda, t↔t,j↔j,e↔e,r↔d,a↔a, LC",LC,tierra,ˈtjera,tjeda,"t↔t,j↔j,e↔e,r↔d,a↔a",1.0
2020-10-21,162,1,"IPA Target ↔ IPA Actual; Orthography (Group), IPA Target (Group), IPA Actual (Group), Alignment (Group), Notes (Group)","(4...5) ↔ (3...4); (0...6), (0...6), (0...5), (0...19), (0...2)",r,d,r:O↔d:O,"r ↔ d; tierra, ˈtjera, tjeda, t↔t,j↔j,e↔e,r↔d,a↔a, LC",S401.S401_EFE-A_Pre_05_20_2024.csv,Queries_Target_v2,Consonants,Pre,Spanish,S401,S401,EFE-A,Pre,r ↔ d,"tierra, ˈtjera, tjeda, t↔t,j↔j,e↔e,r↔d,a↔a, LC",LC,tierra,ˈtjera,tjeda,"t↔t,j↔j,e↔e,r↔d,a↔a",0.5882352941176471
2020-10-21,163,1,"IPA Target ↔ IPA Actual; Orthography (Group), IPA Target (Group), IPA Actual (Group), Alignment (Group), Notes (Group)","(1...2) ↔ (0...1); (0...4), (0...5), (0...4), (0...15), (0...2)",f,f,f:O↔f:O,"f ↔ f; frío, ˈfɾio, fɾio, f↔f,ɾ↔ɾ,i↔i,o↔o, LC",S401.S401_EFE-A_Pre_05_20_2024.csv,Queries_Target_v2,Consonants,Pre,Spanish,S401,S401,EFE-A,Pre,f ↔ f,"frío, ˈfɾio, fɾio, f↔f,ɾ↔ɾ,i↔i,o↔o, LC",LC,frío,ˈfɾio,fɾio,"f↔f,ɾ↔ɾ,i↔i,o↔o",1.0
2020-10-21,163,1,"IPA Target ↔ IPA Actual; Orthography (Group), IPA Target (Group), IPA Actual (Group), Alignment (Group), Notes (Group)","(2...3) ↔ (1...2); (0...4), (0...5), (0...4), (0...15), (0...2)",ɾ,ɾ,ɾ:O↔ɾ:O,"ɾ ↔ ɾ; frío, ˈfɾio, fɾio, f↔f,ɾ↔ɾ,i↔i,o↔o, LC",S401.S401_EFE-A_Pre_05_20_2024.csv,Queries_Target_v2,Consonants,Pre,Spanish,S401,S401,EFE-A,Pre,ɾ ↔ ɾ,"frío, ˈfɾio, fɾio, f↔f,ɾ↔ɾ,i↔i,o↔o, LC",LC,frío,ˈfɾio,fɾio,"f↔f,ɾ↔ɾ,i↔i,o↔o",1.0
2020-10-21,164,1,"IPA Target ↔ IPA Actual; Orthography (Group), IPA Target (Group), IPA Actual (Group), Alignment (Group), Notes (Group)","(1...2) ↔ (0...1); (0...6), (0...7), (0...6), (0...23), (0...2)",l,l,l:O↔l:O,"l ↔ l; lentes, ˈlentes, lentes, l↔l,e↔e,n↔n,t↔t,e↔e,s↔s, LC",S401.S401_EFE-A_Pre_05_20_2024.csv,Queries_Target_v2,Consonants,Pre,Spanish,S401,S401,EFE-A,Pre,l ↔ l,"lentes, ˈlentes, lentes, l↔l,e↔e,n↔n,t↔t,e↔e,s↔s, LC",LC,lentes,ˈlentes,lentes,"l↔l,e↔e,n↔n,t↔t,e↔e,s↔s",1.0
2020-10-21,164,1,"IPA Target ↔ IPA Actual; Orthography (Group), IPA Target (Group), IPA Actual (Group), Alignment (Group), Notes (Group)","(3...4) ↔ (2...3); (0...6), (0...7), (0...6), (0...23), (0...2)",n,n,n:C↔n:C,"n ↔ n; lentes, ˈlentes, lentes, l↔l,e↔e,n↔n,t↔t,e↔e,s↔s, LC",S401.S401_EFE-A_Pre_05_20_2024.csv,Queries_Target_v2,Consonants,Pre,Spanish,S401,S401,EFE-A,Pre,n ↔ n,"lentes, ˈlentes, lentes, l↔l,e↔e,n↔n,t↔t,e↔e,s↔s, LC",LC,lentes,ˈlentes,lentes,"l↔l,e↔e,n↔n,t↔t,e↔e,s↔s",1.0
2020-10-21,164,1,"IPA Target ↔ IPA Actual; Orthography (Group), IPA Target (Group), IPA Actual (Group), Alignment (Group), Notes (Group)","(4...5) ↔ (3...4); (0...6), (0...7), (0...6), (0...23), (0...2)",t,t,t:O↔t:O,"t ↔ t; lentes, ˈlentes, lentes, l↔l,e↔e,n↔n,t↔t,e↔e,s↔s, LC",S401.S401_EFE-A_Pre_05_20_2024.csv,Queries_Target_v2,Consonants,Pre,Spanish,S401,S401,EFE-A,Pre,t ↔ t,"lentes, ˈlentes, lentes, l↔l,e↔e,n↔n,t↔t,e↔e,s↔s, LC",LC,lentes,ˈlentes,lentes,"l↔l,e↔e,n↔n,t↔t,e↔e,s↔s",1.0
2020-10-21,164,1,"IPA Target ↔ IPA Actual; Orthography (Group), IPA Target (Group), IPA Actual (Group), Alignment (Group), Notes (Group)","(6...7) ↔ (5...6); (0...6), (0...7), (0...6), (0...23), (0...2)",s,s,s:C↔s:C,"s ↔ s; lentes, ˈlentes, lentes, l↔l,e↔e,n↔n,t↔t,e↔e,s↔s, LC",S401.S401_EFE-A_Pre_05_20_2024.csv,Queries_Target_v2,Consonants,Pre,Spanish,S401,S401,EFE-A,Pre,s ↔ s,"lentes, ˈlentes, lentes, l↔l,e↔e,n↔n,t↔t,e↔e,s↔s, LC",LC,lentes,ˈlentes,lentes,"l↔l,e↔e,n↔n,t↔t,e↔e,s↔s",1.0
2020-10-21,165,1,"IPA Target ↔ IPA Actual; Orthography (Group), IPA Target (Group), IPA Actual (Group), Alignment (Group), Notes (Group)","(0...1) ↔ (0...1); (0...5), (0...6), (0...6), (0...23), (0...7)",r,d,r:O↔d:O,"r ↔ d; reloj, reˈlox, dajlox, r↔d,e↔a,∅↔j,l↔l,o↔o,x↔x, LC 2/2 ",S401.S401_EFE-A_Pre_05_20_2024.csv,Queries_Target_v2,Consonants,Pre,Spanish,S401,S401,EFE-A,Pre,r ↔ d,"reloj, reˈlox, dajlox, r↔d,e↔a,∅↔j,l↔l,o↔o,x↔x, LC 2/2",LC 2/2 ,reloj,reˈlox,dajlox,"r↔d,e↔a,∅↔j,l↔l,o↔o,x↔x",0.5882352941176471
2020-10-21,165,1,"IPA Target ↔ IPA Actual; Orthography (Group), IPA Target (Group), IPA Actual (Group), Alignment (Group), Notes (Group)","(3...4) ↔ (3...4); (0...5), (0...6), (0...6), (0...23), (0...7)",l,l,l:O↔l:O,"l ↔ l; reloj, reˈlox, dajlox, r↔d,e↔a,∅↔j,l↔l,o↔o,x↔x, LC 2/2 ",S401.S401_EFE-A_Pre_05_20_2024.csv,Queries_Target_v2,Consonants,Pre,Spanish,S401,S401,EFE-A,Pre,l ↔ l,"reloj, reˈlox, dajlox, r↔d,e↔a,∅↔j,l↔l,o↔o,x↔x, LC 2/2",LC 2/2 ,reloj,reˈlox,dajlox,"r↔d,e↔a,∅↔j,l↔l,o↔o,x↔x",1.0
2020-10-21,165,1,"IPA Target ↔ IPA Actual; Orthography (Group), IPA Target (Group), IPA Actual (Group), Alignment (Group), Notes (Group)","(5...6) ↔ (5...6); (0...5), (0...6), (0...6), (0...23), (0...7)",x,x,x:C↔x:C,"x ↔ x; reloj, reˈlox, dajlox, r↔d,e↔a,∅↔j,l↔l,o↔o,x↔x, LC 2/2 ",S401.S401_EFE-A_Pre_05_20_2024.csv,Queries_Target_v2,Consonants,Pre,Spanish,S401,S401,EFE-A,Pre,x ↔ x,"reloj, reˈlox, dajlox, r↔d,e↔a,∅↔j,l↔l,o↔o,x↔x, LC 2/2",LC 2/2 ,reloj,reˈlox,dajlox,"r↔d,e↔a,∅↔j,l↔l,o↔o,x↔x",1.0
2020-10-21,166,1,"IPA Target ↔ IPA Actual; Orthography (Group), IPA Target (Group), IPA Actual (Group), Alignment (Group), Notes (Group)","(1...2) ↔ (0...0); (0...6), (0...7), (0...4), (0...23), (0...2)",d,,d:O↔∅,"d ↔ ∅; diente, ˈdjente, ʝate, d↔∅,j↔ʝ,e↔a,n↔∅,t↔t,e↔e, LC",S401.S401_EFE-A_Pre_05_20_2024.csv,Queries_Target_v2,Consonants,Pre,Spanish,S401,S401,EFE-A,Pre,d ↔ ∅,"diente, ˈdjente, ʝate, d↔∅,j↔ʝ,e↔a,n↔∅,t↔t,e↔e, LC",LC,diente,ˈdjente,ʝate,"d↔∅,j↔ʝ,e↔a,n↔∅,t↔t,e↔e",0.0
2020-10-21,166,1,"IPA Target ↔ IPA Actual; Orthography (Group), IPA Target (Group), IPA Actual (Group), Alignment (Group), Notes (Group)","(2...3) ↔ (0...1); (0...6), (0...7), (0...4), (0...23), (0...2)",j,ʝ,j:O↔ʝ:O,"j ↔ ʝ; diente, ˈdjente, ʝate, d↔∅,j↔ʝ,e↔a,n↔∅,t↔t,e↔e, LC",S401.S401_EFE-A_Pre_05_20_2024.csv,Queries_Target_v2,Consonants,Pre,Spanish,S401,S401,EFE-A,Pre,j ↔ ʝ,"diente, ˈdjente, ʝate, d↔∅,j↔ʝ,e↔a,n↔∅,t↔t,e↔e, LC",LC,diente,ˈdjente,ʝate,"d↔∅,j↔ʝ,e↔a,n↔∅,t↔t,e↔e",0.5
2020-10-21,166,1,"IPA Target ↔ IPA Actual; Orthography (Group), IPA Target (Group), IPA Actual (Group), Alignment (Group), Notes (Group)","(4...5) ↔ (0...0); (0...6), (0...7), (0...4), (0...23), (0...2)",n,,n:C↔∅,"n ↔ ∅; diente, ˈdjente, ʝate, d↔∅,j↔ʝ,e↔a,n↔∅,t↔t,e↔e, LC",S401.S401_EFE-A_Pre_05_20_2024.csv,Queries_Target_v2,Consonants,Pre,Spanish,S401,S401,EFE-A,Pre,n ↔ ∅,"diente, ˈdjente, ʝate, d↔∅,j↔ʝ,e↔a,n↔∅,t↔t,e↔e, LC",LC,diente,ˈdjente,ʝate,"d↔∅,j↔ʝ,e↔a,n↔∅,t↔t,e↔e",0.0
2020-10-21,166,1,"IPA Target ↔ IPA Actual; Orthography (Group), IPA Target (Group), IPA Actual (Group), Alignment (Group), Notes (Group)","(5...6) ↔ (2...3); (0...6), (0...7), (0...4), (0...23), (0...2)",t,t,t:O↔t:O,"t ↔ t; diente, ˈdjente, ʝate, d↔∅,j↔ʝ,e↔a,n↔∅,t↔t,e↔e, LC",S401.S401_EFE-A_Pre_05_20_2024.csv,Queries_Target_v2,Consonants,Pre,Spanish,S401,S401,EFE-A,Pre,t ↔ t,"diente, ˈdjente, ʝate, d↔∅,j↔ʝ,e↔a,n↔∅,t↔t,e↔e, LC",LC,diente,ˈdjente,ʝate,"d↔∅,j↔ʝ,e↔a,n↔∅,t↔t,e↔e",1.0
2020-10-21,167,1,"IPA Target ↔ IPA Actual; Orthography (Group), IPA Target (Group), IPA Actual (Group), Alignment (Group), Notes (Group)","(1...2) ↔ (0...1); (0...5), (0...5), (0...4), (0...15), (0...2)",l,l,l:O↔l:O,"l ↔ l; leche, ˈleʧe, leʃe, l↔l,e↔e,ʧ↔ʃ,e↔e, LC",S401.S401_EFE-A_Pre_05_20_2024.csv,Queries_Target_v2,Consonants,Pre,Spanish,S401,S401,EFE-A,Pre,l ↔ l,"leche, ˈleʧe, leʃe, l↔l,e↔e,ʧ↔ʃ,e↔e, LC",LC,leche,ˈleʧe,leʃe,"l↔l,e↔e,ʧ↔ʃ,e↔e",1.0
2020-10-21,167,1,"IPA Target ↔ IPA Actual; Orthography (Group), IPA Target (Group), IPA Actual (Group), Alignment (Group), Notes (Group)","(3...4) ↔ (2...3); (0...5), (0...5), (0...4), (0...15), (0...2)",ʧ,ʃ,ʧ:O↔ʃ:O,"ʧ ↔ ʃ; leche, ˈleʧe, leʃe, l↔l,e↔e,ʧ↔ʃ,e↔e, LC",S401.S401_EFE-A_Pre_05_20_2024.csv,Queries_Target_v2,Consonants,Pre,Spanish,S401,S401,EFE-A,Pre,ʧ ↔ ʃ,"leche, ˈleʧe, leʃe, l↔l,e↔e,ʧ↔ʃ,e↔e, LC",LC,leche,ˈleʧe,leʃe,"l↔l,e↔e,ʧ↔ʃ,e↔e",0.5294117647058824
2020-10-21,168,1,"IPA Target ↔ IPA Actual; Orthography (Group), IPA Target (Group), IPA Actual (Group), Alignment (Group), Notes (Group)","(1...2) ↔ (0...1); (0...4), (0...5), (0...4), (0...15), (0...2)",k,k,k:O↔k:O,"k ↔ k; cama, ˈkama, kama, k↔k,a↔a,m↔m,a↔a, LC",S401.S401_EFE-A_Pre_05_20_2024.csv,Queries_Target_v2,Consonants,Pre,Spanish,S401,S401,EFE-A,Pre,k ↔ k,"cama, ˈkama, kama, k↔k,a↔a,m↔m,a↔a, LC",LC,cama,ˈkama,kama,"k↔k,a↔a,m↔m,a↔a",1.0
2020-10-21,168,1,"IPA Target ↔ IPA Actual; Orthography (Group), IPA Target (Group), IPA Actual (Group), Alignment (Group), Notes (Group)","(3...4) ↔ (2...3); (0...4), (0...5), (0...4), (0...15), (0...2)",m,m,m:O↔m:O,"m ↔ m; cama, ˈkama, kama, k↔k,a↔a,m↔m,a↔a, LC",S401.S401_EFE-A_Pre_05_20_2024.csv,Queries_Target_v2,Consonants,Pre,Spanish,S401,S401,EFE-A,Pre,m ↔ m,"cama, ˈkama, kama, k↔k,a↔a,m↔m,a↔a, LC",LC,cama,ˈkama,kama,"k↔k,a↔a,m↔m,a↔a",1.0
2020-10-21,169,1,"IPA Target ↔ IPA Actual; Orthography (Group), IPA Target (Group), IPA Actual (Group), Alignment (Group), Notes (Group)","(0...1) ↔ (0...1); (0...3), (0...3), (0...3), (0...11), (0...36)",r,l,r:O↔l:O,"r ↔ l; rey, rej, lej, r↔l,e↔e,j↔j, LC KR I think this one is just /leː/",S401.S401_EFE-A_Pre_05_20_2024.csv,Queries_Target_v2,Consonants,Pre,Spanish,S401,S401,EFE-A,Pre,r ↔ l,"rey, rej, lej, r↔l,e↔e,j↔j, LC KR I think this one is just /leː/",LC KR I think this one is just /leː/,rey,rej,lej,"r↔l,e↔e,j↔j",0.7058823529411765
2020-10-21,169,1,"IPA Target ↔ IPA Actual; Orthography (Group), IPA Target (Group), IPA Actual (Group), Alignment (Group), Notes (Group)","(2...3) ↔ (2...3); (0...3), (0...3), (0...3), (0...11), (0...36)",j,j,j:N↔j:N,"j ↔ j; rey, rej, lej, r↔l,e↔e,j↔j, LC KR I think this one is just /leː/",S401.S401_EFE-A_Pre_05_20_2024.csv,Queries_Target_v2,Consonants,Pre,Spanish,S401,S401,EFE-A,Pre,j ↔ j,"rey, rej, lej, r↔l,e↔e,j↔j, LC KR I think this one is just /leː/",LC KR I think this one is just /leː/,rey,rej,lej,"r↔l,e↔e,j↔j",1.0
2020-10-21,170,1,"IPA Target ↔ IPA Actual; Orthography (Group), IPA Target (Group), IPA Actual (Group), Alignment (Group), Notes (Group)","(1...2) ↔ (0...1); (0...6), (0...6), (0...5), (0...19), (0...2)",ɡ,ɡ,ɡ:O↔g:O,"ɡ ↔ g; gancho, ˈɡanʧo, ganʧo, ɡ↔g,a↔a,n↔n,ʧ↔ʧ,o↔o, LC",S401.S401_EFE-A_Pre_05_20_2024.csv,Queries_Target_v2,Consonants,Pre,Spanish,S401,S401,EFE-A,Pre,ɡ ↔ g,"gancho, ˈɡanʧo, ganʧo, ɡ↔g,a↔a,n↔n,ʧ↔ʧ,o↔o, LC",LC,gancho,ˈɡanʧo,ganʧo,"ɡ↔g,a↔a,n↔n,ʧ↔ʧ,o↔o",1.0
2020-10-21,170,1,"IPA Target ↔ IPA Actual; Orthography (Group), IPA Target (Group), IPA Actual (Group), Alignment (Group), Notes (Group)","(3...4) ↔ (2...3); (0...6), (0...6), (0...5), (0...19), (0...2)",n,n,n:C↔n:C,"n ↔ n; gancho, ˈɡanʧo, ganʧo, ɡ↔g,a↔a,n↔n,ʧ↔ʧ,o↔o, LC",S401.S401_EFE-A_Pre_05_20_2024.csv,Queries_Target_v2,Consonants,Pre,Spanish,S401,S401,EFE-A,Pre,n ↔ n,"gancho, ˈɡanʧo, ganʧo, ɡ↔g,a↔a,n↔n,ʧ↔ʧ,o↔o, LC",LC,gancho,ˈɡanʧo,ganʧo,"ɡ↔g,a↔a,n↔n,ʧ↔ʧ,o↔o",1.0
2020-10-21,170,1,"IPA Target ↔ IPA Actual; Orthography (Group), IPA Target (Group), IPA Actual (Group), Alignment (Group), Notes (Group)","(4...5) ↔ (3...4); (0...6), (0...6), (0...5), (0...19), (0...2)",ʧ,ʧ,ʧ:O↔ʧ:O,"ʧ ↔ ʧ; gancho, ˈɡanʧo, ganʧo, ɡ↔g,a↔a,n↔n,ʧ↔ʧ,o↔o, LC",S401.S401_EFE-A_Pre_05_20_2024.csv,Queries_Target_v2,Consonants,Pre,Spanish,S401,S401,EFE-A,Pre,ʧ ↔ ʧ,"gancho, ˈɡanʧo, ganʧo, ɡ↔g,a↔a,n↔n,ʧ↔ʧ,o↔o, LC",LC,gancho,ˈɡanʧo,ganʧo,"ɡ↔g,a↔a,n↔n,ʧ↔ʧ,o↔o",1.0
2020-10-21,171,1,"IPA Target ↔ IPA Actual; Orthography (Group), IPA Target (Group), IPA Actual (Group), Alignment (Group), Notes (Group)","(1...2) ↔ (0...1); (0...7), (0...8), (0...6), (0...27), (0...2)",t,t,t:O↔t:O,"t ↔ t; tráfico, ˈtɾafiko, tafiko, t↔t,ɾ↔∅,a↔a,f↔f,i↔i,k↔k,o↔o, LC",S401.S401_EFE-A_Pre_05_20_2024.csv,Queries_Target_v2,Consonants,Pre,Spanish,S401,S401,EFE-A,Pre,t ↔ t,"tráfico, ˈtɾafiko, tafiko, t↔t,ɾ↔∅,a↔a,f↔f,i↔i,k↔k,o↔o, LC",LC,tráfico,ˈtɾafiko,tafiko,"t↔t,ɾ↔∅,a↔a,f↔f,i↔i,k↔k,o↔o",1.0
2020-10-21,171,1,"IPA Target ↔ IPA Actual; Orthography (Group), IPA Target (Group), IPA Actual (Group), Alignment (Group), Notes (Group)","(2...3) ↔ (0...0); (0...7), (0...8), (0...6), (0...27), (0...2)",ɾ,,ɾ:O↔∅,"ɾ ↔ ∅; tráfico, ˈtɾafiko, tafiko, t↔t,ɾ↔∅,a↔a,f↔f,i↔i,k↔k,o↔o, LC",S401.S401_EFE-A_Pre_05_20_2024.csv,Queries_Target_v2,Consonants,Pre,Spanish,S401,S401,EFE-A,Pre,ɾ ↔ ∅,"tráfico, ˈtɾafiko, tafiko, t↔t,ɾ↔∅,a↔a,f↔f,i↔i,k↔k,o↔o, LC",LC,tráfico,ˈtɾafiko,tafiko,"t↔t,ɾ↔∅,a↔a,f↔f,i↔i,k↔k,o↔o",0.0
2020-10-21,171,1,"IPA Target ↔ IPA Actual; Orthography (Group), IPA Target (Group), IPA Actual (Group), Alignment (Group), Notes (Group)","(4...5) ↔ (2...3); (0...7), (0...8), (0...6), (0...27), (0...2)",f,f,f:O↔f:O,"f ↔ f; tráfico, ˈtɾafiko, tafiko, t↔t,ɾ↔∅,a↔a,f↔f,i↔i,k↔k,o↔o, LC",S401.S401_EFE-A_Pre_05_20_2024.csv,Queries_Target_v2,Consonants,Pre,Spanish,S401,S401,EFE-A,Pre,f ↔ f,"tráfico, ˈtɾafiko, tafiko, t↔t,ɾ↔∅,a↔a,f↔f,i↔i,k↔k,o↔o, LC",LC,tráfico,ˈtɾafiko,tafiko,"t↔t,ɾ↔∅,a↔a,f↔f,i↔i,k↔k,o↔o",1.0
2020-10-21,171,1,"IPA Target ↔ IPA Actual; Orthography (Group), IPA Target (Group), IPA Actual (Group), Alignment (Group), Notes (Group)","(6...7) ↔ (4...5); (0...7), (0...8), (0...6), (0...27), (0...2)",k,k,k:O↔k:O,"k ↔ k; tráfico, ˈtɾafiko, tafiko, t↔t,ɾ↔∅,a↔a,f↔f,i↔i,k↔k,o↔o, LC",S401.S401_EFE-A_Pre_05_20_2024.csv,Queries_Target_v2,Consonants,Pre,Spanish,S401,S401,EFE-A,Pre,k ↔ k,"tráfico, ˈtɾafiko, tafiko, t↔t,ɾ↔∅,a↔a,f↔f,i↔i,k↔k,o↔o, LC",LC,tráfico,ˈtɾafiko,tafiko,"t↔t,ɾ↔∅,a↔a,f↔f,i↔i,k↔k,o↔o",1.0
2020-10-21,172,1,"IPA Target ↔ IPA Actual; Orthography (Group), IPA Target (Group), IPA Actual (Group), Alignment (Group), Notes (Group)","(1...2) ↔ (0...1); (0...4), (0...5), (0...4), (0...15), (0...2)",r,r,r:O↔r:O,"r ↔ r; rojo, ˈroxo, roxo, r↔r,o↔o,x↔x,o↔o, LC",S401.S401_EFE-A_Pre_05_20_2024.csv,Queries_Target_v2,Consonants,Pre,Spanish,S401,S401,EFE-A,Pre,r ↔ r,"rojo, ˈroxo, roxo, r↔r,o↔o,x↔x,o↔o, LC",LC,rojo,ˈroxo,roxo,"r↔r,o↔o,x↔x,o↔o",1.0
2020-10-21,172,1,"IPA Target ↔ IPA Actual; Orthography (Group), IPA Target (Group), IPA Actual (Group), Alignment (Group), Notes (Group)","(3...4) ↔ (2...3); (0...4), (0...5), (0...4), (0...15), (0...2)",x,x,x:O↔x:O,"x ↔ x; rojo, ˈroxo, roxo, r↔r,o↔o,x↔x,o↔o, LC",S401.S401_EFE-A_Pre_05_20_2024.csv,Queries_Target_v2,Consonants,Pre,Spanish,S401,S401,EFE-A,Pre,x ↔ x,"rojo, ˈroxo, roxo, r↔r,o↔o,x↔x,o↔o, LC",LC,rojo,ˈroxo,roxo,"r↔r,o↔o,x↔x,o↔o",1.0
2020-10-21,173,1,"IPA Target ↔ IPA Actual; Orthography (Group), IPA Target (Group), IPA Actual (Group), Alignment (Group), Notes (Group)","(1...2) ↔ (1...3); (0...9), (0...9), (0...9), (0...32), (0...2)",s,s̪,s:C↔s̪:C,"s ↔ s̪; izquierda, isˈkjeɾda, is̪kjeɾda, i↔i,s↔s̪,k↔k,j↔j,e↔e,ɾ↔ɾ,d↔d,a↔a, LC",S401.S401_EFE-A_Pre_05_20_2024.csv,Queries_Target_v2,Consonants,Pre,Spanish,S401,S401,EFE-A,Pre,s ↔ s̪,"izquierda, isˈkjeɾda, is̪kjeɾda, i↔i,s↔s̪,k↔k,j↔j,e↔e,ɾ↔ɾ,d↔d,a↔a, LC",LC,izquierda,isˈkjeɾda,is̪kjeɾda,"i↔i,s↔s̪,k↔k,j↔j,e↔e,ɾ↔ɾ,d↔d,a↔a",0.7058823529411765
2020-10-21,173,1,"IPA Target ↔ IPA Actual; Orthography (Group), IPA Target (Group), IPA Actual (Group), Alignment (Group), Notes (Group)","(3...4) ↔ (3...4); (0...9), (0...9), (0...9), (0...32), (0...2)",k,k,k:O↔k:O,"k ↔ k; izquierda, isˈkjeɾda, is̪kjeɾda, i↔i,s↔s̪,k↔k,j↔j,e↔e,ɾ↔ɾ,d↔d,a↔a, LC",S401.S401_EFE-A_Pre_05_20_2024.csv,Queries_Target_v2,Consonants,Pre,Spanish,S401,S401,EFE-A,Pre,k ↔ k,"izquierda, isˈkjeɾda, is̪kjeɾda, i↔i,s↔s̪,k↔k,j↔j,e↔e,ɾ↔ɾ,d↔d,a↔a, LC",LC,izquierda,isˈkjeɾda,is̪kjeɾda,"i↔i,s↔s̪,k↔k,j↔j,e↔e,ɾ↔ɾ,d↔d,a↔a",1.0
2020-10-21,173,1,"IPA Target ↔ IPA Actual; Orthography (Group), IPA Target (Group), IPA Actual (Group), Alignment (Group), Notes (Group)","(4...5) ↔ (4...5); (0...9), (0...9), (0...9), (0...32), (0...2)",j,j,j:O↔j:O,"j ↔ j; izquierda, isˈkjeɾda, is̪kjeɾda, i↔i,s↔s̪,k↔k,j↔j,e↔e,ɾ↔ɾ,d↔d,a↔a, LC",S401.S401_EFE-A_Pre_05_20_2024.csv,Queries_Target_v2,Consonants,Pre,Spanish,S401,S401,EFE-A,Pre,j ↔ j,"izquierda, isˈkjeɾda, is̪kjeɾda, i↔i,s↔s̪,k↔k,j↔j,e↔e,ɾ↔ɾ,d↔d,a↔a, LC",LC,izquierda,isˈkjeɾda,is̪kjeɾda,"i↔i,s↔s̪,k↔k,j↔j,e↔e,ɾ↔ɾ,d↔d,a↔a",1.0
2020-10-21,173,1,"IPA Target ↔ IPA Actual; Orthography (Group), IPA Target (Group), IPA Actual (Group), Alignment (Group), Notes (Group)","(6...7) ↔ (6...7); (0...9), (0...9), (0...9), (0...32), (0...2)",ɾ,ɾ,ɾ:C↔ɾ:C,"ɾ ↔ ɾ; izquierda, isˈkjeɾda, is̪kjeɾda, i↔i,s↔s̪,k↔k,j↔j,e↔e,ɾ↔ɾ,d↔d,a↔a, LC",S401.S401_EFE-A_Pre_05_20_2024.csv,Queries_Target_v2,Consonants,Pre,Spanish,S401,S401,EFE-A,Pre,ɾ ↔ ɾ,"izquierda, isˈkjeɾda, is̪kjeɾda, i↔i,s↔s̪,k↔k,j↔j,e↔e,ɾ↔ɾ,d↔d,a↔a, LC",LC,izquierda,isˈkjeɾda,is̪kjeɾda,"i↔i,s↔s̪,k↔k,j↔j,e↔e,ɾ↔ɾ,d↔d,a↔a",1.0
2020-10-21,173,1,"IPA Target ↔ IPA Actual; Orthography (Group), IPA Target (Group), IPA Actual (Group), Alignment (Group), Notes (Group)","(7...8) ↔ (7...8); (0...9), (0...9), (0...9), (0...32), (0...2)",d,d,d:O↔d:O,"d ↔ d; izquierda, isˈkjeɾda, is̪kjeɾda, i↔i,s↔s̪,k↔k,j↔j,e↔e,ɾ↔ɾ,d↔d,a↔a, LC",S401.S401_EFE-A_Pre_05_20_2024.csv,Queries_Target_v2,Consonants,Pre,Spanish,S401,S401,EFE-A,Pre,d ↔ d,"izquierda, isˈkjeɾda, is̪kjeɾda, i↔i,s↔s̪,k↔k,j↔j,e↔e,ɾ↔ɾ,d↔d,a↔a, LC",LC,izquierda,isˈkjeɾda,is̪kjeɾda,"i↔i,s↔s̪,k↔k,j↔j,e↔e,ɾ↔ɾ,d↔d,a↔a",1.0
2020-10-21,174,1,"IPA Target ↔ IPA Actual; Orthography (Group), IPA Target (Group), IPA Actual (Group), Alignment (Group), Notes (Group)","(1...2) ↔ (0...1); (0...5), (0...6), (0...3), (0...19), (0...2)",r,l,r:O↔l:O,"r ↔ l; ruido, ˈrwido, lio, r↔l,w↔∅,i↔i,d↔∅,o↔o, LC",S401.S401_EFE-A_Pre_05_20_2024.csv,Queries_Target_v2,Consonants,Pre,Spanish,S401,S401,EFE-A,Pre,r ↔ l,"ruido, ˈrwido, lio, r↔l,w↔∅,i↔i,d↔∅,o↔o, LC",LC,ruido,ˈrwido,lio,"r↔l,w↔∅,i↔i,d↔∅,o↔o",0.7058823529411765
2020-10-21,174,1,"IPA Target ↔ IPA Actual; Orthography (Group), IPA Target (Group), IPA Actual (Group), Alignment (Group), Notes (Group)","(2...3) ↔ (0...0); (0...5), (0...6), (0...3), (0...19), (0...2)",w,,w:O↔∅,"w ↔ ∅; ruido, ˈrwido, lio, r↔l,w↔∅,i↔i,d↔∅,o↔o, LC",S401.S401_EFE-A_Pre_05_20_2024.csv,Queries_Target_v2,Consonants,Pre,Spanish,S401,S401,EFE-A,Pre,w ↔ ∅,"ruido, ˈrwido, lio, r↔l,w↔∅,i↔i,d↔∅,o↔o, LC",LC,ruido,ˈrwido,lio,"r↔l,w↔∅,i↔i,d↔∅,o↔o",0.0
2020-10-21,174,1,"IPA Target ↔ IPA Actual; Orthography (Group), IPA Target (Group), IPA Actual (Group), Alignment (Group), Notes (Group)","(4...5) ↔ (0...0); (0...5), (0...6), (0...3), (0...19), (0...2)",d,,d:O↔∅,"d ↔ ∅; ruido, ˈrwido, lio, r↔l,w↔∅,i↔i,d↔∅,o↔o, LC",S401.S401_EFE-A_Pre_05_20_2024.csv,Queries_Target_v2,Consonants,Pre,Spanish,S401,S401,EFE-A,Pre,d ↔ ∅,"ruido, ˈrwido, lio, r↔l,w↔∅,i↔i,d↔∅,o↔o, LC",LC,ruido,ˈrwido,lio,"r↔l,w↔∅,i↔i,d↔∅,o↔o",0.0
2020-10-21,175,1,"IPA Target ↔ IPA Actual; Orthography (Group), IPA Target (Group), IPA Actual (Group), Alignment (Group), Notes (Group)","(0...1) ↔ (0...1); (0...6), (0...7), (0...4), (0...23), (0...2)",s,s,s:O↔s:O,"s ↔ s; salmón, salˈmon, samo, s↔s,a↔a,l↔∅,m↔m,o↔o,n↔∅, LC",S401.S401_EFE-A_Pre_05_20_2024.csv,Queries_Target_v2,Consonants,Pre,Spanish,S401,S401,EFE-A,Pre,s ↔ s,"salmón, salˈmon, samo, s↔s,a↔a,l↔∅,m↔m,o↔o,n↔∅, LC",LC,salmón,salˈmon,samo,"s↔s,a↔a,l↔∅,m↔m,o↔o,n↔∅",1.0
2020-10-21,175,1,"IPA Target ↔ IPA Actual; Orthography (Group), IPA Target (Group), IPA Actual (Group), Alignment (Group), Notes (Group)","(2...3) ↔ (0...0); (0...6), (0...7), (0...4), (0...23), (0...2)",l,,l:C↔∅,"l ↔ ∅; salmón, salˈmon, samo, s↔s,a↔a,l↔∅,m↔m,o↔o,n↔∅, LC",S401.S401_EFE-A_Pre_05_20_2024.csv,Queries_Target_v2,Consonants,Pre,Spanish,S401,S401,EFE-A,Pre,l ↔ ∅,"salmón, salˈmon, samo, s↔s,a↔a,l↔∅,m↔m,o↔o,n↔∅, LC",LC,salmón,salˈmon,samo,"s↔s,a↔a,l↔∅,m↔m,o↔o,n↔∅",0.0
2020-10-21,175,1,"IPA Target ↔ IPA Actual; Orthography (Group), IPA Target (Group), IPA Actual (Group), Alignment (Group), Notes (Group)","(4...5) ↔ (2...3); (0...6), (0...7), (0...4), (0...23), (0...2)",m,m,m:O↔m:O,"m ↔ m; salmón, salˈmon, samo, s↔s,a↔a,l↔∅,m↔m,o↔o,n↔∅, LC",S401.S401_EFE-A_Pre_05_20_2024.csv,Queries_Target_v2,Consonants,Pre,Spanish,S401,S401,EFE-A,Pre,m ↔ m,"salmón, salˈmon, samo, s↔s,a↔a,l↔∅,m↔m,o↔o,n↔∅, LC",LC,salmón,salˈmon,samo,"s↔s,a↔a,l↔∅,m↔m,o↔o,n↔∅",1.0
2020-10-21,175,1,"IPA Target ↔ IPA Actual; Orthography (Group), IPA Target (Group), IPA Actual (Group), Alignment (Group), Notes (Group)","(6...7) ↔ (0...0); (0...6), (0...7), (0...4), (0...23), (0...2)",n,,n:C↔∅,"n ↔ ∅; salmón, salˈmon, samo, s↔s,a↔a,l↔∅,m↔m,o↔o,n↔∅, LC",S401.S401_EFE-A_Pre_05_20_2024.csv,Queries_Target_v2,Consonants,Pre,Spanish,S401,S401,EFE-A,Pre,n ↔ ∅,"salmón, salˈmon, samo, s↔s,a↔a,l↔∅,m↔m,o↔o,n↔∅, LC",LC,salmón,salˈmon,samo,"s↔s,a↔a,l↔∅,m↔m,o↔o,n↔∅",0.0
2020-10-21,176,1,"IPA Target ↔ IPA Actual; Orthography (Group), IPA Target (Group), IPA Actual (Group), Alignment (Group), Notes (Group)","(1...2) ↔ (0...0); (0...6), (0...7), (0...5), (0...23), (0...2)",s,,s:C↔∅,"s ↔ ∅; espejo, esˈpexo, epexo, e↔e,s↔∅,p↔p,e↔e,x↔x,o↔o, LC",S401.S401_EFE-A_Pre_05_20_2024.csv,Queries_Target_v2,Consonants,Pre,Spanish,S401,S401,EFE-A,Pre,s ↔ ∅,"espejo, esˈpexo, epexo, e↔e,s↔∅,p↔p,e↔e,x↔x,o↔o, LC",LC,espejo,esˈpexo,epexo,"e↔e,s↔∅,p↔p,e↔e,x↔x,o↔o",0.0
2020-10-21,176,1,"IPA Target ↔ IPA Actual; Orthography (Group), IPA Target (Group), IPA Actual (Group), Alignment (Group), Notes (Group)","(3...4) ↔ (1...2); (0...6), (0...7), (0...5), (0...23), (0...2)",p,p,p:O↔p:O,"p ↔ p; espejo, esˈpexo, epexo, e↔e,s↔∅,p↔p,e↔e,x↔x,o↔o, LC",S401.S401_EFE-A_Pre_05_20_2024.csv,Queries_Target_v2,Consonants,Pre,Spanish,S401,S401,EFE-A,Pre,p ↔ p,"espejo, esˈpexo, epexo, e↔e,s↔∅,p↔p,e↔e,x↔x,o↔o, LC",LC,espejo,esˈpexo,epexo,"e↔e,s↔∅,p↔p,e↔e,x↔x,o↔o",1.0
2020-10-21,176,1,"IPA Target ↔ IPA Actual; Orthography (Group), IPA Target (Group), IPA Actual (Group), Alignment (Group), Notes (Group)","(5...6) ↔ (3...4); (0...6), (0...7), (0...5), (0...23), (0...2)",x,x,x:O↔x:O,"x ↔ x; espejo, esˈpexo, epexo, e↔e,s↔∅,p↔p,e↔e,x↔x,o↔o, LC",S401.S401_EFE-A_Pre_05_20_2024.csv,Queries_Target_v2,Consonants,Pre,Spanish,S401,S401,EFE-A,Pre,x ↔ x,"espejo, esˈpexo, epexo, e↔e,s↔∅,p↔p,e↔e,x↔x,o↔o, LC",LC,espejo,esˈpexo,epexo,"e↔e,s↔∅,p↔p,e↔e,x↔x,o↔o",1.0
2020-10-21,177,1,"IPA Target ↔ IPA Actual; Orthography (Group), IPA Target (Group), IPA Actual (Group), Alignment (Group), Notes (Group)","(1...2) ↔ (0...1); (0...6), (0...6), (0...5), (0...20), (0...2)",f,f,f:O↔f:O,"f ↔ f; flecha, ˈfleʧa, fes̪a, f↔f,l↔∅,e↔e,ʧ↔s̪,a↔a, LC",S401.S401_EFE-A_Pre_05_20_2024.csv,Queries_Target_v2,Consonants,Pre,Spanish,S401,S401,EFE-A,Pre,f ↔ f,"flecha, ˈfleʧa, fes̪a, f↔f,l↔∅,e↔e,ʧ↔s̪,a↔a, LC",LC,flecha,ˈfleʧa,fes̪a,"f↔f,l↔∅,e↔e,ʧ↔s̪,a↔a",1.0
2020-10-21,177,1,"IPA Target ↔ IPA Actual; Orthography (Group), IPA Target (Group), IPA Actual (Group), Alignment (Group), Notes (Group)","(2...3) ↔ (0...0); (0...6), (0...6), (0...5), (0...20), (0...2)",l,,l:O↔∅,"l ↔ ∅; flecha, ˈfleʧa, fes̪a, f↔f,l↔∅,e↔e,ʧ↔s̪,a↔a, LC",S401.S401_EFE-A_Pre_05_20_2024.csv,Queries_Target_v2,Consonants,Pre,Spanish,S401,S401,EFE-A,Pre,l ↔ ∅,"flecha, ˈfleʧa, fes̪a, f↔f,l↔∅,e↔e,ʧ↔s̪,a↔a, LC",LC,flecha,ˈfleʧa,fes̪a,"f↔f,l↔∅,e↔e,ʧ↔s̪,a↔a",0.0
2020-10-21,177,1,"IPA Target ↔ IPA Actual; Orthography (Group), IPA Target (Group), IPA Actual (Group), Alignment (Group), Notes (Group)","(4...5) ↔ (2...4); (0...6), (0...6), (0...5), (0...20), (0...2)",ʧ,s̪,ʧ:O↔s̪:O,"ʧ ↔ s̪; flecha, ˈfleʧa, fes̪a, f↔f,l↔∅,e↔e,ʧ↔s̪,a↔a, LC",S401.S401_EFE-A_Pre_05_20_2024.csv,Queries_Target_v2,Consonants,Pre,Spanish,S401,S401,EFE-A,Pre,ʧ ↔ s̪,"flecha, ˈfleʧa, fes̪a, f↔f,l↔∅,e↔e,ʧ↔s̪,a↔a, LC",LC,flecha,ˈfleʧa,fes̪a,"f↔f,l↔∅,e↔e,ʧ↔s̪,a↔a",0.5294117647058824
2020-10-21,178,1,"IPA Target ↔ IPA Actual; Orthography (Group), IPA Target (Group), IPA Actual (Group), Alignment (Group), Notes (Group)","(0...1) ↔ (0...1); (0...8), (0...9), (0...6), (0...31), (0...2)",s,θ,s:O↔θ:O,"s ↔ θ; sombrero, somˈbɾeɾo, θombeo, s↔θ,o↔o,m↔m,b↔b,ɾ↔∅,e↔e,ɾ↔∅,o↔o, LC",S401.S401_EFE-A_Pre_05_20_2024.csv,Queries_Target_v2,Consonants,Pre,Spanish,S401,S401,EFE-A,Pre,s ↔ θ,"sombrero, somˈbɾeɾo, θombeo, s↔θ,o↔o,m↔m,b↔b,ɾ↔∅,e↔e,ɾ↔∅,o↔o, LC",LC,sombrero,somˈbɾeɾo,θombeo,"s↔θ,o↔o,m↔m,b↔b,ɾ↔∅,e↔e,ɾ↔∅,o↔o",0.7058823529411765
2020-10-21,178,1,"IPA Target ↔ IPA Actual; Orthography (Group), IPA Target (Group), IPA Actual (Group), Alignment (Group), Notes (Group)","(2...3) ↔ (2...3); (0...8), (0...9), (0...6), (0...31), (0...2)",m,m,m:C↔m:C,"m ↔ m; sombrero, somˈbɾeɾo, θombeo, s↔θ,o↔o,m↔m,b↔b,ɾ↔∅,e↔e,ɾ↔∅,o↔o, LC",S401.S401_EFE-A_Pre_05_20_2024.csv,Queries_Target_v2,Consonants,Pre,Spanish,S401,S401,EFE-A,Pre,m ↔ m,"sombrero, somˈbɾeɾo, θombeo, s↔θ,o↔o,m↔m,b↔b,ɾ↔∅,e↔e,ɾ↔∅,o↔o, LC",LC,sombrero,somˈbɾeɾo,θombeo,"s↔θ,o↔o,m↔m,b↔b,ɾ↔∅,e↔e,ɾ↔∅,o↔o",1.0
2020-10-21,178,1,"IPA Target ↔ IPA Actual; Orthography (Group), IPA Target (Group), IPA Actual (Group), Alignment (Group), Notes (Group)","(4...5) ↔ (3...4); (0...8), (0...9), (0...6), (0...31), (0...2)",b,b,b:O↔b:O,"b ↔ b; sombrero, somˈbɾeɾo, θombeo, s↔θ,o↔o,m↔m,b↔b,ɾ↔∅,e↔e,ɾ↔∅,o↔o, LC",S401.S401_EFE-A_Pre_05_20_2024.csv,Queries_Target_v2,Consonants,Pre,Spanish,S401,S401,EFE-A,Pre,b ↔ b,"sombrero, somˈbɾeɾo, θombeo, s↔θ,o↔o,m↔m,b↔b,ɾ↔∅,e↔e,ɾ↔∅,o↔o, LC",LC,sombrero,somˈbɾeɾo,θombeo,"s↔θ,o↔o,m↔m,b↔b,ɾ↔∅,e↔e,ɾ↔∅,o↔o",1.0
2020-10-21,178,1,"IPA Target ↔ IPA Actual; Orthography (Group), IPA Target (Group), IPA Actual (Group), Alignment (Group), Notes (Group)","(5...6) ↔ (0...0); (0...8), (0...9), (0...6), (0...31), (0...2)",ɾ,,ɾ:O↔∅,"ɾ ↔ ∅; sombrero, somˈbɾeɾo, θombeo, s↔θ,o↔o,m↔m,b↔b,ɾ↔∅,e↔e,ɾ↔∅,o↔o, LC",S401.S401_EFE-A_Pre_05_20_2024.csv,Queries_Target_v2,Consonants,Pre,Spanish,S401,S401,EFE-A,Pre,ɾ ↔ ∅,"sombrero, somˈbɾeɾo, θombeo, s↔θ,o↔o,m↔m,b↔b,ɾ↔∅,e↔e,ɾ↔∅,o↔o, LC",LC,sombrero,somˈbɾeɾo,θombeo,"s↔θ,o↔o,m↔m,b↔b,ɾ↔∅,e↔e,ɾ↔∅,o↔o",0.0
2020-10-21,178,1,"IPA Target ↔ IPA Actual; Orthography (Group), IPA Target (Group), IPA Actual (Group), Alignment (Group), Notes (Group)","(7...8) ↔ (0...0); (0...8), (0...9), (0...6), (0...31), (0...2)",ɾ,,ɾ:O↔∅,"ɾ ↔ ∅; sombrero, somˈbɾeɾo, θombeo, s↔θ,o↔o,m↔m,b↔b,ɾ↔∅,e↔e,ɾ↔∅,o↔o, LC",S401.S401_EFE-A_Pre_05_20_2024.csv,Queries_Target_v2,Consonants,Pre,Spanish,S401,S401,EFE-A,Pre,ɾ ↔ ∅,"sombrero, somˈbɾeɾo, θombeo, s↔θ,o↔o,m↔m,b↔b,ɾ↔∅,e↔e,ɾ↔∅,o↔o, LC",LC,sombrero,somˈbɾeɾo,θombeo,"s↔θ,o↔o,m↔m,b↔b,ɾ↔∅,e↔e,ɾ↔∅,o↔o",0.0
2020-10-21,179,1,"IPA Target ↔ IPA Actual; Orthography (Group), IPA Target (Group), IPA Actual (Group), Alignment (Group), Notes (Group)","(1...2) ↔ (0...0); (0...6), (0...7), (0...4), (0...23), (0...2)",n,,n:C↔∅,"n ↔ ∅; inglés, inˈɡles, uges, i↔u,n↔∅,ɡ↔g,l↔∅,e↔e,s↔s, LC",S401.S401_EFE-A_Pre_05_20_2024.csv,Queries_Target_v2,Consonants,Pre,Spanish,S401,S401,EFE-A,Pre,n ↔ ∅,"inglés, inˈɡles, uges, i↔u,n↔∅,ɡ↔g,l↔∅,e↔e,s↔s, LC",LC,inglés,inˈɡles,uges,"i↔u,n↔∅,ɡ↔g,l↔∅,e↔e,s↔s",0.0
2020-10-21,179,1,"IPA Target ↔ IPA Actual; Orthography (Group), IPA Target (Group), IPA Actual (Group), Alignment (Group), Notes (Group)","(3...4) ↔ (1...2); (0...6), (0...7), (0...4), (0...23), (0...2)",ɡ,ɡ,ɡ:O↔g:O,"ɡ ↔ g; inglés, inˈɡles, uges, i↔u,n↔∅,ɡ↔g,l↔∅,e↔e,s↔s, LC",S401.S401_EFE-A_Pre_05_20_2024.csv,Queries_Target_v2,Consonants,Pre,Spanish,S401,S401,EFE-A,Pre,ɡ ↔ g,"inglés, inˈɡles, uges, i↔u,n↔∅,ɡ↔g,l↔∅,e↔e,s↔s, LC",LC,inglés,inˈɡles,uges,"i↔u,n↔∅,ɡ↔g,l↔∅,e↔e,s↔s",1.0
2020-10-21,179,1,"IPA Target ↔ IPA Actual; Orthography (Group), IPA Target (Group), IPA Actual (Group), Alignment (Group), Notes (Group)","(4...5) ↔ (0...0); (0...6), (0...7), (0...4), (0...23), (0...2)",l,,l:O↔∅,"l ↔ ∅; inglés, inˈɡles, uges, i↔u,n↔∅,ɡ↔g,l↔∅,e↔e,s↔s, LC",S401.S401_EFE-A_Pre_05_20_2024.csv,Queries_Target_v2,Consonants,Pre,Spanish,S401,S401,EFE-A,Pre,l ↔ ∅,"inglés, inˈɡles, uges, i↔u,n↔∅,ɡ↔g,l↔∅,e↔e,s↔s, LC",LC,inglés,inˈɡles,uges,"i↔u,n↔∅,ɡ↔g,l↔∅,e↔e,s↔s",0.0
2020-10-21,179,1,"IPA Target ↔ IPA Actual; Orthography (Group), IPA Target (Group), IPA Actual (Group), Alignment (Group), Notes (Group)","(6...7) ↔ (3...4); (0...6), (0...7), (0...4), (0...23), (0...2)",s,s,s:C↔s:C,"s ↔ s; inglés, inˈɡles, uges, i↔u,n↔∅,ɡ↔g,l↔∅,e↔e,s↔s, LC",S401.S401_EFE-A_Pre_05_20_2024.csv,Queries_Target_v2,Consonants,Pre,Spanish,S401,S401,EFE-A,Pre,s ↔ s,"inglés, inˈɡles, uges, i↔u,n↔∅,ɡ↔g,l↔∅,e↔e,s↔s, LC",LC,inglés,inˈɡles,uges,"i↔u,n↔∅,ɡ↔g,l↔∅,e↔e,s↔s",1.0
2020-10-21,180,1,"IPA Target ↔ IPA Actual; Orthography (Group), IPA Target (Group), IPA Actual (Group), Alignment (Group), Notes (Group)","(0...1) ↔ (0...1); (0...4), (0...3), (0...3), (0...11), (0...2)",ʧ,ʧ,ʧ:O↔ʧ:O,"ʧ ↔ ʧ; chef, ʧef, ʧef, ʧ↔ʧ,e↔e,f↔f, LC",S401.S401_EFE-A_Pre_05_20_2024.csv,Queries_Target_v2,Consonants,Pre,Spanish,S401,S401,EFE-A,Pre,ʧ ↔ ʧ,"chef, ʧef, ʧef, ʧ↔ʧ,e↔e,f↔f, LC",LC,chef,ʧef,ʧef,"ʧ↔ʧ,e↔e,f↔f",1.0
2020-10-21,180,1,"IPA Target ↔ IPA Actual; Orthography (Group), IPA Target (Group), IPA Actual (Group), Alignment (Group), Notes (Group)","(2...3) ↔ (2...3); (0...4), (0...3), (0...3), (0...11), (0...2)",f,f,f:C↔f:C,"f ↔ f; chef, ʧef, ʧef, ʧ↔ʧ,e↔e,f↔f, LC",S401.S401_EFE-A_Pre_05_20_2024.csv,Queries_Target_v2,Consonants,Pre,Spanish,S401,S401,EFE-A,Pre,f ↔ f,"chef, ʧef, ʧef, ʧ↔ʧ,e↔e,f↔f, LC",LC,chef,ʧef,ʧef,"ʧ↔ʧ,e↔e,f↔f",1.0
2020-10-21,181,1,"IPA Target ↔ IPA Actual; Orthography (Group), IPA Target (Group), IPA Actual (Group), Alignment (Group), Notes (Group)","(0...1) ↔ (0...1); (0...8), (0...9), (0...8), (0...31), (0...2)",t,t,t:O↔t:O,"t ↔ t; teléfono, teˈlefono, tenefono, t↔t,e↔e,l↔n,e↔e,f↔f,o↔o,n↔n,o↔o, LC",S401.S401_EFE-A_Pre_05_20_2024.csv,Queries_Target_v2,Consonants,Pre,Spanish,S401,S401,EFE-A,Pre,t ↔ t,"teléfono, teˈlefono, tenefono, t↔t,e↔e,l↔n,e↔e,f↔f,o↔o,n↔n,o↔o, LC",LC,teléfono,teˈlefono,tenefono,"t↔t,e↔e,l↔n,e↔e,f↔f,o↔o,n↔n,o↔o",1.0
2020-10-21,181,1,"IPA Target ↔ IPA Actual; Orthography (Group), IPA Target (Group), IPA Actual (Group), Alignment (Group), Notes (Group)","(3...4) ↔ (2...3); (0...8), (0...9), (0...8), (0...31), (0...2)",l,n,l:O↔n:O,"l ↔ n; teléfono, teˈlefono, tenefono, t↔t,e↔e,l↔n,e↔e,f↔f,o↔o,n↔n,o↔o, LC",S401.S401_EFE-A_Pre_05_20_2024.csv,Queries_Target_v2,Consonants,Pre,Spanish,S401,S401,EFE-A,Pre,l ↔ n,"teléfono, teˈlefono, tenefono, t↔t,e↔e,l↔n,e↔e,f↔f,o↔o,n↔n,o↔o, LC",LC,teléfono,teˈlefono,tenefono,"t↔t,e↔e,l↔n,e↔e,f↔f,o↔o,n↔n,o↔o",0.5
2020-10-21,181,1,"IPA Target ↔ IPA Actual; Orthography (Group), IPA Target (Group), IPA Actual (Group), Alignment (Group), Notes (Group)","(5...6) ↔ (4...5); (0...8), (0...9), (0...8), (0...31), (0...2)",f,f,f:O↔f:O,"f ↔ f; teléfono, teˈlefono, tenefono, t↔t,e↔e,l↔n,e↔e,f↔f,o↔o,n↔n,o↔o, LC",S401.S401_EFE-A_Pre_05_20_2024.csv,Queries_Target_v2,Consonants,Pre,Spanish,S401,S401,EFE-A,Pre,f ↔ f,"teléfono, teˈlefono, tenefono, t↔t,e↔e,l↔n,e↔e,f↔f,o↔o,n↔n,o↔o, LC",LC,teléfono,teˈlefono,tenefono,"t↔t,e↔e,l↔n,e↔e,f↔f,o↔o,n↔n,o↔o",1.0
2020-10-21,181,1,"IPA Target ↔ IPA Actual; Orthography (Group), IPA Target (Group), IPA Actual (Group), Alignment (Group), Notes (Group)","(7...8) ↔ (6...7); (0...8), (0...9), (0...8), (0...31), (0...2)",n,n,n:O↔n:O,"n ↔ n; teléfono, teˈlefono, tenefono, t↔t,e↔e,l↔n,e↔e,f↔f,o↔o,n↔n,o↔o, LC",S401.S401_EFE-A_Pre_05_20_2024.csv,Queries_Target_v2,Consonants,Pre,Spanish,S401,S401,EFE-A,Pre,n ↔ n,"teléfono, teˈlefono, tenefono, t↔t,e↔e,l↔n,e↔e,f↔f,o↔o,n↔n,o↔o, LC",LC,teléfono,teˈlefono,tenefono,"t↔t,e↔e,l↔n,e↔e,f↔f,o↔o,n↔n,o↔o",1.0
2020-10-21,182,1,"IPA Target ↔ IPA Actual; Orthography (Group), IPA Target (Group), IPA Actual (Group), Alignment (Group), Notes (Group)","(1...2) ↔ (0...1); (0...5), (0...6), (0...6), (0...20), (0...2)",p,p,p:O↔p:O,"p ↔ p; piano, ˈpjano, pjanoː, p↔p,j↔j,a↔a,n↔n,o↔oː, LC",S401.S401_EFE-A_Pre_05_20_2024.csv,Queries_Target_v2,Consonants,Pre,Spanish,S401,S401,EFE-A,Pre,p ↔ p,"piano, ˈpjano, pjanoː, p↔p,j↔j,a↔a,n↔n,o↔oː, LC", LC,piano,ˈpjano,pjanoː,"p↔p,j↔j,a↔a,n↔n,o↔oː",1.0
2020-10-21,182,1,"IPA Target ↔ IPA Actual; Orthography (Group), IPA Target (Group), IPA Actual (Group), Alignment (Group), Notes (Group)","(2...3) ↔ (1...2); (0...5), (0...6), (0...6), (0...20), (0...2)",j,j,j:O↔j:O,"j ↔ j; piano, ˈpjano, pjanoː, p↔p,j↔j,a↔a,n↔n,o↔oː, LC",S401.S401_EFE-A_Pre_05_20_2024.csv,Queries_Target_v2,Consonants,Pre,Spanish,S401,S401,EFE-A,Pre,j ↔ j,"piano, ˈpjano, pjanoː, p↔p,j↔j,a↔a,n↔n,o↔oː, LC", LC,piano,ˈpjano,pjanoː,"p↔p,j↔j,a↔a,n↔n,o↔oː",1.0
2020-10-21,182,1,"IPA Target ↔ IPA Actual; Orthography (Group), IPA Target (Group), IPA Actual (Group), Alignment (Group), Notes (Group)","(4...5) ↔ (3...4); (0...5), (0...6), (0...6), (0...20), (0...2)",n,n,n:O↔n:O,"n ↔ n; piano, ˈpjano, pjanoː, p↔p,j↔j,a↔a,n↔n,o↔oː, LC",S401.S401_EFE-A_Pre_05_20_2024.csv,Queries_Target_v2,Consonants,Pre,Spanish,S401,S401,EFE-A,Pre,n ↔ n,"piano, ˈpjano, pjanoː, p↔p,j↔j,a↔a,n↔n,o↔oː, LC", LC,piano,ˈpjano,pjanoː,"p↔p,j↔j,a↔a,n↔n,o↔oː",1.0
2020-10-21,183,1,"IPA Target ↔ IPA Actual; Orthography (Group), IPA Target (Group), IPA Actual (Group), Alignment (Group), Notes (Group)","(0...1) ↔ (0...1); (0...8), (0...8), (0...7), (0...27), (0...2)",k,k,k:O↔k:O,"k ↔ k; cachetes, kaˈʧetes, kaʝetes, k↔k,a↔a,ʧ↔ʝ,e↔e,t↔t,e↔e,s↔s, LC",S401.S401_EFE-A_Pre_05_20_2024.csv,Queries_Target_v2,Consonants,Pre,Spanish,S401,S401,EFE-A,Pre,k ↔ k,"cachetes, kaˈʧetes, kaʝetes, k↔k,a↔a,ʧ↔ʝ,e↔e,t↔t,e↔e,s↔s, LC",LC,cachetes,kaˈʧetes,kaʝetes,"k↔k,a↔a,ʧ↔ʝ,e↔e,t↔t,e↔e,s↔s",1.0
2020-10-21,183,1,"IPA Target ↔ IPA Actual; Orthography (Group), IPA Target (Group), IPA Actual (Group), Alignment (Group), Notes (Group)","(3...4) ↔ (2...3); (0...8), (0...8), (0...7), (0...27), (0...2)",ʧ,ʝ,ʧ:O↔ʝ:O,"ʧ ↔ ʝ; cachetes, kaˈʧetes, kaʝetes, k↔k,a↔a,ʧ↔ʝ,e↔e,t↔t,e↔e,s↔s, LC",S401.S401_EFE-A_Pre_05_20_2024.csv,Queries_Target_v2,Consonants,Pre,Spanish,S401,S401,EFE-A,Pre,ʧ ↔ ʝ,"cachetes, kaˈʧetes, kaʝetes, k↔k,a↔a,ʧ↔ʝ,e↔e,t↔t,e↔e,s↔s, LC",LC,cachetes,kaˈʧetes,kaʝetes,"k↔k,a↔a,ʧ↔ʝ,e↔e,t↔t,e↔e,s↔s",0.47058823529411764
2020-10-21,183,1,"IPA Target ↔ IPA Actual; Orthography (Group), IPA Target (Group), IPA Actual (Group), Alignment (Group), Notes (Group)","(5...6) ↔ (4...5); (0...8), (0...8), (0...7), (0...27), (0...2)",t,t,t:O↔t:O,"t ↔ t; cachetes, kaˈʧetes, kaʝetes, k↔k,a↔a,ʧ↔ʝ,e↔e,t↔t,e↔e,s↔s, LC",S401.S401_EFE-A_Pre_05_20_2024.csv,Queries_Target_v2,Consonants,Pre,Spanish,S401,S401,EFE-A,Pre,t ↔ t,"cachetes, kaˈʧetes, kaʝetes, k↔k,a↔a,ʧ↔ʝ,e↔e,t↔t,e↔e,s↔s, LC",LC,cachetes,kaˈʧetes,kaʝetes,"k↔k,a↔a,ʧ↔ʝ,e↔e,t↔t,e↔e,s↔s",1.0
2020-10-21,183,1,"IPA Target ↔ IPA Actual; Orthography (Group), IPA Target (Group), IPA Actual (Group), Alignment (Group), Notes (Group)","(7...8) ↔ (6...7); (0...8), (0...8), (0...7), (0...27), (0...2)",s,s,s:C↔s:C,"s ↔ s; cachetes, kaˈʧetes, kaʝetes, k↔k,a↔a,ʧ↔ʝ,e↔e,t↔t,e↔e,s↔s, LC",S401.S401_EFE-A_Pre_05_20_2024.csv,Queries_Target_v2,Consonants,Pre,Spanish,S401,S401,EFE-A,Pre,s ↔ s,"cachetes, kaˈʧetes, kaʝetes, k↔k,a↔a,ʧ↔ʝ,e↔e,t↔t,e↔e,s↔s, LC",LC,cachetes,kaˈʧetes,kaʝetes,"k↔k,a↔a,ʧ↔ʝ,e↔e,t↔t,e↔e,s↔s",1.0
2020-10-21,184,1,"IPA Target ↔ IPA Actual; Orthography (Group), IPA Target (Group), IPA Actual (Group), Alignment (Group), Notes (Group)","(1...2) ↔ (0...1); (0...6), (0...7), (0...6), (0...23), (0...2)",t,t,t:O↔t:O,"t ↔ t; tienda, ˈtjenda, tjenda, t↔t,j↔j,e↔e,n↔n,d↔d,a↔a, LC",S401.S401_EFE-A_Pre_05_20_2024.csv,Queries_Target_v2,Consonants,Pre,Spanish,S401,S401,EFE-A,Pre,t ↔ t,"tienda, ˈtjenda, tjenda, t↔t,j↔j,e↔e,n↔n,d↔d,a↔a, LC",LC,tienda,ˈtjenda,tjenda,"t↔t,j↔j,e↔e,n↔n,d↔d,a↔a",1.0
2020-10-21,184,1,"IPA Target ↔ IPA Actual; Orthography (Group), IPA Target (Group), IPA Actual (Group), Alignment (Group), Notes (Group)","(2...3) ↔ (1...2); (0...6), (0...7), (0...6), (0...23), (0...2)",j,j,j:O↔j:O,"j ↔ j; tienda, ˈtjenda, tjenda, t↔t,j↔j,e↔e,n↔n,d↔d,a↔a, LC",S401.S401_EFE-A_Pre_05_20_2024.csv,Queries_Target_v2,Consonants,Pre,Spanish,S401,S401,EFE-A,Pre,j ↔ j,"tienda, ˈtjenda, tjenda, t↔t,j↔j,e↔e,n↔n,d↔d,a↔a, LC",LC,tienda,ˈtjenda,tjenda,"t↔t,j↔j,e↔e,n↔n,d↔d,a↔a",1.0
2020-10-21,184,1,"IPA Target ↔ IPA Actual; Orthography (Group), IPA Target (Group), IPA Actual (Group), Alignment (Group), Notes (Group)","(4...5) ↔ (3...4); (0...6), (0...7), (0...6), (0...23), (0...2)",n,n,n:C↔n:C,"n ↔ n; tienda, ˈtjenda, tjenda, t↔t,j↔j,e↔e,n↔n,d↔d,a↔a, LC",S401.S401_EFE-A_Pre_05_20_2024.csv,Queries_Target_v2,Consonants,Pre,Spanish,S401,S401,EFE-A,Pre,n ↔ n,"tienda, ˈtjenda, tjenda, t↔t,j↔j,e↔e,n↔n,d↔d,a↔a, LC",LC,tienda,ˈtjenda,tjenda,"t↔t,j↔j,e↔e,n↔n,d↔d,a↔a",1.0
2020-10-21,184,1,"IPA Target ↔ IPA Actual; Orthography (Group), IPA Target (Group), IPA Actual (Group), Alignment (Group), Notes (Group)","(5...6) ↔ (4...5); (0...6), (0...7), (0...6), (0...23), (0...2)",d,d,d:O↔d:O,"d ↔ d; tienda, ˈtjenda, tjenda, t↔t,j↔j,e↔e,n↔n,d↔d,a↔a, LC",S401.S401_EFE-A_Pre_05_20_2024.csv,Queries_Target_v2,Consonants,Pre,Spanish,S401,S401,EFE-A,Pre,d ↔ d,"tienda, ˈtjenda, tjenda, t↔t,j↔j,e↔e,n↔n,d↔d,a↔a, LC",LC,tienda,ˈtjenda,tjenda,"t↔t,j↔j,e↔e,n↔n,d↔d,a↔a",1.0
2020-10-21,185,1,"IPA Target ↔ IPA Actual; Orthography (Group), IPA Target (Group), IPA Actual (Group), Alignment (Group), Notes (Group)","(1...2) ↔ (0...1); (0...5), (0...5), (0...4), (0...15), (0...2)",ʝ,ʝ,ʝ:O↔ʝ:O,"ʝ ↔ ʝ; llama, ˈʝama, ʝama, ʝ↔ʝ,a↔a,m↔m,a↔a, LC",S401.S401_EFE-A_Pre_05_20_2024.csv,Queries_Target_v2,Consonants,Pre,Spanish,S401,S401,EFE-A,Pre,ʝ ↔ ʝ,"llama, ˈʝama, ʝama, ʝ↔ʝ,a↔a,m↔m,a↔a, LC",LC,llama,ˈʝama,ʝama,"ʝ↔ʝ,a↔a,m↔m,a↔a",1.0
2020-10-21,185,1,"IPA Target ↔ IPA Actual; Orthography (Group), IPA Target (Group), IPA Actual (Group), Alignment (Group), Notes (Group)","(3...4) ↔ (2...3); (0...5), (0...5), (0...4), (0...15), (0...2)",m,m,m:O↔m:O,"m ↔ m; llama, ˈʝama, ʝama, ʝ↔ʝ,a↔a,m↔m,a↔a, LC",S401.S401_EFE-A_Pre_05_20_2024.csv,Queries_Target_v2,Consonants,Pre,Spanish,S401,S401,EFE-A,Pre,m ↔ m,"llama, ˈʝama, ʝama, ʝ↔ʝ,a↔a,m↔m,a↔a, LC",LC,llama,ˈʝama,ʝama,"ʝ↔ʝ,a↔a,m↔m,a↔a",1.0
2020-10-21,186,1,"IPA Target ↔ IPA Actual; Orthography (Group), IPA Target (Group), IPA Actual (Group), Alignment (Group), Notes (Group)","(0...1) ↔ (0...1); (0...8), (0...9), (0...7), (0...31), (0...2)",f,f,f:O↔f:O,"f ↔ f; fantasma, fanˈtasma, fatasma, f↔f,a↔a,n↔∅,t↔t,a↔a,s↔s,m↔m,a↔a, LC",S401.S401_EFE-A_Pre_05_20_2024.csv,Queries_Target_v2,Consonants,Pre,Spanish,S401,S401,EFE-A,Pre,f ↔ f,"fantasma, fanˈtasma, fatasma, f↔f,a↔a,n↔∅,t↔t,a↔a,s↔s,m↔m,a↔a, LC",LC,fantasma,fanˈtasma,fatasma,"f↔f,a↔a,n↔∅,t↔t,a↔a,s↔s,m↔m,a↔a",1.0
2020-10-21,186,1,"IPA Target ↔ IPA Actual; Orthography (Group), IPA Target (Group), IPA Actual (Group), Alignment (Group), Notes (Group)","(2...3) ↔ (0...0); (0...8), (0...9), (0...7), (0...31), (0...2)",n,,n:C↔∅,"n ↔ ∅; fantasma, fanˈtasma, fatasma, f↔f,a↔a,n↔∅,t↔t,a↔a,s↔s,m↔m,a↔a, LC",S401.S401_EFE-A_Pre_05_20_2024.csv,Queries_Target_v2,Consonants,Pre,Spanish,S401,S401,EFE-A,Pre,n ↔ ∅,"fantasma, fanˈtasma, fatasma, f↔f,a↔a,n↔∅,t↔t,a↔a,s↔s,m↔m,a↔a, LC",LC,fantasma,fanˈtasma,fatasma,"f↔f,a↔a,n↔∅,t↔t,a↔a,s↔s,m↔m,a↔a",0.0
2020-10-21,186,1,"IPA Target ↔ IPA Actual; Orthography (Group), IPA Target (Group), IPA Actual (Group), Alignment (Group), Notes (Group)","(4...5) ↔ (2...3); (0...8), (0...9), (0...7), (0...31), (0...2)",t,t,t:O↔t:O,"t ↔ t; fantasma, fanˈtasma, fatasma, f↔f,a↔a,n↔∅,t↔t,a↔a,s↔s,m↔m,a↔a, LC",S401.S401_EFE-A_Pre_05_20_2024.csv,Queries_Target_v2,Consonants,Pre,Spanish,S401,S401,EFE-A,Pre,t ↔ t,"fantasma, fanˈtasma, fatasma, f↔f,a↔a,n↔∅,t↔t,a↔a,s↔s,m↔m,a↔a, LC",LC,fantasma,fanˈtasma,fatasma,"f↔f,a↔a,n↔∅,t↔t,a↔a,s↔s,m↔m,a↔a",1.0
2020-10-21,186,1,"IPA Target ↔ IPA Actual; Orthography (Group), IPA Target (Group), IPA Actual (Group), Alignment (Group), Notes (Group)","(6...7) ↔ (4...5); (0...8), (0...9), (0...7), (0...31), (0...2)",s,s,s:C↔s:C,"s ↔ s; fantasma, fanˈtasma, fatasma, f↔f,a↔a,n↔∅,t↔t,a↔a,s↔s,m↔m,a↔a, LC",S401.S401_EFE-A_Pre_05_20_2024.csv,Queries_Target_v2,Consonants,Pre,Spanish,S401,S401,EFE-A,Pre,s ↔ s,"fantasma, fanˈtasma, fatasma, f↔f,a↔a,n↔∅,t↔t,a↔a,s↔s,m↔m,a↔a, LC",LC,fantasma,fanˈtasma,fatasma,"f↔f,a↔a,n↔∅,t↔t,a↔a,s↔s,m↔m,a↔a",1.0
2020-10-21,186,1,"IPA Target ↔ IPA Actual; Orthography (Group), IPA Target (Group), IPA Actual (Group), Alignment (Group), Notes (Group)","(7...8) ↔ (5...6); (0...8), (0...9), (0...7), (0...31), (0...2)",m,m,m:O↔m:O,"m ↔ m; fantasma, fanˈtasma, fatasma, f↔f,a↔a,n↔∅,t↔t,a↔a,s↔s,m↔m,a↔a, LC",S401.S401_EFE-A_Pre_05_20_2024.csv,Queries_Target_v2,Consonants,Pre,Spanish,S401,S401,EFE-A,Pre,m ↔ m,"fantasma, fanˈtasma, fatasma, f↔f,a↔a,n↔∅,t↔t,a↔a,s↔s,m↔m,a↔a, LC",LC,fantasma,fanˈtasma,fatasma,"f↔f,a↔a,n↔∅,t↔t,a↔a,s↔s,m↔m,a↔a",1.0
2020-10-21,187,1,"IPA Target ↔ IPA Actual; Orthography (Group), IPA Target (Group), IPA Actual (Group), Alignment (Group), Notes (Group)","(1...2) ↔ (0...1); (0...5), (0...6), (0...5), (0...19), (0...2)",b,b,b:O↔b:O,"b ↔ b; viejo, ˈbjexo, bjexo, b↔b,j↔j,e↔e,x↔x,o↔o, LC",S401.S401_EFE-A_Pre_05_20_2024.csv,Queries_Target_v2,Consonants,Pre,Spanish,S401,S401,EFE-A,Pre,b ↔ b,"viejo, ˈbjexo, bjexo, b↔b,j↔j,e↔e,x↔x,o↔o, LC",LC,viejo,ˈbjexo,bjexo,"b↔b,j↔j,e↔e,x↔x,o↔o",1.0
2020-10-21,187,1,"IPA Target ↔ IPA Actual; Orthography (Group), IPA Target (Group), IPA Actual (Group), Alignment (Group), Notes (Group)","(2...3) ↔ (1...2); (0...5), (0...6), (0...5), (0...19), (0...2)",j,j,j:O↔j:O,"j ↔ j; viejo, ˈbjexo, bjexo, b↔b,j↔j,e↔e,x↔x,o↔o, LC",S401.S401_EFE-A_Pre_05_20_2024.csv,Queries_Target_v2,Consonants,Pre,Spanish,S401,S401,EFE-A,Pre,j ↔ j,"viejo, ˈbjexo, bjexo, b↔b,j↔j,e↔e,x↔x,o↔o, LC",LC,viejo,ˈbjexo,bjexo,"b↔b,j↔j,e↔e,x↔x,o↔o",1.0
2020-10-21,187,1,"IPA Target ↔ IPA Actual; Orthography (Group), IPA Target (Group), IPA Actual (Group), Alignment (Group), Notes (Group)","(4...5) ↔ (3...4); (0...5), (0...6), (0...5), (0...19), (0...2)",x,x,x:O↔x:O,"x ↔ x; viejo, ˈbjexo, bjexo, b↔b,j↔j,e↔e,x↔x,o↔o, LC",S401.S401_EFE-A_Pre_05_20_2024.csv,Queries_Target_v2,Consonants,Pre,Spanish,S401,S401,EFE-A,Pre,x ↔ x,"viejo, ˈbjexo, bjexo, b↔b,j↔j,e↔e,x↔x,o↔o, LC",LC,viejo,ˈbjexo,bjexo,"b↔b,j↔j,e↔e,x↔x,o↔o",1.0
2020-10-21,188,1,"IPA Target ↔ IPA Actual; Orthography (Group), IPA Target (Group), IPA Actual (Group), Alignment (Group), Notes (Group)","(1...2) ↔ (1...2); (0...7), (0...8), (0...9), (0...32), (0...2)",l,l,l:C↔l:O,"l ↔ l; algodón, alɡoˈdon, aloð̞odon, a↔a,l↔l,∅↔o,ɡ↔ð̞,o↔o,d↔d,o↔o,n↔n, LC",S401.S401_EFE-A_Pre_05_20_2024.csv,Queries_Target_v2,Consonants,Pre,Spanish,S401,S401,EFE-A,Pre,l ↔ l,"algodón, alɡoˈdon, aloð̞odon, a↔a,l↔l,∅↔o,ɡ↔ð̞,o↔o,d↔d,o↔o,n↔n, LC",LC,algodón,alɡoˈdon,aloð̞odon,"a↔a,l↔l,∅↔o,ɡ↔ð̞,o↔o,d↔d,o↔o,n↔n",1.0
2020-10-21,188,1,"IPA Target ↔ IPA Actual; Orthography (Group), IPA Target (Group), IPA Actual (Group), Alignment (Group), Notes (Group)","(2...3) ↔ (3...5); (0...7), (0...8), (0...9), (0...32), (0...2)",ɡ,ð̞,ɡ:O↔ð̞:O,"ɡ ↔ ð̞; algodón, alɡoˈdon, aloð̞odon, a↔a,l↔l,∅↔o,ɡ↔ð̞,o↔o,d↔d,o↔o,n↔n, LC",S401.S401_EFE-A_Pre_05_20_2024.csv,Queries_Target_v2,Consonants,Pre,Spanish,S401,S401,EFE-A,Pre,ɡ ↔ ð̞,"algodón, alɡoˈdon, aloð̞odon, a↔a,l↔l,∅↔o,ɡ↔ð̞,o↔o,d↔d,o↔o,n↔n, LC",LC,algodón,alɡoˈdon,aloð̞odon,"a↔a,l↔l,∅↔o,ɡ↔ð̞,o↔o,d↔d,o↔o,n↔n",0.5882352941176471
2020-10-21,188,1,"IPA Target ↔ IPA Actual; Orthography (Group), IPA Target (Group), IPA Actual (Group), Alignment (Group), Notes (Group)","(5...6) ↔ (6...7); (0...7), (0...8), (0...9), (0...32), (0...2)",d,d,d:O↔d:O,"d ↔ d; algodón, alɡoˈdon, aloð̞odon, a↔a,l↔l,∅↔o,ɡ↔ð̞,o↔o,d↔d,o↔o,n↔n, LC",S401.S401_EFE-A_Pre_05_20_2024.csv,Queries_Target_v2,Consonants,Pre,Spanish,S401,S401,EFE-A,Pre,d ↔ d,"algodón, alɡoˈdon, aloð̞odon, a↔a,l↔l,∅↔o,ɡ↔ð̞,o↔o,d↔d,o↔o,n↔n, LC",LC,algodón,alɡoˈdon,aloð̞odon,"a↔a,l↔l,∅↔o,ɡ↔ð̞,o↔o,d↔d,o↔o,n↔n",1.0
2020-10-21,188,1,"IPA Target ↔ IPA Actual; Orthography (Group), IPA Target (Group), IPA Actual (Group), Alignment (Group), Notes (Group)","(7...8) ↔ (8...9); (0...7), (0...8), (0...9), (0...32), (0...2)",n,n,n:C↔n:C,"n ↔ n; algodón, alɡoˈdon, aloð̞odon, a↔a,l↔l,∅↔o,ɡ↔ð̞,o↔o,d↔d,o↔o,n↔n, LC",S401.S401_EFE-A_Pre_05_20_2024.csv,Queries_Target_v2,Consonants,Pre,Spanish,S401,S401,EFE-A,Pre,n ↔ n,"algodón, alɡoˈdon, aloð̞odon, a↔a,l↔l,∅↔o,ɡ↔ð̞,o↔o,d↔d,o↔o,n↔n, LC",LC,algodón,alɡoˈdon,aloð̞odon,"a↔a,l↔l,∅↔o,ɡ↔ð̞,o↔o,d↔d,o↔o,n↔n",1.0
2020-10-21,189,1,"IPA Target ↔ IPA Actual; Orthography (Group), IPA Target (Group), IPA Actual (Group), Alignment (Group), Notes (Group)","(1...2) ↔ (0...1); (0...5), (0...6), (0...4), (0...19), (0...2)",t,t,t:O↔t:O,"t ↔ t; tigre, ˈtiɡɾe, tide, t↔t,i↔i,ɡ↔∅,ɾ↔d,e↔e, LC",S401.S401_EFE-A_Pre_05_20_2024.csv,Queries_Target_v2,Consonants,Pre,Spanish,S401,S401,EFE-A,Pre,t ↔ t,"tigre, ˈtiɡɾe, tide, t↔t,i↔i,ɡ↔∅,ɾ↔d,e↔e, LC",LC,tigre,ˈtiɡɾe,tide,"t↔t,i↔i,ɡ↔∅,ɾ↔d,e↔e",1.0
2020-10-21,189,1,"IPA Target ↔ IPA Actual; Orthography (Group), IPA Target (Group), IPA Actual (Group), Alignment (Group), Notes (Group)","(3...4) ↔ (0...0); (0...5), (0...6), (0...4), (0...19), (0...2)",ɡ,,ɡ:O↔∅,"ɡ ↔ ∅; tigre, ˈtiɡɾe, tide, t↔t,i↔i,ɡ↔∅,ɾ↔d,e↔e, LC",S401.S401_EFE-A_Pre_05_20_2024.csv,Queries_Target_v2,Consonants,Pre,Spanish,S401,S401,EFE-A,Pre,ɡ ↔ ∅,"tigre, ˈtiɡɾe, tide, t↔t,i↔i,ɡ↔∅,ɾ↔d,e↔e, LC",LC,tigre,ˈtiɡɾe,tide,"t↔t,i↔i,ɡ↔∅,ɾ↔d,e↔e",0.0
2020-10-21,189,1,"IPA Target ↔ IPA Actual; Orthography (Group), IPA Target (Group), IPA Actual (Group), Alignment (Group), Notes (Group)","(4...5) ↔ (2...3); (0...5), (0...6), (0...4), (0...19), (0...2)",ɾ,d,ɾ:O↔d:O,"ɾ ↔ d; tigre, ˈtiɡɾe, tide, t↔t,i↔i,ɡ↔∅,ɾ↔d,e↔e, LC",S401.S401_EFE-A_Pre_05_20_2024.csv,Queries_Target_v2,Consonants,Pre,Spanish,S401,S401,EFE-A,Pre,ɾ ↔ d,"tigre, ˈtiɡɾe, tide, t↔t,i↔i,ɡ↔∅,ɾ↔d,e↔e, LC",LC,tigre,ˈtiɡɾe,tide,"t↔t,i↔i,ɡ↔∅,ɾ↔d,e↔e",0.5882352941176471
2020-10-21,190,1,"IPA Target ↔ IPA Actual; Orthography (Group), IPA Target (Group), IPA Actual (Group), Alignment (Group), Notes (Group)","(0...1) ↔ (0...1); (0...7), (0...8), (0...8), (0...31), (0...2)",f,f,f:O↔f:O,"f ↔ f; familia, faˈmilja, familija, f↔f,a↔a,m↔m,i↔i,l↔l,∅↔i,j↔j,a↔a, LC",S401.S401_EFE-A_Pre_05_20_2024.csv,Queries_Target_v2,Consonants,Pre,Spanish,S401,S401,EFE-A,Pre,f ↔ f,"familia, faˈmilja, familija, f↔f,a↔a,m↔m,i↔i,l↔l,∅↔i,j↔j,a↔a, LC",LC,familia,faˈmilja,familija,"f↔f,a↔a,m↔m,i↔i,l↔l,∅↔i,j↔j,a↔a",1.0
2020-10-21,190,1,"IPA Target ↔ IPA Actual; Orthography (Group), IPA Target (Group), IPA Actual (Group), Alignment (Group), Notes (Group)","(3...4) ↔ (2...3); (0...7), (0...8), (0...8), (0...31), (0...2)",m,m,m:O↔m:O,"m ↔ m; familia, faˈmilja, familija, f↔f,a↔a,m↔m,i↔i,l↔l,∅↔i,j↔j,a↔a, LC",S401.S401_EFE-A_Pre_05_20_2024.csv,Queries_Target_v2,Consonants,Pre,Spanish,S401,S401,EFE-A,Pre,m ↔ m,"familia, faˈmilja, familija, f↔f,a↔a,m↔m,i↔i,l↔l,∅↔i,j↔j,a↔a, LC",LC,familia,faˈmilja,familija,"f↔f,a↔a,m↔m,i↔i,l↔l,∅↔i,j↔j,a↔a",1.0
2020-10-21,190,1,"IPA Target ↔ IPA Actual; Orthography (Group), IPA Target (Group), IPA Actual (Group), Alignment (Group), Notes (Group)","(5...6) ↔ (4...5); (0...7), (0...8), (0...8), (0...31), (0...2)",l,l,l:O↔l:O,"l ↔ l; familia, faˈmilja, familija, f↔f,a↔a,m↔m,i↔i,l↔l,∅↔i,j↔j,a↔a, LC",S401.S401_EFE-A_Pre_05_20_2024.csv,Queries_Target_v2,Consonants,Pre,Spanish,S401,S401,EFE-A,Pre,l ↔ l,"familia, faˈmilja, familija, f↔f,a↔a,m↔m,i↔i,l↔l,∅↔i,j↔j,a↔a, LC",LC,familia,faˈmilja,familija,"f↔f,a↔a,m↔m,i↔i,l↔l,∅↔i,j↔j,a↔a",1.0
2020-10-21,190,1,"IPA Target ↔ IPA Actual; Orthography (Group), IPA Target (Group), IPA Actual (Group), Alignment (Group), Notes (Group)","(6...7) ↔ (6...7); (0...7), (0...8), (0...8), (0...31), (0...2)",j,j,j:O↔j:O,"j ↔ j; familia, faˈmilja, familija, f↔f,a↔a,m↔m,i↔i,l↔l,∅↔i,j↔j,a↔a, LC",S401.S401_EFE-A_Pre_05_20_2024.csv,Queries_Target_v2,Consonants,Pre,Spanish,S401,S401,EFE-A,Pre,j ↔ j,"familia, faˈmilja, familija, f↔f,a↔a,m↔m,i↔i,l↔l,∅↔i,j↔j,a↔a, LC",LC,familia,faˈmilja,familija,"f↔f,a↔a,m↔m,i↔i,l↔l,∅↔i,j↔j,a↔a",1.0
2020-10-21,191,1,"IPA Target ↔ IPA Actual; Orthography (Group), IPA Target (Group), IPA Actual (Group), Alignment (Group), Notes (Group)","(1...2) ↔ (0...1); (0...5), (0...6), (0...5), (0...19), (0...2)",d,d,d:O↔d:O,"d ↔ d; dulce, ˈdulse, dulse, d↔d,u↔u,l↔l,s↔s,e↔e, LC",S401.S401_EFE-A_Pre_05_20_2024.csv,Queries_Target_v2,Consonants,Pre,Spanish,S401,S401,EFE-A,Pre,d ↔ d,"dulce, ˈdulse, dulse, d↔d,u↔u,l↔l,s↔s,e↔e, LC",LC,dulce,ˈdulse,dulse,"d↔d,u↔u,l↔l,s↔s,e↔e",1.0
2020-10-21,191,1,"IPA Target ↔ IPA Actual; Orthography (Group), IPA Target (Group), IPA Actual (Group), Alignment (Group), Notes (Group)","(3...4) ↔ (2...3); (0...5), (0...6), (0...5), (0...19), (0...2)",l,l,l:C↔l:C,"l ↔ l; dulce, ˈdulse, dulse, d↔d,u↔u,l↔l,s↔s,e↔e, LC",S401.S401_EFE-A_Pre_05_20_2024.csv,Queries_Target_v2,Consonants,Pre,Spanish,S401,S401,EFE-A,Pre,l ↔ l,"dulce, ˈdulse, dulse, d↔d,u↔u,l↔l,s↔s,e↔e, LC",LC,dulce,ˈdulse,dulse,"d↔d,u↔u,l↔l,s↔s,e↔e",1.0
2020-10-21,191,1,"IPA Target ↔ IPA Actual; Orthography (Group), IPA Target (Group), IPA Actual (Group), Alignment (Group), Notes (Group)","(4...5) ↔ (3...4); (0...5), (0...6), (0...5), (0...19), (0...2)",s,s,s:O↔s:O,"s ↔ s; dulce, ˈdulse, dulse, d↔d,u↔u,l↔l,s↔s,e↔e, LC",S401.S401_EFE-A_Pre_05_20_2024.csv,Queries_Target_v2,Consonants,Pre,Spanish,S401,S401,EFE-A,Pre,s ↔ s,"dulce, ˈdulse, dulse, d↔d,u↔u,l↔l,s↔s,e↔e, LC",LC,dulce,ˈdulse,dulse,"d↔d,u↔u,l↔l,s↔s,e↔e",1.0
2020-10-21,192,1,"IPA Target ↔ IPA Actual; Orthography (Group), IPA Target (Group), IPA Actual (Group), Alignment (Group), Notes (Group)","(1...2) ↔ (0...1); (0...5), (0...6), (0...5), (0...19), (0...2)",x,x,x:O↔x:O,"x ↔ x; gente, ˈxente, xente, x↔x,e↔e,n↔n,t↔t,e↔e, LC",S401.S401_EFE-A_Pre_05_20_2024.csv,Queries_Target_v2,Consonants,Pre,Spanish,S401,S401,EFE-A,Pre,x ↔ x,"gente, ˈxente, xente, x↔x,e↔e,n↔n,t↔t,e↔e, LC",LC,gente,ˈxente,xente,"x↔x,e↔e,n↔n,t↔t,e↔e",1.0
2020-10-21,192,1,"IPA Target ↔ IPA Actual; Orthography (Group), IPA Target (Group), IPA Actual (Group), Alignment (Group), Notes (Group)","(3...4) ↔ (2...3); (0...5), (0...6), (0...5), (0...19), (0...2)",n,n,n:C↔n:C,"n ↔ n; gente, ˈxente, xente, x↔x,e↔e,n↔n,t↔t,e↔e, LC",S401.S401_EFE-A_Pre_05_20_2024.csv,Queries_Target_v2,Consonants,Pre,Spanish,S401,S401,EFE-A,Pre,n ↔ n,"gente, ˈxente, xente, x↔x,e↔e,n↔n,t↔t,e↔e, LC",LC,gente,ˈxente,xente,"x↔x,e↔e,n↔n,t↔t,e↔e",1.0
2020-10-21,192,1,"IPA Target ↔ IPA Actual; Orthography (Group), IPA Target (Group), IPA Actual (Group), Alignment (Group), Notes (Group)","(4...5) ↔ (3...4); (0...5), (0...6), (0...5), (0...19), (0...2)",t,t,t:O↔t:O,"t ↔ t; gente, ˈxente, xente, x↔x,e↔e,n↔n,t↔t,e↔e, LC",S401.S401_EFE-A_Pre_05_20_2024.csv,Queries_Target_v2,Consonants,Pre,Spanish,S401,S401,EFE-A,Pre,t ↔ t,"gente, ˈxente, xente, x↔x,e↔e,n↔n,t↔t,e↔e, LC",LC,gente,ˈxente,xente,"x↔x,e↔e,n↔n,t↔t,e↔e",1.0
2020-10-21,193,1,"IPA Target ↔ IPA Actual; Orthography (Group), IPA Target (Group), IPA Actual (Group), Alignment (Group), Notes (Group)","(0...1) ↔ (0...1); (0...5), (0...6), (0...5), (0...19), (0...2)",f,f,f:O↔f:O,"f ↔ f; feliz, feˈlis, felis, f↔f,e↔e,l↔l,i↔i,s↔s, LC",S401.S401_EFE-A_Pre_05_20_2024.csv,Queries_Target_v2,Consonants,Pre,Spanish,S401,S401,EFE-A,Pre,f ↔ f,"feliz, feˈlis, felis, f↔f,e↔e,l↔l,i↔i,s↔s, LC",LC,feliz,feˈlis,felis,"f↔f,e↔e,l↔l,i↔i,s↔s",1.0
2020-10-21,193,1,"IPA Target ↔ IPA Actual; Orthography (Group), IPA Target (Group), IPA Actual (Group), Alignment (Group), Notes (Group)","(3...4) ↔ (2...3); (0...5), (0...6), (0...5), (0...19), (0...2)",l,l,l:O↔l:O,"l ↔ l; feliz, feˈlis, felis, f↔f,e↔e,l↔l,i↔i,s↔s, LC",S401.S401_EFE-A_Pre_05_20_2024.csv,Queries_Target_v2,Consonants,Pre,Spanish,S401,S401,EFE-A,Pre,l ↔ l,"feliz, feˈlis, felis, f↔f,e↔e,l↔l,i↔i,s↔s, LC",LC,feliz,feˈlis,felis,"f↔f,e↔e,l↔l,i↔i,s↔s",1.0
2020-10-21,193,1,"IPA Target ↔ IPA Actual; Orthography (Group), IPA Target (Group), IPA Actual (Group), Alignment (Group), Notes (Group)","(5...6) ↔ (4...5); (0...5), (0...6), (0...5), (0...19), (0...2)",s,s,s:C↔s:C,"s ↔ s; feliz, feˈlis, felis, f↔f,e↔e,l↔l,i↔i,s↔s, LC",S401.S401_EFE-A_Pre_05_20_2024.csv,Queries_Target_v2,Consonants,Pre,Spanish,S401,S401,EFE-A,Pre,s ↔ s,"feliz, feˈlis, felis, f↔f,e↔e,l↔l,i↔i,s↔s, LC",LC,feliz,feˈlis,felis,"f↔f,e↔e,l↔l,i↔i,s↔s",1.0
2020-10-21,194,1,"IPA Target ↔ IPA Actual; Orthography (Group), IPA Target (Group), IPA Actual (Group), Alignment (Group), Notes (Group)","(0...1) ↔ (0...1); (0...7), (0...8), (0...7), (0...27), (0...2)",m,m,m:O↔m:O,"m ↔ m; manzana, manˈsana, mansana, m↔m,a↔a,n↔n,s↔s,a↔a,n↔n,a↔a, LC",S401.S401_EFE-A_Pre_05_20_2024.csv,Queries_Target_v2,Consonants,Pre,Spanish,S401,S401,EFE-A,Pre,m ↔ m,"manzana, manˈsana, mansana, m↔m,a↔a,n↔n,s↔s,a↔a,n↔n,a↔a, LC",LC,manzana,manˈsana,mansana,"m↔m,a↔a,n↔n,s↔s,a↔a,n↔n,a↔a",1.0
2020-10-21,194,1,"IPA Target ↔ IPA Actual; Orthography (Group), IPA Target (Group), IPA Actual (Group), Alignment (Group), Notes (Group)","(2...3) ↔ (2...3); (0...7), (0...8), (0...7), (0...27), (0...2)",n,n,n:C↔n:C,"n ↔ n; manzana, manˈsana, mansana, m↔m,a↔a,n↔n,s↔s,a↔a,n↔n,a↔a, LC",S401.S401_EFE-A_Pre_05_20_2024.csv,Queries_Target_v2,Consonants,Pre,Spanish,S401,S401,EFE-A,Pre,n ↔ n,"manzana, manˈsana, mansana, m↔m,a↔a,n↔n,s↔s,a↔a,n↔n,a↔a, LC",LC,manzana,manˈsana,mansana,"m↔m,a↔a,n↔n,s↔s,a↔a,n↔n,a↔a",1.0
2020-10-21,194,1,"IPA Target ↔ IPA Actual; Orthography (Group), IPA Target (Group), IPA Actual (Group), Alignment (Group), Notes (Group)","(4...5) ↔ (3...4); (0...7), (0...8), (0...7), (0...27), (0...2)",s,s,s:O↔s:O,"s ↔ s; manzana, manˈsana, mansana, m↔m,a↔a,n↔n,s↔s,a↔a,n↔n,a↔a, LC",S401.S401_EFE-A_Pre_05_20_2024.csv,Queries_Target_v2,Consonants,Pre,Spanish,S401,S401,EFE-A,Pre,s ↔ s,"manzana, manˈsana, mansana, m↔m,a↔a,n↔n,s↔s,a↔a,n↔n,a↔a, LC",LC,manzana,manˈsana,mansana,"m↔m,a↔a,n↔n,s↔s,a↔a,n↔n,a↔a",1.0
2020-10-21,194,1,"IPA Target ↔ IPA Actual; Orthography (Group), IPA Target (Group), IPA Actual (Group), Alignment (Group), Notes (Group)","(6...7) ↔ (5...6); (0...7), (0...8), (0...7), (0...27), (0...2)",n,n,n:O↔n:O,"n ↔ n; manzana, manˈsana, mansana, m↔m,a↔a,n↔n,s↔s,a↔a,n↔n,a↔a, LC",S401.S401_EFE-A_Pre_05_20_2024.csv,Queries_Target_v2,Consonants,Pre,Spanish,S401,S401,EFE-A,Pre,n ↔ n,"manzana, manˈsana, mansana, m↔m,a↔a,n↔n,s↔s,a↔a,n↔n,a↔a, LC",LC,manzana,manˈsana,mansana,"m↔m,a↔a,n↔n,s↔s,a↔a,n↔n,a↔a",1.0
2020-10-21,195,1,"IPA Target ↔ IPA Actual; Orthography (Group), IPA Target (Group), IPA Actual (Group), Alignment (Group), Notes (Group)","(1...2) ↔ (0...1); (0...4), (0...4), (0...4), (0...15), (0...2)",b,w,b:O↔w:O,"b ↔ w; búho, ˈbuo, wede, b↔w,u↔e,∅↔d,o↔e, LC",S401.S401_EFE-A_Pre_05_20_2024.csv,Queries_Target_v2,Consonants,Pre,Spanish,S401,S401,EFE-A,Pre,b ↔ w,"búho, ˈbuo, wede, b↔w,u↔e,∅↔d,o↔e, LC",LC,búho,ˈbuo,wede,"b↔w,u↔e,∅↔d,o↔e",0.5
2020-10-21,196,1,"IPA Target ↔ IPA Actual; Orthography (Group), IPA Target (Group), IPA Actual (Group), Alignment (Group), Notes (Group)","(0...1) ↔ (0...1); (0...4), (0...4), (0...4), (0...19), (0...2)",b,ɡ,b:O↔g:O,"b ↔ g; buey, bwej, guej, b↔g,∅↔u,w↔∅,e↔e,j↔j, LC",S401.S401_EFE-A_Pre_05_20_2024.csv,Queries_Target_v2,Consonants,Pre,Spanish,S401,S401,EFE-A,Pre,b ↔ g,"buey, bwej, guej, b↔g,∅↔u,w↔∅,e↔e,j↔j, LC",LC,buey,bwej,guej,"b↔g,∅↔u,w↔∅,e↔e,j↔j",0.7058823529411765
2020-10-21,196,1,"IPA Target ↔ IPA Actual; Orthography (Group), IPA Target (Group), IPA Actual (Group), Alignment (Group), Notes (Group)","(1...2) ↔ (0...0); (0...4), (0...4), (0...4), (0...19), (0...2)",w,,w:O↔∅,"w ↔ ∅; buey, bwej, guej, b↔g,∅↔u,w↔∅,e↔e,j↔j, LC",S401.S401_EFE-A_Pre_05_20_2024.csv,Queries_Target_v2,Consonants,Pre,Spanish,S401,S401,EFE-A,Pre,w ↔ ∅,"buey, bwej, guej, b↔g,∅↔u,w↔∅,e↔e,j↔j, LC",LC,buey,bwej,guej,"b↔g,∅↔u,w↔∅,e↔e,j↔j",0.0
2020-10-21,196,1,"IPA Target ↔ IPA Actual; Orthography (Group), IPA Target (Group), IPA Actual (Group), Alignment (Group), Notes (Group)","(3...4) ↔ (3...4); (0...4), (0...4), (0...4), (0...19), (0...2)",j,j,j:N↔j:N,"j ↔ j; buey, bwej, guej, b↔g,∅↔u,w↔∅,e↔e,j↔j, LC",S401.S401_EFE-A_Pre_05_20_2024.csv,Queries_Target_v2,Consonants,Pre,Spanish,S401,S401,EFE-A,Pre,j ↔ j,"buey, bwej, guej, b↔g,∅↔u,w↔∅,e↔e,j↔j, LC",LC,buey,bwej,guej,"b↔g,∅↔u,w↔∅,e↔e,j↔j",1.0
2020-10-21,197,1,"IPA Target ↔ IPA Actual; Orthography (Group), IPA Target (Group), IPA Actual (Group), Alignment (Group), Notes (Group)","(2...3) ↔ (1...2); (0...5), (0...5), (0...5), (0...16), (0...2)",r,d,r:O↔d:O,"r ↔ d; arroz, aˈros, adoːs, a↔a,r↔d,o↔oː,s↔s, LC",S401.S401_EFE-A_Pre_05_20_2024.csv,Queries_Target_v2,Consonants,Pre,Spanish,S401,S401,EFE-A,Pre,r ↔ d,"arroz, aˈros, adoːs, a↔a,r↔d,o↔oː,s↔s, LC",LC,arroz,aˈros,adoːs,"a↔a,r↔d,o↔oː,s↔s",0.5882352941176471
2020-10-21,197,1,"IPA Target ↔ IPA Actual; Orthography (Group), IPA Target (Group), IPA Actual (Group), Alignment (Group), Notes (Group)","(4...5) ↔ (4...5); (0...5), (0...5), (0...5), (0...16), (0...2)",s,s,s:C↔s:C,"s ↔ s; arroz, aˈros, adoːs, a↔a,r↔d,o↔oː,s↔s, LC",S401.S401_EFE-A_Pre_05_20_2024.csv,Queries_Target_v2,Consonants,Pre,Spanish,S401,S401,EFE-A,Pre,s ↔ s,"arroz, aˈros, adoːs, a↔a,r↔d,o↔oː,s↔s, LC",LC,arroz,aˈros,adoːs,"a↔a,r↔d,o↔oː,s↔s",1.0
2020-10-21,198,1,"IPA Target ↔ IPA Actual; Orthography (Group), IPA Target (Group), IPA Actual (Group), Alignment (Group), Notes (Group)","(1...2) ↔ (1...2); (0...9), (0...10), (0...8), (0...35), (0...2)",n,n,n:O↔n:O,"n ↔ n; unicornio, uniˈkoɾnjo, unikonjo, u↔u,n↔n,i↔i,k↔k,o↔o,ɾ↔∅,n↔n,j↔j,o↔o, LC",S401.S401_EFE-A_Pre_05_20_2024.csv,Queries_Target_v2,Consonants,Pre,Spanish,S401,S401,EFE-A,Pre,n ↔ n,"unicornio, uniˈkoɾnjo, unikonjo, u↔u,n↔n,i↔i,k↔k,o↔o,ɾ↔∅,n↔n,j↔j,o↔o, LC",LC,unicornio,uniˈkoɾnjo,unikonjo,"u↔u,n↔n,i↔i,k↔k,o↔o,ɾ↔∅,n↔n,j↔j,o↔o",1.0
2020-10-21,198,1,"IPA Target ↔ IPA Actual; Orthography (Group), IPA Target (Group), IPA Actual (Group), Alignment (Group), Notes (Group)","(4...5) ↔ (3...4); (0...9), (0...10), (0...8), (0...35), (0...2)",k,k,k:O↔k:O,"k ↔ k; unicornio, uniˈkoɾnjo, unikonjo, u↔u,n↔n,i↔i,k↔k,o↔o,ɾ↔∅,n↔n,j↔j,o↔o, LC",S401.S401_EFE-A_Pre_05_20_2024.csv,Queries_Target_v2,Consonants,Pre,Spanish,S401,S401,EFE-A,Pre,k ↔ k,"unicornio, uniˈkoɾnjo, unikonjo, u↔u,n↔n,i↔i,k↔k,o↔o,ɾ↔∅,n↔n,j↔j,o↔o, LC",LC,unicornio,uniˈkoɾnjo,unikonjo,"u↔u,n↔n,i↔i,k↔k,o↔o,ɾ↔∅,n↔n,j↔j,o↔o",1.0
2020-10-21,198,1,"IPA Target ↔ IPA Actual; Orthography (Group), IPA Target (Group), IPA Actual (Group), Alignment (Group), Notes (Group)","(6...7) ↔ (0...0); (0...9), (0...10), (0...8), (0...35), (0...2)",ɾ,,ɾ:C↔∅,"ɾ ↔ ∅; unicornio, uniˈkoɾnjo, unikonjo, u↔u,n↔n,i↔i,k↔k,o↔o,ɾ↔∅,n↔n,j↔j,o↔o, LC",S401.S401_EFE-A_Pre_05_20_2024.csv,Queries_Target_v2,Consonants,Pre,Spanish,S401,S401,EFE-A,Pre,ɾ ↔ ∅,"unicornio, uniˈkoɾnjo, unikonjo, u↔u,n↔n,i↔i,k↔k,o↔o,ɾ↔∅,n↔n,j↔j,o↔o, LC",LC,unicornio,uniˈkoɾnjo,unikonjo,"u↔u,n↔n,i↔i,k↔k,o↔o,ɾ↔∅,n↔n,j↔j,o↔o",0.0
2020-10-21,198,1,"IPA Target ↔ IPA Actual; Orthography (Group), IPA Target (Group), IPA Actual (Group), Alignment (Group), Notes (Group)","(7...8) ↔ (5...6); (0...9), (0...10), (0...8), (0...35), (0...2)",n,n,n:O↔n:O,"n ↔ n; unicornio, uniˈkoɾnjo, unikonjo, u↔u,n↔n,i↔i,k↔k,o↔o,ɾ↔∅,n↔n,j↔j,o↔o, LC",S401.S401_EFE-A_Pre_05_20_2024.csv,Queries_Target_v2,Consonants,Pre,Spanish,S401,S401,EFE-A,Pre,n ↔ n,"unicornio, uniˈkoɾnjo, unikonjo, u↔u,n↔n,i↔i,k↔k,o↔o,ɾ↔∅,n↔n,j↔j,o↔o, LC",LC,unicornio,uniˈkoɾnjo,unikonjo,"u↔u,n↔n,i↔i,k↔k,o↔o,ɾ↔∅,n↔n,j↔j,o↔o",1.0
2020-10-21,198,1,"IPA Target ↔ IPA Actual; Orthography (Group), IPA Target (Group), IPA Actual (Group), Alignment (Group), Notes (Group)","(8...9) ↔ (6...7); (0...9), (0...10), (0...8), (0...35), (0...2)",j,j,j:O↔j:O,"j ↔ j; unicornio, uniˈkoɾnjo, unikonjo, u↔u,n↔n,i↔i,k↔k,o↔o,ɾ↔∅,n↔n,j↔j,o↔o, LC",S401.S401_EFE-A_Pre_05_20_2024.csv,Queries_Target_v2,Consonants,Pre,Spanish,S401,S401,EFE-A,Pre,j ↔ j,"unicornio, uniˈkoɾnjo, unikonjo, u↔u,n↔n,i↔i,k↔k,o↔o,ɾ↔∅,n↔n,j↔j,o↔o, LC",LC,unicornio,uniˈkoɾnjo,unikonjo,"u↔u,n↔n,i↔i,k↔k,o↔o,ɾ↔∅,n↔n,j↔j,o↔o",1.0
2020-10-21,199,1,"IPA Target ↔ IPA Actual; Orthography (Group), IPA Target (Group), IPA Actual (Group), Alignment (Group), Notes (Group)","(1...2) ↔ (0...1); (0...5), (0...6), (0...5), (0...19), (0...2)",t,t,t:O↔t:O,"t ↔ t; tiene, ˈtjene, tjene, t↔t,j↔j,e↔e,n↔n,e↔e, LC",S401.S401_EFE-A_Pre_05_20_2024.csv,Queries_Target_v2,Consonants,Pre,Spanish,S401,S401,EFE-A,Pre,t ↔ t,"tiene, ˈtjene, tjene, t↔t,j↔j,e↔e,n↔n,e↔e, LC",LC,tiene,ˈtjene,tjene,"t↔t,j↔j,e↔e,n↔n,e↔e",1.0
2020-10-21,199,1,"IPA Target ↔ IPA Actual; Orthography (Group), IPA Target (Group), IPA Actual (Group), Alignment (Group), Notes (Group)","(2...3) ↔ (1...2); (0...5), (0...6), (0...5), (0...19), (0...2)",j,j,j:O↔j:O,"j ↔ j; tiene, ˈtjene, tjene, t↔t,j↔j,e↔e,n↔n,e↔e, LC",S401.S401_EFE-A_Pre_05_20_2024.csv,Queries_Target_v2,Consonants,Pre,Spanish,S401,S401,EFE-A,Pre,j ↔ j,"tiene, ˈtjene, tjene, t↔t,j↔j,e↔e,n↔n,e↔e, LC",LC,tiene,ˈtjene,tjene,"t↔t,j↔j,e↔e,n↔n,e↔e",1.0
2020-10-21,199,1,"IPA Target ↔ IPA Actual; Orthography (Group), IPA Target (Group), IPA Actual (Group), Alignment (Group), Notes (Group)","(4...5) ↔ (3...4); (0...5), (0...6), (0...5), (0...19), (0...2)",n,n,n:O↔n:O,"n ↔ n; tiene, ˈtjene, tjene, t↔t,j↔j,e↔e,n↔n,e↔e, LC",S401.S401_EFE-A_Pre_05_20_2024.csv,Queries_Target_v2,Consonants,Pre,Spanish,S401,S401,EFE-A,Pre,n ↔ n,"tiene, ˈtjene, tjene, t↔t,j↔j,e↔e,n↔n,e↔e, LC",LC,tiene,ˈtjene,tjene,"t↔t,j↔j,e↔e,n↔n,e↔e",1.0
2020-10-21,200,1,"IPA Target ↔ IPA Actual; Orthography (Group), IPA Target (Group), IPA Actual (Group), Alignment (Group), Notes (Group)","(1...2) ↔ (0...1); (0...4), (0...5), (0...4), (0...15), (0...2)",n,ʝ,n:O↔ʝ:O,"n ↔ ʝ; niña, ˈniɲa, ʝiɲa, n↔ʝ,i↔i,ɲ↔ɲ,a↔a, LC",S401.S401_EFE-A_Pre_05_20_2024.csv,Queries_Target_v2,Consonants,Pre,Spanish,S401,S401,EFE-A,Pre,n ↔ ʝ,"niña, ˈniɲa, ʝiɲa, n↔ʝ,i↔i,ɲ↔ɲ,a↔a, LC",LC,niña,ˈniɲa,ʝiɲa,"n↔ʝ,i↔i,ɲ↔ɲ,a↔a",0.5
2020-10-21,200,1,"IPA Target ↔ IPA Actual; Orthography (Group), IPA Target (Group), IPA Actual (Group), Alignment (Group), Notes (Group)","(3...4) ↔ (2...3); (0...4), (0...5), (0...4), (0...15), (0...2)",ɲ,ɲ,ɲ:O↔ɲ:O,"ɲ ↔ ɲ; niña, ˈniɲa, ʝiɲa, n↔ʝ,i↔i,ɲ↔ɲ,a↔a, LC",S401.S401_EFE-A_Pre_05_20_2024.csv,Queries_Target_v2,Consonants,Pre,Spanish,S401,S401,EFE-A,Pre,ɲ ↔ ɲ,"niña, ˈniɲa, ʝiɲa, n↔ʝ,i↔i,ɲ↔ɲ,a↔a, LC",LC,niña,ˈniɲa,ʝiɲa,"n↔ʝ,i↔i,ɲ↔ɲ,a↔a",1.0
2020-10-21,201,1,"IPA Target ↔ IPA Actual; Orthography (Group), IPA Target (Group), IPA Actual (Group), Alignment (Group), Notes (Group)","(0...1) ↔ (0...1); (0...7), (0...8), (0...6), (0...27), (0...2)",b,b,b:O↔b:O,"b ↔ b; bombero, bomˈbeɾo, bombeo, b↔b,o↔o,m↔m,b↔b,e↔e,ɾ↔∅,o↔o, LC",S401.S401_EFE-A_Pre_05_20_2024.csv,Queries_Target_v2,Consonants,Pre,Spanish,S401,S401,EFE-A,Pre,b ↔ b,"bombero, bomˈbeɾo, bombeo, b↔b,o↔o,m↔m,b↔b,e↔e,ɾ↔∅,o↔o, LC",LC,bombero,bomˈbeɾo,bombeo,"b↔b,o↔o,m↔m,b↔b,e↔e,ɾ↔∅,o↔o",1.0
2020-10-21,201,1,"IPA Target ↔ IPA Actual; Orthography (Group), IPA Target (Group), IPA Actual (Group), Alignment (Group), Notes (Group)","(2...3) ↔ (2...3); (0...7), (0...8), (0...6), (0...27), (0...2)",m,m,m:C↔m:C,"m ↔ m; bombero, bomˈbeɾo, bombeo, b↔b,o↔o,m↔m,b↔b,e↔e,ɾ↔∅,o↔o, LC",S401.S401_EFE-A_Pre_05_20_2024.csv,Queries_Target_v2,Consonants,Pre,Spanish,S401,S401,EFE-A,Pre,m ↔ m,"bombero, bomˈbeɾo, bombeo, b↔b,o↔o,m↔m,b↔b,e↔e,ɾ↔∅,o↔o, LC",LC,bombero,bomˈbeɾo,bombeo,"b↔b,o↔o,m↔m,b↔b,e↔e,ɾ↔∅,o↔o",1.0
2020-10-21,201,1,"IPA Target ↔ IPA Actual; Orthography (Group), IPA Target (Group), IPA Actual (Group), Alignment (Group), Notes (Group)","(4...5) ↔ (3...4); (0...7), (0...8), (0...6), (0...27), (0...2)",b,b,b:O↔b:O,"b ↔ b; bombero, bomˈbeɾo, bombeo, b↔b,o↔o,m↔m,b↔b,e↔e,ɾ↔∅,o↔o, LC",S401.S401_EFE-A_Pre_05_20_2024.csv,Queries_Target_v2,Consonants,Pre,Spanish,S401,S401,EFE-A,Pre,b ↔ b,"bombero, bomˈbeɾo, bombeo, b↔b,o↔o,m↔m,b↔b,e↔e,ɾ↔∅,o↔o, LC",LC,bombero,bomˈbeɾo,bombeo,"b↔b,o↔o,m↔m,b↔b,e↔e,ɾ↔∅,o↔o",1.0
2020-10-21,201,1,"IPA Target ↔ IPA Actual; Orthography (Group), IPA Target (Group), IPA Actual (Group), Alignment (Group), Notes (Group)","(6...7) ↔ (0...0); (0...7), (0...8), (0...6), (0...27), (0...2)",ɾ,,ɾ:O↔∅,"ɾ ↔ ∅; bombero, bomˈbeɾo, bombeo, b↔b,o↔o,m↔m,b↔b,e↔e,ɾ↔∅,o↔o, LC",S401.S401_EFE-A_Pre_05_20_2024.csv,Queries_Target_v2,Consonants,Pre,Spanish,S401,S401,EFE-A,Pre,ɾ ↔ ∅,"bombero, bomˈbeɾo, bombeo, b↔b,o↔o,m↔m,b↔b,e↔e,ɾ↔∅,o↔o, LC",LC,bombero,bomˈbeɾo,bombeo,"b↔b,o↔o,m↔m,b↔b,e↔e,ɾ↔∅,o↔o",0.0
2020-10-21,202,1,"IPA Target ↔ IPA Actual; Orthography (Group), IPA Target (Group), IPA Actual (Group), Alignment (Group), Notes (Group)","(0...1) ↔ (0...0); (0...4), (0...4), (0...3), (0...15), (0...2)",d,,d:O↔∅,"d ↔ ∅; diez, djes, ʝeθ, d↔∅,j↔ʝ,e↔e,s↔θ, LC",S401.S401_EFE-A_Pre_05_20_2024.csv,Queries_Target_v2,Consonants,Pre,Spanish,S401,S401,EFE-A,Pre,d ↔ ∅,"diez, djes, ʝeθ, d↔∅,j↔ʝ,e↔e,s↔θ, LC",LC,diez,djes,ʝeθ,"d↔∅,j↔ʝ,e↔e,s↔θ",0.0
2020-10-21,202,1,"IPA Target ↔ IPA Actual; Orthography (Group), IPA Target (Group), IPA Actual (Group), Alignment (Group), Notes (Group)","(1...2) ↔ (0...1); (0...4), (0...4), (0...3), (0...15), (0...2)",j,ʝ,j:O↔ʝ:O,"j ↔ ʝ; diez, djes, ʝeθ, d↔∅,j↔ʝ,e↔e,s↔θ, LC",S401.S401_EFE-A_Pre_05_20_2024.csv,Queries_Target_v2,Consonants,Pre,Spanish,S401,S401,EFE-A,Pre,j ↔ ʝ,"diez, djes, ʝeθ, d↔∅,j↔ʝ,e↔e,s↔θ, LC",LC,diez,djes,ʝeθ,"d↔∅,j↔ʝ,e↔e,s↔θ",0.5
2020-10-21,202,1,"IPA Target ↔ IPA Actual; Orthography (Group), IPA Target (Group), IPA Actual (Group), Alignment (Group), Notes (Group)","(3...4) ↔ (2...3); (0...4), (0...4), (0...3), (0...15), (0...2)",s,θ,s:C↔θ:C,"s ↔ θ; diez, djes, ʝeθ, d↔∅,j↔ʝ,e↔e,s↔θ, LC",S401.S401_EFE-A_Pre_05_20_2024.csv,Queries_Target_v2,Consonants,Pre,Spanish,S401,S401,EFE-A,Pre,s ↔ θ,"diez, djes, ʝeθ, d↔∅,j↔ʝ,e↔e,s↔θ, LC",LC,diez,djes,ʝeθ,"d↔∅,j↔ʝ,e↔e,s↔θ",0.7058823529411765
2020-10-21,203,1,"IPA Target ↔ IPA Actual; Orthography (Group), IPA Target (Group), IPA Actual (Group), Alignment (Group), Notes (Group)","(0...1) ↔ (0...1); (0...8), (0...8), (0...7), (0...27), (0...2)",ʝ,ʝ,ʝ:O↔ʝ:O,"ʝ ↔ ʝ; llorando, ʝoˈɾando, ʝoɾando, ʝ↔ʝ,o↔o,ɾ↔ɾ,a↔a,n↔n,d↔d,o↔o, LC",S401.S401_EFE-A_Pre_05_20_2024.csv,Queries_Target_v2,Consonants,Pre,Spanish,S401,S401,EFE-A,Pre,ʝ ↔ ʝ,"llorando, ʝoˈɾando, ʝoɾando, ʝ↔ʝ,o↔o,ɾ↔ɾ,a↔a,n↔n,d↔d,o↔o, LC",LC,llorando,ʝoˈɾando,ʝoɾando,"ʝ↔ʝ,o↔o,ɾ↔ɾ,a↔a,n↔n,d↔d,o↔o",1.0
2020-10-21,203,1,"IPA Target ↔ IPA Actual; Orthography (Group), IPA Target (Group), IPA Actual (Group), Alignment (Group), Notes (Group)","(3...4) ↔ (2...3); (0...8), (0...8), (0...7), (0...27), (0...2)",ɾ,ɾ,ɾ:O↔ɾ:O,"ɾ ↔ ɾ; llorando, ʝoˈɾando, ʝoɾando, ʝ↔ʝ,o↔o,ɾ↔ɾ,a↔a,n↔n,d↔d,o↔o, LC",S401.S401_EFE-A_Pre_05_20_2024.csv,Queries_Target_v2,Consonants,Pre,Spanish,S401,S401,EFE-A,Pre,ɾ ↔ ɾ,"llorando, ʝoˈɾando, ʝoɾando, ʝ↔ʝ,o↔o,ɾ↔ɾ,a↔a,n↔n,d↔d,o↔o, LC",LC,llorando,ʝoˈɾando,ʝoɾando,"ʝ↔ʝ,o↔o,ɾ↔ɾ,a↔a,n↔n,d↔d,o↔o",1.0
2020-10-21,203,1,"IPA Target ↔ IPA Actual; Orthography (Group), IPA Target (Group), IPA Actual (Group), Alignment (Group), Notes (Group)","(5...6) ↔ (4...5); (0...8), (0...8), (0...7), (0...27), (0...2)",n,n,n:C↔n:C,"n ↔ n; llorando, ʝoˈɾando, ʝoɾando, ʝ↔ʝ,o↔o,ɾ↔ɾ,a↔a,n↔n,d↔d,o↔o, LC",S401.S401_EFE-A_Pre_05_20_2024.csv,Queries_Target_v2,Consonants,Pre,Spanish,S401,S401,EFE-A,Pre,n ↔ n,"llorando, ʝoˈɾando, ʝoɾando, ʝ↔ʝ,o↔o,ɾ↔ɾ,a↔a,n↔n,d↔d,o↔o, LC",LC,llorando,ʝoˈɾando,ʝoɾando,"ʝ↔ʝ,o↔o,ɾ↔ɾ,a↔a,n↔n,d↔d,o↔o",1.0
2020-10-21,203,1,"IPA Target ↔ IPA Actual; Orthography (Group), IPA Target (Group), IPA Actual (Group), Alignment (Group), Notes (Group)","(6...7) ↔ (5...6); (0...8), (0...8), (0...7), (0...27), (0...2)",d,d,d:O↔d:O,"d ↔ d; llorando, ʝoˈɾando, ʝoɾando, ʝ↔ʝ,o↔o,ɾ↔ɾ,a↔a,n↔n,d↔d,o↔o, LC",S401.S401_EFE-A_Pre_05_20_2024.csv,Queries_Target_v2,Consonants,Pre,Spanish,S401,S401,EFE-A,Pre,d ↔ d,"llorando, ʝoˈɾando, ʝoɾando, ʝ↔ʝ,o↔o,ɾ↔ɾ,a↔a,n↔n,d↔d,o↔o, LC",LC,llorando,ʝoˈɾando,ʝoɾando,"ʝ↔ʝ,o↔o,ɾ↔ɾ,a↔a,n↔n,d↔d,o↔o",1.0
2020-10-21,204,1,"IPA Target ↔ IPA Actual; Orthography (Group), IPA Target (Group), IPA Actual (Group), Alignment (Group), Notes (Group)","(1...2) ↔ (0...1); (0...6), (0...6), (0...5), (0...23), (0...2)",b,b,b:O↔b:O,"b ↔ b; bloque, ˈbloke, bioke, b↔b,∅↔i,l↔∅,o↔o,k↔k,e↔e, LC",S401.S401_EFE-A_Pre_05_20_2024.csv,Queries_Target_v2,Consonants,Pre,Spanish,S401,S401,EFE-A,Pre,b ↔ b,"bloque, ˈbloke, bioke, b↔b,∅↔i,l↔∅,o↔o,k↔k,e↔e, LC",LC,bloque,ˈbloke,bioke,"b↔b,∅↔i,l↔∅,o↔o,k↔k,e↔e",1.0
2020-10-21,204,1,"IPA Target ↔ IPA Actual; Orthography (Group), IPA Target (Group), IPA Actual (Group), Alignment (Group), Notes (Group)","(2...3) ↔ (0...0); (0...6), (0...6), (0...5), (0...23), (0...2)",l,,l:O↔∅,"l ↔ ∅; bloque, ˈbloke, bioke, b↔b,∅↔i,l↔∅,o↔o,k↔k,e↔e, LC",S401.S401_EFE-A_Pre_05_20_2024.csv,Queries_Target_v2,Consonants,Pre,Spanish,S401,S401,EFE-A,Pre,l ↔ ∅,"bloque, ˈbloke, bioke, b↔b,∅↔i,l↔∅,o↔o,k↔k,e↔e, LC",LC,bloque,ˈbloke,bioke,"b↔b,∅↔i,l↔∅,o↔o,k↔k,e↔e",0.0
2020-10-21,204,1,"IPA Target ↔ IPA Actual; Orthography (Group), IPA Target (Group), IPA Actual (Group), Alignment (Group), Notes (Group)","(4...5) ↔ (3...4); (0...6), (0...6), (0...5), (0...23), (0...2)",k,k,k:O↔k:O,"k ↔ k; bloque, ˈbloke, bioke, b↔b,∅↔i,l↔∅,o↔o,k↔k,e↔e, LC",S401.S401_EFE-A_Pre_05_20_2024.csv,Queries_Target_v2,Consonants,Pre,Spanish,S401,S401,EFE-A,Pre,k ↔ k,"bloque, ˈbloke, bioke, b↔b,∅↔i,l↔∅,o↔o,k↔k,e↔e, LC",LC,bloque,ˈbloke,bioke,"b↔b,∅↔i,l↔∅,o↔o,k↔k,e↔e",1.0
2020-10-21,205,1,"IPA Target ↔ IPA Actual; Orthography (Group), IPA Target (Group), IPA Actual (Group), Alignment (Group), Notes (Group)","(1...2) ↔ (0...0); (0...8), (0...9), (0...7), (0...31), (0...2)",n,,n:C↔∅,"n ↔ ∅; enfrente, enˈfɾente, efɾente, e↔e,n↔∅,f↔f,ɾ↔ɾ,e↔e,n↔n,t↔t,e↔e, LC",S401.S401_EFE-A_Pre_05_20_2024.csv,Queries_Target_v2,Consonants,Pre,Spanish,S401,S401,EFE-A,Pre,n ↔ ∅,"enfrente, enˈfɾente, efɾente, e↔e,n↔∅,f↔f,ɾ↔ɾ,e↔e,n↔n,t↔t,e↔e, LC",LC,enfrente,enˈfɾente,efɾente,"e↔e,n↔∅,f↔f,ɾ↔ɾ,e↔e,n↔n,t↔t,e↔e",0.0
2020-10-21,205,1,"IPA Target ↔ IPA Actual; Orthography (Group), IPA Target (Group), IPA Actual (Group), Alignment (Group), Notes (Group)","(3...4) ↔ (1...2); (0...8), (0...9), (0...7), (0...31), (0...2)",f,f,f:O↔f:O,"f ↔ f; enfrente, enˈfɾente, efɾente, e↔e,n↔∅,f↔f,ɾ↔ɾ,e↔e,n↔n,t↔t,e↔e, LC",S401.S401_EFE-A_Pre_05_20_2024.csv,Queries_Target_v2,Consonants,Pre,Spanish,S401,S401,EFE-A,Pre,f ↔ f,"enfrente, enˈfɾente, efɾente, e↔e,n↔∅,f↔f,ɾ↔ɾ,e↔e,n↔n,t↔t,e↔e, LC",LC,enfrente,enˈfɾente,efɾente,"e↔e,n↔∅,f↔f,ɾ↔ɾ,e↔e,n↔n,t↔t,e↔e",1.0
2020-10-21,205,1,"IPA Target ↔ IPA Actual; Orthography (Group), IPA Target (Group), IPA Actual (Group), Alignment (Group), Notes (Group)","(4...5) ↔ (2...3); (0...8), (0...9), (0...7), (0...31), (0...2)",ɾ,ɾ,ɾ:O↔ɾ:O,"ɾ ↔ ɾ; enfrente, enˈfɾente, efɾente, e↔e,n↔∅,f↔f,ɾ↔ɾ,e↔e,n↔n,t↔t,e↔e, LC",S401.S401_EFE-A_Pre_05_20_2024.csv,Queries_Target_v2,Consonants,Pre,Spanish,S401,S401,EFE-A,Pre,ɾ ↔ ɾ,"enfrente, enˈfɾente, efɾente, e↔e,n↔∅,f↔f,ɾ↔ɾ,e↔e,n↔n,t↔t,e↔e, LC",LC,enfrente,enˈfɾente,efɾente,"e↔e,n↔∅,f↔f,ɾ↔ɾ,e↔e,n↔n,t↔t,e↔e",1.0
2020-10-21,205,1,"IPA Target ↔ IPA Actual; Orthography (Group), IPA Target (Group), IPA Actual (Group), Alignment (Group), Notes (Group)","(6...7) ↔ (4...5); (0...8), (0...9), (0...7), (0...31), (0...2)",n,n,n:C↔n:C,"n ↔ n; enfrente, enˈfɾente, efɾente, e↔e,n↔∅,f↔f,ɾ↔ɾ,e↔e,n↔n,t↔t,e↔e, LC",S401.S401_EFE-A_Pre_05_20_2024.csv,Queries_Target_v2,Consonants,Pre,Spanish,S401,S401,EFE-A,Pre,n ↔ n,"enfrente, enˈfɾente, efɾente, e↔e,n↔∅,f↔f,ɾ↔ɾ,e↔e,n↔n,t↔t,e↔e, LC",LC,enfrente,enˈfɾente,efɾente,"e↔e,n↔∅,f↔f,ɾ↔ɾ,e↔e,n↔n,t↔t,e↔e",1.0
2020-10-21,205,1,"IPA Target ↔ IPA Actual; Orthography (Group), IPA Target (Group), IPA Actual (Group), Alignment (Group), Notes (Group)","(7...8) ↔ (5...6); (0...8), (0...9), (0...7), (0...31), (0...2)",t,t,t:O↔t:O,"t ↔ t; enfrente, enˈfɾente, efɾente, e↔e,n↔∅,f↔f,ɾ↔ɾ,e↔e,n↔n,t↔t,e↔e, LC",S401.S401_EFE-A_Pre_05_20_2024.csv,Queries_Target_v2,Consonants,Pre,Spanish,S401,S401,EFE-A,Pre,t ↔ t,"enfrente, enˈfɾente, efɾente, e↔e,n↔∅,f↔f,ɾ↔ɾ,e↔e,n↔n,t↔t,e↔e, LC",LC,enfrente,enˈfɾente,efɾente,"e↔e,n↔∅,f↔f,ɾ↔ɾ,e↔e,n↔n,t↔t,e↔e",1.0
2020-10-21,206,1,"IPA Target ↔ IPA Actual; Orthography (Group), IPA Target (Group), IPA Actual (Group), Alignment (Group), Notes (Group)","(1...2) ↔ (0...1); (0...5), (0...5), (0...4), (0...15), (0...2)",p,p,p:O↔p:O,"p ↔ p; perro, ˈpero, pedo, p↔p,e↔e,r↔d,o↔o, LC",S401.S401_EFE-A_Pre_05_20_2024.csv,Queries_Target_v2,Consonants,Pre,Spanish,S401,S401,EFE-A,Pre,p ↔ p,"perro, ˈpero, pedo, p↔p,e↔e,r↔d,o↔o, LC",LC,perro,ˈpero,pedo,"p↔p,e↔e,r↔d,o↔o",1.0
2020-10-21,206,1,"IPA Target ↔ IPA Actual; Orthography (Group), IPA Target (Group), IPA Actual (Group), Alignment (Group), Notes (Group)","(3...4) ↔ (2...3); (0...5), (0...5), (0...4), (0...15), (0...2)",r,d,r:O↔d:O,"r ↔ d; perro, ˈpero, pedo, p↔p,e↔e,r↔d,o↔o, LC",S401.S401_EFE-A_Pre_05_20_2024.csv,Queries_Target_v2,Consonants,Pre,Spanish,S401,S401,EFE-A,Pre,r ↔ d,"perro, ˈpero, pedo, p↔p,e↔e,r↔d,o↔o, LC",LC,perro,ˈpero,pedo,"p↔p,e↔e,r↔d,o↔o",0.5882352941176471
2020-10-21,207,1,"IPA Target ↔ IPA Actual; Orthography (Group), IPA Target (Group), IPA Actual (Group), Alignment (Group), Notes (Group)","(0...1) ↔ (0...1); (0...7), (0...8), (0...8), (0...31), (0...2)",k,k,k:O↔k:O,"k ↔ k; catorce, kaˈtoɾse, kaɾtoɾθe, k↔k,a↔a,∅↔ɾ,t↔t,o↔o,ɾ↔ɾ,s↔θ,e↔e, LC",S401.S401_EFE-A_Pre_05_20_2024.csv,Queries_Target_v2,Consonants,Pre,Spanish,S401,S401,EFE-A,Pre,k ↔ k,"catorce, kaˈtoɾse, kaɾtoɾθe, k↔k,a↔a,∅↔ɾ,t↔t,o↔o,ɾ↔ɾ,s↔θ,e↔e, LC",LC,catorce,kaˈtoɾse,kaɾtoɾθe,"k↔k,a↔a,∅↔ɾ,t↔t,o↔o,ɾ↔ɾ,s↔θ,e↔e",1.0
2020-10-21,207,1,"IPA Target ↔ IPA Actual; Orthography (Group), IPA Target (Group), IPA Actual (Group), Alignment (Group), Notes (Group)","(3...4) ↔ (3...4); (0...7), (0...8), (0...8), (0...31), (0...2)",t,t,t:O↔t:O,"t ↔ t; catorce, kaˈtoɾse, kaɾtoɾθe, k↔k,a↔a,∅↔ɾ,t↔t,o↔o,ɾ↔ɾ,s↔θ,e↔e, LC",S401.S401_EFE-A_Pre_05_20_2024.csv,Queries_Target_v2,Consonants,Pre,Spanish,S401,S401,EFE-A,Pre,t ↔ t,"catorce, kaˈtoɾse, kaɾtoɾθe, k↔k,a↔a,∅↔ɾ,t↔t,o↔o,ɾ↔ɾ,s↔θ,e↔e, LC",LC,catorce,kaˈtoɾse,kaɾtoɾθe,"k↔k,a↔a,∅↔ɾ,t↔t,o↔o,ɾ↔ɾ,s↔θ,e↔e",1.0
2020-10-21,207,1,"IPA Target ↔ IPA Actual; Orthography (Group), IPA Target (Group), IPA Actual (Group), Alignment (Group), Notes (Group)","(5...6) ↔ (5...6); (0...7), (0...8), (0...8), (0...31), (0...2)",ɾ,ɾ,ɾ:C↔ɾ:C,"ɾ ↔ ɾ; catorce, kaˈtoɾse, kaɾtoɾθe, k↔k,a↔a,∅↔ɾ,t↔t,o↔o,ɾ↔ɾ,s↔θ,e↔e, LC",S401.S401_EFE-A_Pre_05_20_2024.csv,Queries_Target_v2,Consonants,Pre,Spanish,S401,S401,EFE-A,Pre,ɾ ↔ ɾ,"catorce, kaˈtoɾse, kaɾtoɾθe, k↔k,a↔a,∅↔ɾ,t↔t,o↔o,ɾ↔ɾ,s↔θ,e↔e, LC",LC,catorce,kaˈtoɾse,kaɾtoɾθe,"k↔k,a↔a,∅↔ɾ,t↔t,o↔o,ɾ↔ɾ,s↔θ,e↔e",1.0
2020-10-21,207,1,"IPA Target ↔ IPA Actual; Orthography (Group), IPA Target (Group), IPA Actual (Group), Alignment (Group), Notes (Group)","(6...7) ↔ (6...7); (0...7), (0...8), (0...8), (0...31), (0...2)",s,θ,s:O↔θ:O,"s ↔ θ; catorce, kaˈtoɾse, kaɾtoɾθe, k↔k,a↔a,∅↔ɾ,t↔t,o↔o,ɾ↔ɾ,s↔θ,e↔e, LC",S401.S401_EFE-A_Pre_05_20_2024.csv,Queries_Target_v2,Consonants,Pre,Spanish,S401,S401,EFE-A,Pre,s ↔ θ,"catorce, kaˈtoɾse, kaɾtoɾθe, k↔k,a↔a,∅↔ɾ,t↔t,o↔o,ɾ↔ɾ,s↔θ,e↔e, LC",LC,catorce,kaˈtoɾse,kaɾtoɾθe,"k↔k,a↔a,∅↔ɾ,t↔t,o↔o,ɾ↔ɾ,s↔θ,e↔e",0.7058823529411765
2020-10-21,208,1,"IPA Target ↔ IPA Actual; Orthography (Group), IPA Target (Group), IPA Actual (Group), Alignment (Group), Notes (Group)","(1...2) ↔ (0...1); (0...6), (0...7), (0...5), (0...23), (0...2)",b,b,b:O↔b:O,"b ↔ b; brinca, ˈbɾinka, binka, b↔b,ɾ↔∅,i↔i,n↔n,k↔k,a↔a, LC",S401.S401_EFE-A_Pre_05_20_2024.csv,Queries_Target_v2,Consonants,Pre,Spanish,S401,S401,EFE-A,Pre,b ↔ b,"brinca, ˈbɾinka, binka, b↔b,ɾ↔∅,i↔i,n↔n,k↔k,a↔a, LC",LC,brinca,ˈbɾinka,binka,"b↔b,ɾ↔∅,i↔i,n↔n,k↔k,a↔a",1.0
2020-10-21,208,1,"IPA Target ↔ IPA Actual; Orthography (Group), IPA Target (Group), IPA Actual (Group), Alignment (Group), Notes (Group)","(2...3) ↔ (0...0); (0...6), (0...7), (0...5), (0...23), (0...2)",ɾ,,ɾ:O↔∅,"ɾ ↔ ∅; brinca, ˈbɾinka, binka, b↔b,ɾ↔∅,i↔i,n↔n,k↔k,a↔a, LC",S401.S401_EFE-A_Pre_05_20_2024.csv,Queries_Target_v2,Consonants,Pre,Spanish,S401,S401,EFE-A,Pre,ɾ ↔ ∅,"brinca, ˈbɾinka, binka, b↔b,ɾ↔∅,i↔i,n↔n,k↔k,a↔a, LC",LC,brinca,ˈbɾinka,binka,"b↔b,ɾ↔∅,i↔i,n↔n,k↔k,a↔a",0.0
2020-10-21,208,1,"IPA Target ↔ IPA Actual; Orthography (Group), IPA Target (Group), IPA Actual (Group), Alignment (Group), Notes (Group)","(4...5) ↔ (2...3); (0...6), (0...7), (0...5), (0...23), (0...2)",n,n,n:C↔n:C,"n ↔ n; brinca, ˈbɾinka, binka, b↔b,ɾ↔∅,i↔i,n↔n,k↔k,a↔a, LC",S401.S401_EFE-A_Pre_05_20_2024.csv,Queries_Target_v2,Consonants,Pre,Spanish,S401,S401,EFE-A,Pre,n ↔ n,"brinca, ˈbɾinka, binka, b↔b,ɾ↔∅,i↔i,n↔n,k↔k,a↔a, LC",LC,brinca,ˈbɾinka,binka,"b↔b,ɾ↔∅,i↔i,n↔n,k↔k,a↔a",1.0
2020-10-21,208,1,"IPA Target ↔ IPA Actual; Orthography (Group), IPA Target (Group), IPA Actual (Group), Alignment (Group), Notes (Group)","(5...6) ↔ (3...4); (0...6), (0...7), (0...5), (0...23), (0...2)",k,k,k:O↔k:O,"k ↔ k; brinca, ˈbɾinka, binka, b↔b,ɾ↔∅,i↔i,n↔n,k↔k,a↔a, LC",S401.S401_EFE-A_Pre_05_20_2024.csv,Queries_Target_v2,Consonants,Pre,Spanish,S401,S401,EFE-A,Pre,k ↔ k,"brinca, ˈbɾinka, binka, b↔b,ɾ↔∅,i↔i,n↔n,k↔k,a↔a, LC",LC,brinca,ˈbɾinka,binka,"b↔b,ɾ↔∅,i↔i,n↔n,k↔k,a↔a",1.0
2020-10-21,209,1,"IPA Target ↔ IPA Actual; Orthography (Group), IPA Target (Group), IPA Actual (Group), Alignment (Group), Notes (Group)","(0...1) ↔ (0...1); (0...10), (0...11), (0...10), (0...43), (0...2)",k,k,k:O↔k:O,"k ↔ k; cumpleaños, kumpleˈaɲos, kumpezaɲos, k↔k,u↔u,m↔m,p↔p,∅↔e,l↔z,e↔∅,a↔a,ɲ↔ɲ,o↔o,s↔s, LC",S401.S401_EFE-A_Pre_05_20_2024.csv,Queries_Target_v2,Consonants,Pre,Spanish,S401,S401,EFE-A,Pre,k ↔ k,"cumpleaños, kumpleˈaɲos, kumpezaɲos, k↔k,u↔u,m↔m,p↔p,∅↔e,l↔z,e↔∅,a↔a,ɲ↔ɲ,o↔o,s↔s, LC",LC,cumpleaños,kumpleˈaɲos,kumpezaɲos,"k↔k,u↔u,m↔m,p↔p,∅↔e,l↔z,e↔∅,a↔a,ɲ↔ɲ,o↔o,s↔s",1.0
2020-10-21,209,1,"IPA Target ↔ IPA Actual; Orthography (Group), IPA Target (Group), IPA Actual (Group), Alignment (Group), Notes (Group)","(2...3) ↔ (2...3); (0...10), (0...11), (0...10), (0...43), (0...2)",m,m,m:C↔m:C,"m ↔ m; cumpleaños, kumpleˈaɲos, kumpezaɲos, k↔k,u↔u,m↔m,p↔p,∅↔e,l↔z,e↔∅,a↔a,ɲ↔ɲ,o↔o,s↔s, LC",S401.S401_EFE-A_Pre_05_20_2024.csv,Queries_Target_v2,Consonants,Pre,Spanish,S401,S401,EFE-A,Pre,m ↔ m,"cumpleaños, kumpleˈaɲos, kumpezaɲos, k↔k,u↔u,m↔m,p↔p,∅↔e,l↔z,e↔∅,a↔a,ɲ↔ɲ,o↔o,s↔s, LC",LC,cumpleaños,kumpleˈaɲos,kumpezaɲos,"k↔k,u↔u,m↔m,p↔p,∅↔e,l↔z,e↔∅,a↔a,ɲ↔ɲ,o↔o,s↔s",1.0
2020-10-21,209,1,"IPA Target ↔ IPA Actual; Orthography (Group), IPA Target (Group), IPA Actual (Group), Alignment (Group), Notes (Group)","(3...4) ↔ (3...4); (0...10), (0...11), (0...10), (0...43), (0...2)",p,p,p:O↔p:O,"p ↔ p; cumpleaños, kumpleˈaɲos, kumpezaɲos, k↔k,u↔u,m↔m,p↔p,∅↔e,l↔z,e↔∅,a↔a,ɲ↔ɲ,o↔o,s↔s, LC",S401.S401_EFE-A_Pre_05_20_2024.csv,Queries_Target_v2,Consonants,Pre,Spanish,S401,S401,EFE-A,Pre,p ↔ p,"cumpleaños, kumpleˈaɲos, kumpezaɲos, k↔k,u↔u,m↔m,p↔p,∅↔e,l↔z,e↔∅,a↔a,ɲ↔ɲ,o↔o,s↔s, LC",LC,cumpleaños,kumpleˈaɲos,kumpezaɲos,"k↔k,u↔u,m↔m,p↔p,∅↔e,l↔z,e↔∅,a↔a,ɲ↔ɲ,o↔o,s↔s",1.0
2020-10-21,209,1,"IPA Target ↔ IPA Actual; Orthography (Group), IPA Target (Group), IPA Actual (Group), Alignment (Group), Notes (Group)","(4...5) ↔ (5...6); (0...10), (0...11), (0...10), (0...43), (0...2)",l,z,l:O↔z:O,"l ↔ z; cumpleaños, kumpleˈaɲos, kumpezaɲos, k↔k,u↔u,m↔m,p↔p,∅↔e,l↔z,e↔∅,a↔a,ɲ↔ɲ,o↔o,s↔s, LC",S401.S401_EFE-A_Pre_05_20_2024.csv,Queries_Target_v2,Consonants,Pre,Spanish,S401,S401,EFE-A,Pre,l ↔ z,"cumpleaños, kumpleˈaɲos, kumpezaɲos, k↔k,u↔u,m↔m,p↔p,∅↔e,l↔z,e↔∅,a↔a,ɲ↔ɲ,o↔o,s↔s, LC",LC,cumpleaños,kumpleˈaɲos,kumpezaɲos,"k↔k,u↔u,m↔m,p↔p,∅↔e,l↔z,e↔∅,a↔a,ɲ↔ɲ,o↔o,s↔s",0.4117647058823529
2020-10-21,209,1,"IPA Target ↔ IPA Actual; Orthography (Group), IPA Target (Group), IPA Actual (Group), Alignment (Group), Notes (Group)","(8...9) ↔ (7...8); (0...10), (0...11), (0...10), (0...43), (0...2)",ɲ,ɲ,ɲ:O↔ɲ:O,"ɲ ↔ ɲ; cumpleaños, kumpleˈaɲos, kumpezaɲos, k↔k,u↔u,m↔m,p↔p,∅↔e,l↔z,e↔∅,a↔a,ɲ↔ɲ,o↔o,s↔s, LC",S401.S401_EFE-A_Pre_05_20_2024.csv,Queries_Target_v2,Consonants,Pre,Spanish,S401,S401,EFE-A,Pre,ɲ ↔ ɲ,"cumpleaños, kumpleˈaɲos, kumpezaɲos, k↔k,u↔u,m↔m,p↔p,∅↔e,l↔z,e↔∅,a↔a,ɲ↔ɲ,o↔o,s↔s, LC",LC,cumpleaños,kumpleˈaɲos,kumpezaɲos,"k↔k,u↔u,m↔m,p↔p,∅↔e,l↔z,e↔∅,a↔a,ɲ↔ɲ,o↔o,s↔s",1.0
2020-10-21,209,1,"IPA Target ↔ IPA Actual; Orthography (Group), IPA Target (Group), IPA Actual (Group), Alignment (Group), Notes (Group)","(10...11) ↔ (9...10); (0...10), (0...11), (0...10), (0...43), (0...2)",s,s,s:C↔s:C,"s ↔ s; cumpleaños, kumpleˈaɲos, kumpezaɲos, k↔k,u↔u,m↔m,p↔p,∅↔e,l↔z,e↔∅,a↔a,ɲ↔ɲ,o↔o,s↔s, LC",S401.S401_EFE-A_Pre_05_20_2024.csv,Queries_Target_v2,Consonants,Pre,Spanish,S401,S401,EFE-A,Pre,s ↔ s,"cumpleaños, kumpleˈaɲos, kumpezaɲos, k↔k,u↔u,m↔m,p↔p,∅↔e,l↔z,e↔∅,a↔a,ɲ↔ɲ,o↔o,s↔s, LC",LC,cumpleaños,kumpleˈaɲos,kumpezaɲos,"k↔k,u↔u,m↔m,p↔p,∅↔e,l↔z,e↔∅,a↔a,ɲ↔ɲ,o↔o,s↔s",1.0
2020-10-21,210,1,"IPA Target ↔ IPA Actual; Orthography (Group), IPA Target (Group), IPA Actual (Group), Alignment (Group), Notes (Group)","(1...2) ↔ (0...1); (0...5), (0...6), (0...3), (0...19), (0...2)",r,z,r:O↔z:O,"r ↔ z; rueda, ˈrweda, zea, r↔z,w↔∅,e↔e,d↔∅,a↔a, LC",S401.S401_EFE-A_Pre_05_20_2024.csv,Queries_Target_v2,Consonants,Pre,Spanish,S401,S401,EFE-A,Pre,r ↔ z,"rueda, ˈrweda, zea, r↔z,w↔∅,e↔e,d↔∅,a↔a, LC",LC,rueda,ˈrweda,zea,"r↔z,w↔∅,e↔e,d↔∅,a↔a",0.4117647058823529
2020-10-21,210,1,"IPA Target ↔ IPA Actual; Orthography (Group), IPA Target (Group), IPA Actual (Group), Alignment (Group), Notes (Group)","(2...3) ↔ (0...0); (0...5), (0...6), (0...3), (0...19), (0...2)",w,,w:O↔∅,"w ↔ ∅; rueda, ˈrweda, zea, r↔z,w↔∅,e↔e,d↔∅,a↔a, LC",S401.S401_EFE-A_Pre_05_20_2024.csv,Queries_Target_v2,Consonants,Pre,Spanish,S401,S401,EFE-A,Pre,w ↔ ∅,"rueda, ˈrweda, zea, r↔z,w↔∅,e↔e,d↔∅,a↔a, LC",LC,rueda,ˈrweda,zea,"r↔z,w↔∅,e↔e,d↔∅,a↔a",0.0
2020-10-21,210,1,"IPA Target ↔ IPA Actual; Orthography (Group), IPA Target (Group), IPA Actual (Group), Alignment (Group), Notes (Group)","(4...5) ↔ (0...0); (0...5), (0...6), (0...3), (0...19), (0...2)",d,,d:O↔∅,"d ↔ ∅; rueda, ˈrweda, zea, r↔z,w↔∅,e↔e,d↔∅,a↔a, LC",S401.S401_EFE-A_Pre_05_20_2024.csv,Queries_Target_v2,Consonants,Pre,Spanish,S401,S401,EFE-A,Pre,d ↔ ∅,"rueda, ˈrweda, zea, r↔z,w↔∅,e↔e,d↔∅,a↔a, LC",LC,rueda,ˈrweda,zea,"r↔z,w↔∅,e↔e,d↔∅,a↔a",0.0
2020-10-21,211,1,"IPA Target ↔ IPA Actual; Orthography (Group), IPA Target (Group), IPA Actual (Group), Alignment (Group), Notes (Group)","(1...2) ↔ (0...1); (0...5), (0...5), (0...4), (0...15), (0...2)",k,k,k:O↔k:O,"k ↔ k; queso, ˈkeso, keso, k↔k,e↔e,s↔s,o↔o, LC",S401.S401_EFE-A_Pre_05_20_2024.csv,Queries_Target_v2,Consonants,Pre,Spanish,S401,S401,EFE-A,Pre,k ↔ k,"queso, ˈkeso, keso, k↔k,e↔e,s↔s,o↔o, LC",LC,queso,ˈkeso,keso,"k↔k,e↔e,s↔s,o↔o",1.0
2020-10-21,211,1,"IPA Target ↔ IPA Actual; Orthography (Group), IPA Target (Group), IPA Actual (Group), Alignment (Group), Notes (Group)","(3...4) ↔ (2...3); (0...5), (0...5), (0...4), (0...15), (0...2)",s,s,s:O↔s:O,"s ↔ s; queso, ˈkeso, keso, k↔k,e↔e,s↔s,o↔o, LC",S401.S401_EFE-A_Pre_05_20_2024.csv,Queries_Target_v2,Consonants,Pre,Spanish,S401,S401,EFE-A,Pre,s ↔ s,"queso, ˈkeso, keso, k↔k,e↔e,s↔s,o↔o, LC",LC,queso,ˈkeso,keso,"k↔k,e↔e,s↔s,o↔o",1.0
2020-10-21,212,1,"IPA Target ↔ IPA Actual; Orthography (Group), IPA Target (Group), IPA Actual (Group), Alignment (Group), Notes (Group)","(1...2) ↔ (0...1); (0...8), (0...8), (0...6), (0...27), (0...2)",ʧ,ʧ,ʧ:O↔ʧ:O,"ʧ ↔ ʧ; chanclas, ˈʧanklas, ʧankla, ʧ↔ʧ,a↔a,n↔n,k↔k,l↔l,a↔a,s↔∅, LC",S401.S401_EFE-A_Pre_05_20_2024.csv,Queries_Target_v2,Consonants,Pre,Spanish,S401,S401,EFE-A,Pre,ʧ ↔ ʧ,"chanclas, ˈʧanklas, ʧankla, ʧ↔ʧ,a↔a,n↔n,k↔k,l↔l,a↔a,s↔∅, LC",LC,chanclas,ˈʧanklas,ʧankla,"ʧ↔ʧ,a↔a,n↔n,k↔k,l↔l,a↔a,s↔∅",1.0
2020-10-21,212,1,"IPA Target ↔ IPA Actual; Orthography (Group), IPA Target (Group), IPA Actual (Group), Alignment (Group), Notes (Group)","(3...4) ↔ (2...3); (0...8), (0...8), (0...6), (0...27), (0...2)",n,n,n:C↔n:C,"n ↔ n; chanclas, ˈʧanklas, ʧankla, ʧ↔ʧ,a↔a,n↔n,k↔k,l↔l,a↔a,s↔∅, LC",S401.S401_EFE-A_Pre_05_20_2024.csv,Queries_Target_v2,Consonants,Pre,Spanish,S401,S401,EFE-A,Pre,n ↔ n,"chanclas, ˈʧanklas, ʧankla, ʧ↔ʧ,a↔a,n↔n,k↔k,l↔l,a↔a,s↔∅, LC",LC,chanclas,ˈʧanklas,ʧankla,"ʧ↔ʧ,a↔a,n↔n,k↔k,l↔l,a↔a,s↔∅",1.0
2020-10-21,212,1,"IPA Target ↔ IPA Actual; Orthography (Group), IPA Target (Group), IPA Actual (Group), Alignment (Group), Notes (Group)","(4...5) ↔ (3...4); (0...8), (0...8), (0...6), (0...27), (0...2)",k,k,k:O↔k:O,"k ↔ k; chanclas, ˈʧanklas, ʧankla, ʧ↔ʧ,a↔a,n↔n,k↔k,l↔l,a↔a,s↔∅, LC",S401.S401_EFE-A_Pre_05_20_2024.csv,Queries_Target_v2,Consonants,Pre,Spanish,S401,S401,EFE-A,Pre,k ↔ k,"chanclas, ˈʧanklas, ʧankla, ʧ↔ʧ,a↔a,n↔n,k↔k,l↔l,a↔a,s↔∅, LC",LC,chanclas,ˈʧanklas,ʧankla,"ʧ↔ʧ,a↔a,n↔n,k↔k,l↔l,a↔a,s↔∅",1.0
2020-10-21,212,1,"IPA Target ↔ IPA Actual; Orthography (Group), IPA Target (Group), IPA Actual (Group), Alignment (Group), Notes (Group)","(5...6) ↔ (4...5); (0...8), (0...8), (0...6), (0...27), (0...2)",l,l,l:O↔l:O,"l ↔ l; chanclas, ˈʧanklas, ʧankla, ʧ↔ʧ,a↔a,n↔n,k↔k,l↔l,a↔a,s↔∅, LC",S401.S401_EFE-A_Pre_05_20_2024.csv,Queries_Target_v2,Consonants,Pre,Spanish,S401,S401,EFE-A,Pre,l ↔ l,"chanclas, ˈʧanklas, ʧankla, ʧ↔ʧ,a↔a,n↔n,k↔k,l↔l,a↔a,s↔∅, LC",LC,chanclas,ˈʧanklas,ʧankla,"ʧ↔ʧ,a↔a,n↔n,k↔k,l↔l,a↔a,s↔∅",1.0
2020-10-21,212,1,"IPA Target ↔ IPA Actual; Orthography (Group), IPA Target (Group), IPA Actual (Group), Alignment (Group), Notes (Group)","(7...8) ↔ (0...0); (0...8), (0...8), (0...6), (0...27), (0...2)",s,,s:C↔∅,"s ↔ ∅; chanclas, ˈʧanklas, ʧankla, ʧ↔ʧ,a↔a,n↔n,k↔k,l↔l,a↔a,s↔∅, LC",S401.S401_EFE-A_Pre_05_20_2024.csv,Queries_Target_v2,Consonants,Pre,Spanish,S401,S401,EFE-A,Pre,s ↔ ∅,"chanclas, ˈʧanklas, ʧankla, ʧ↔ʧ,a↔a,n↔n,k↔k,l↔l,a↔a,s↔∅, LC",LC,chanclas,ˈʧanklas,ʧankla,"ʧ↔ʧ,a↔a,n↔n,k↔k,l↔l,a↔a,s↔∅",0.0
2020-10-21,213,1,"IPA Target ↔ IPA Actual; Orthography (Group), IPA Target (Group), IPA Actual (Group), Alignment (Group), Notes (Group)","(1...2) ↔ (1...2); (0...3), (0...2), (0...2), (0...7), (0...2)",j,j,j:N↔j:N,"j ↔ j; hoy, oj, oj, o↔o,j↔j, LC",S401.S401_EFE-A_Pre_05_20_2024.csv,Queries_Target_v2,Consonants,Pre,Spanish,S401,S401,EFE-A,Pre,j ↔ j,"hoy, oj, oj, o↔o,j↔j, LC",LC,hoy,oj,oj,"o↔o,j↔j",1.0
2020-10-21,214,1,"IPA Target ↔ IPA Actual; Orthography (Group), IPA Target (Group), IPA Actual (Group), Alignment (Group), Notes (Group)","(0...1) ↔ (0...1); (0...6), (0...7), (0...6), (0...27), (0...2)",d,d,d:O↔d:O,"d ↔ d; dragón, dɾaˈɡon, dagɾon, d↔d,ɾ↔∅,a↔a,ɡ↔g,∅↔ɾ,o↔o,n↔n, LC",S401.S401_EFE-A_Pre_05_20_2024.csv,Queries_Target_v2,Consonants,Pre,Spanish,S401,S401,EFE-A,Pre,d ↔ d,"dragón, dɾaˈɡon, dagɾon, d↔d,ɾ↔∅,a↔a,ɡ↔g,∅↔ɾ,o↔o,n↔n, LC",LC,dragón,dɾaˈɡon,dagɾon,"d↔d,ɾ↔∅,a↔a,ɡ↔g,∅↔ɾ,o↔o,n↔n",1.0
2020-10-21,214,1,"IPA Target ↔ IPA Actual; Orthography (Group), IPA Target (Group), IPA Actual (Group), Alignment (Group), Notes (Group)","(1...2) ↔ (0...0); (0...6), (0...7), (0...6), (0...27), (0...2)",ɾ,,ɾ:O↔∅,"ɾ ↔ ∅; dragón, dɾaˈɡon, dagɾon, d↔d,ɾ↔∅,a↔a,ɡ↔g,∅↔ɾ,o↔o,n↔n, LC",S401.S401_EFE-A_Pre_05_20_2024.csv,Queries_Target_v2,Consonants,Pre,Spanish,S401,S401,EFE-A,Pre,ɾ ↔ ∅,"dragón, dɾaˈɡon, dagɾon, d↔d,ɾ↔∅,a↔a,ɡ↔g,∅↔ɾ,o↔o,n↔n, LC",LC,dragón,dɾaˈɡon,dagɾon,"d↔d,ɾ↔∅,a↔a,ɡ↔g,∅↔ɾ,o↔o,n↔n",0.0
2020-10-21,214,1,"IPA Target ↔ IPA Actual; Orthography (Group), IPA Target (Group), IPA Actual (Group), Alignment (Group), Notes (Group)","(4...5) ↔ (2...3); (0...6), (0...7), (0...6), (0...27), (0...2)",ɡ,ɡ,ɡ:O↔g:O,"ɡ ↔ g; dragón, dɾaˈɡon, dagɾon, d↔d,ɾ↔∅,a↔a,ɡ↔g,∅↔ɾ,o↔o,n↔n, LC",S401.S401_EFE-A_Pre_05_20_2024.csv,Queries_Target_v2,Consonants,Pre,Spanish,S401,S401,EFE-A,Pre,ɡ ↔ g,"dragón, dɾaˈɡon, dagɾon, d↔d,ɾ↔∅,a↔a,ɡ↔g,∅↔ɾ,o↔o,n↔n, LC",LC,dragón,dɾaˈɡon,dagɾon,"d↔d,ɾ↔∅,a↔a,ɡ↔g,∅↔ɾ,o↔o,n↔n",1.0
2020-10-21,214,1,"IPA Target ↔ IPA Actual; Orthography (Group), IPA Target (Group), IPA Actual (Group), Alignment (Group), Notes (Group)","(6...7) ↔ (5...6); (0...6), (0...7), (0...6), (0...27), (0...2)",n,n,n:C↔n:C,"n ↔ n; dragón, dɾaˈɡon, dagɾon, d↔d,ɾ↔∅,a↔a,ɡ↔g,∅↔ɾ,o↔o,n↔n, LC",S401.S401_EFE-A_Pre_05_20_2024.csv,Queries_Target_v2,Consonants,Pre,Spanish,S401,S401,EFE-A,Pre,n ↔ n,"dragón, dɾaˈɡon, dagɾon, d↔d,ɾ↔∅,a↔a,ɡ↔g,∅↔ɾ,o↔o,n↔n, LC",LC,dragón,dɾaˈɡon,dagɾon,"d↔d,ɾ↔∅,a↔a,ɡ↔g,∅↔ɾ,o↔o,n↔n",1.0
2020-10-21,215,1,"IPA Target ↔ IPA Actual; Orthography (Group), IPA Target (Group), IPA Actual (Group), Alignment (Group), Notes (Group)","(1...2) ↔ (0...1); (0...7), (0...8), (0...7), (0...27), (0...2)",t,t,t:O↔t:O,"t ↔ t; tuétano, ˈtwetano, twetano, t↔t,w↔w,e↔e,t↔t,a↔a,n↔n,o↔o, LC",S401.S401_EFE-A_Pre_05_20_2024.csv,Queries_Target_v2,Consonants,Pre,Spanish,S401,S401,EFE-A,Pre,t ↔ t,"tuétano, ˈtwetano, twetano, t↔t,w↔w,e↔e,t↔t,a↔a,n↔n,o↔o, LC",LC,tuétano,ˈtwetano,twetano,"t↔t,w↔w,e↔e,t↔t,a↔a,n↔n,o↔o",1.0
2020-10-21,215,1,"IPA Target ↔ IPA Actual; Orthography (Group), IPA Target (Group), IPA Actual (Group), Alignment (Group), Notes (Group)","(2...3) ↔ (1...2); (0...7), (0...8), (0...7), (0...27), (0...2)",w,w,w:O↔w:O,"w ↔ w; tuétano, ˈtwetano, twetano, t↔t,w↔w,e↔e,t↔t,a↔a,n↔n,o↔o, LC",S401.S401_EFE-A_Pre_05_20_2024.csv,Queries_Target_v2,Consonants,Pre,Spanish,S401,S401,EFE-A,Pre,w ↔ w,"tuétano, ˈtwetano, twetano, t↔t,w↔w,e↔e,t↔t,a↔a,n↔n,o↔o, LC",LC,tuétano,ˈtwetano,twetano,"t↔t,w↔w,e↔e,t↔t,a↔a,n↔n,o↔o",1.0
2020-10-21,215,1,"IPA Target ↔ IPA Actual; Orthography (Group), IPA Target (Group), IPA Actual (Group), Alignment (Group), Notes (Group)","(4...5) ↔ (3...4); (0...7), (0...8), (0...7), (0...27), (0...2)",t,t,t:O↔t:O,"t ↔ t; tuétano, ˈtwetano, twetano, t↔t,w↔w,e↔e,t↔t,a↔a,n↔n,o↔o, LC",S401.S401_EFE-A_Pre_05_20_2024.csv,Queries_Target_v2,Consonants,Pre,Spanish,S401,S401,EFE-A,Pre,t ↔ t,"tuétano, ˈtwetano, twetano, t↔t,w↔w,e↔e,t↔t,a↔a,n↔n,o↔o, LC",LC,tuétano,ˈtwetano,twetano,"t↔t,w↔w,e↔e,t↔t,a↔a,n↔n,o↔o",1.0
2020-10-21,215,1,"IPA Target ↔ IPA Actual; Orthography (Group), IPA Target (Group), IPA Actual (Group), Alignment (Group), Notes (Group)","(6...7) ↔ (5...6); (0...7), (0...8), (0...7), (0...27), (0...2)",n,n,n:O↔n:O,"n ↔ n; tuétano, ˈtwetano, twetano, t↔t,w↔w,e↔e,t↔t,a↔a,n↔n,o↔o, LC",S401.S401_EFE-A_Pre_05_20_2024.csv,Queries_Target_v2,Consonants,Pre,Spanish,S401,S401,EFE-A,Pre,n ↔ n,"tuétano, ˈtwetano, twetano, t↔t,w↔w,e↔e,t↔t,a↔a,n↔n,o↔o, LC",LC,tuétano,ˈtwetano,twetano,"t↔t,w↔w,e↔e,t↔t,a↔a,n↔n,o↔o",1.0
2020-10-21,216,1,"IPA Target ↔ IPA Actual; Orthography (Group), IPA Target (Group), IPA Actual (Group), Alignment (Group), Notes (Group)","(0...1) ↔ (0...1); (0...6), (0...7), (0...5), (0...23), (0...2)",x,f,x:O↔f:O,"x ↔ f; jirafa, xiˈɾafa, fiafa, x↔f,i↔i,ɾ↔∅,a↔a,f↔f,a↔a, LC",S401.S401_EFE-A_Pre_05_20_2024.csv,Queries_Target_v2,Consonants,Pre,Spanish,S401,S401,EFE-A,Pre,x ↔ f,"jirafa, xiˈɾafa, fiafa, x↔f,i↔i,ɾ↔∅,a↔a,f↔f,a↔a, LC",LC,jirafa,xiˈɾafa,fiafa,"x↔f,i↔i,ɾ↔∅,a↔a,f↔f,a↔a",0.7058823529411765
2020-10-21,216,1,"IPA Target ↔ IPA Actual; Orthography (Group), IPA Target (Group), IPA Actual (Group), Alignment (Group), Notes (Group)","(3...4) ↔ (0...0); (0...6), (0...7), (0...5), (0...23), (0...2)",ɾ,,ɾ:O↔∅,"ɾ ↔ ∅; jirafa, xiˈɾafa, fiafa, x↔f,i↔i,ɾ↔∅,a↔a,f↔f,a↔a, LC",S401.S401_EFE-A_Pre_05_20_2024.csv,Queries_Target_v2,Consonants,Pre,Spanish,S401,S401,EFE-A,Pre,ɾ ↔ ∅,"jirafa, xiˈɾafa, fiafa, x↔f,i↔i,ɾ↔∅,a↔a,f↔f,a↔a, LC",LC,jirafa,xiˈɾafa,fiafa,"x↔f,i↔i,ɾ↔∅,a↔a,f↔f,a↔a",0.0
2020-10-21,216,1,"IPA Target ↔ IPA Actual; Orthography (Group), IPA Target (Group), IPA Actual (Group), Alignment (Group), Notes (Group)","(5...6) ↔ (3...4); (0...6), (0...7), (0...5), (0...23), (0...2)",f,f,f:O↔f:O,"f ↔ f; jirafa, xiˈɾafa, fiafa, x↔f,i↔i,ɾ↔∅,a↔a,f↔f,a↔a, LC",S401.S401_EFE-A_Pre_05_20_2024.csv,Queries_Target_v2,Consonants,Pre,Spanish,S401,S401,EFE-A,Pre,f ↔ f,"jirafa, xiˈɾafa, fiafa, x↔f,i↔i,ɾ↔∅,a↔a,f↔f,a↔a, LC",LC,jirafa,xiˈɾafa,fiafa,"x↔f,i↔i,ɾ↔∅,a↔a,f↔f,a↔a",1.0
2020-10-21,217,1,"IPA Target ↔ IPA Actual; Orthography (Group), IPA Target (Group), IPA Actual (Group), Alignment (Group), Notes (Group)","(0...1) ↔ (0...1); (0...7), (0...8), (0...7), (0...27), (0...2)",p,p,p:O↔p:O,"p ↔ p; portero, poɾˈteɾo, poɾdedo, p↔p,o↔o,ɾ↔ɾ,t↔d,e↔e,ɾ↔d,o↔o, LC",S401.S401_EFE-A_Pre_05_20_2024.csv,Queries_Target_v2,Consonants,Pre,Spanish,S401,S401,EFE-A,Pre,p ↔ p,"portero, poɾˈteɾo, poɾdedo, p↔p,o↔o,ɾ↔ɾ,t↔d,e↔e,ɾ↔d,o↔o, LC",LC,portero,poɾˈteɾo,poɾdedo,"p↔p,o↔o,ɾ↔ɾ,t↔d,e↔e,ɾ↔d,o↔o",1.0
2020-10-21,217,1,"IPA Target ↔ IPA Actual; Orthography (Group), IPA Target (Group), IPA Actual (Group), Alignment (Group), Notes (Group)","(2...3) ↔ (2...3); (0...7), (0...8), (0...7), (0...27), (0...2)",ɾ,ɾ,ɾ:C↔ɾ:C,"ɾ ↔ ɾ; portero, poɾˈteɾo, poɾdedo, p↔p,o↔o,ɾ↔ɾ,t↔d,e↔e,ɾ↔d,o↔o, LC",S401.S401_EFE-A_Pre_05_20_2024.csv,Queries_Target_v2,Consonants,Pre,Spanish,S401,S401,EFE-A,Pre,ɾ ↔ ɾ,"portero, poɾˈteɾo, poɾdedo, p↔p,o↔o,ɾ↔ɾ,t↔d,e↔e,ɾ↔d,o↔o, LC",LC,portero,poɾˈteɾo,poɾdedo,"p↔p,o↔o,ɾ↔ɾ,t↔d,e↔e,ɾ↔d,o↔o",1.0
2020-10-21,217,1,"IPA Target ↔ IPA Actual; Orthography (Group), IPA Target (Group), IPA Actual (Group), Alignment (Group), Notes (Group)","(4...5) ↔ (3...4); (0...7), (0...8), (0...7), (0...27), (0...2)",t,d,t:O↔d:O,"t ↔ d; portero, poɾˈteɾo, poɾdedo, p↔p,o↔o,ɾ↔ɾ,t↔d,e↔e,ɾ↔d,o↔o, LC",S401.S401_EFE-A_Pre_05_20_2024.csv,Queries_Target_v2,Consonants,Pre,Spanish,S401,S401,EFE-A,Pre,t ↔ d,"portero, poɾˈteɾo, poɾdedo, p↔p,o↔o,ɾ↔ɾ,t↔d,e↔e,ɾ↔d,o↔o, LC",LC,portero,poɾˈteɾo,poɾdedo,"p↔p,o↔o,ɾ↔ɾ,t↔d,e↔e,ɾ↔d,o↔o",0.6470588235294118
2020-10-21,217,1,"IPA Target ↔ IPA Actual; Orthography (Group), IPA Target (Group), IPA Actual (Group), Alignment (Group), Notes (Group)","(6...7) ↔ (5...6); (0...7), (0...8), (0...7), (0...27), (0...2)",ɾ,d,ɾ:O↔d:O,"ɾ ↔ d; portero, poɾˈteɾo, poɾdedo, p↔p,o↔o,ɾ↔ɾ,t↔d,e↔e,ɾ↔d,o↔o, LC",S401.S401_EFE-A_Pre_05_20_2024.csv,Queries_Target_v2,Consonants,Pre,Spanish,S401,S401,EFE-A,Pre,ɾ ↔ d,"portero, poɾˈteɾo, poɾdedo, p↔p,o↔o,ɾ↔ɾ,t↔d,e↔e,ɾ↔d,o↔o, LC",LC,portero,poɾˈteɾo,poɾdedo,"p↔p,o↔o,ɾ↔ɾ,t↔d,e↔e,ɾ↔d,o↔o",0.5882352941176471
2020-10-21,218,1,"IPA Target ↔ IPA Actual; Orthography (Group), IPA Target (Group), IPA Actual (Group), Alignment (Group), Notes (Group)","(0...1) ↔ (0...1); (0...6), (0...7), (0...6), (0...23), (0...2)",b,b,b:O↔b:O,"b ↔ b; volcán, bolˈkan, bolkan, b↔b,o↔o,l↔l,k↔k,a↔a,n↔n, LC",S401.S401_EFE-A_Pre_05_20_2024.csv,Queries_Target_v2,Consonants,Pre,Spanish,S401,S401,EFE-A,Pre,b ↔ b,"volcán, bolˈkan, bolkan, b↔b,o↔o,l↔l,k↔k,a↔a,n↔n, LC",LC,volcán,bolˈkan,bolkan,"b↔b,o↔o,l↔l,k↔k,a↔a,n↔n",1.0
2020-10-21,218,1,"IPA Target ↔ IPA Actual; Orthography (Group), IPA Target (Group), IPA Actual (Group), Alignment (Group), Notes (Group)","(2...3) ↔ (2...3); (0...6), (0...7), (0...6), (0...23), (0...2)",l,l,l:C↔l:C,"l ↔ l; volcán, bolˈkan, bolkan, b↔b,o↔o,l↔l,k↔k,a↔a,n↔n, LC",S401.S401_EFE-A_Pre_05_20_2024.csv,Queries_Target_v2,Consonants,Pre,Spanish,S401,S401,EFE-A,Pre,l ↔ l,"volcán, bolˈkan, bolkan, b↔b,o↔o,l↔l,k↔k,a↔a,n↔n, LC",LC,volcán,bolˈkan,bolkan,"b↔b,o↔o,l↔l,k↔k,a↔a,n↔n",1.0
2020-10-21,218,1,"IPA Target ↔ IPA Actual; Orthography (Group), IPA Target (Group), IPA Actual (Group), Alignment (Group), Notes (Group)","(4...5) ↔ (3...4); (0...6), (0...7), (0...6), (0...23), (0...2)",k,k,k:O↔k:O,"k ↔ k; volcán, bolˈkan, bolkan, b↔b,o↔o,l↔l,k↔k,a↔a,n↔n, LC",S401.S401_EFE-A_Pre_05_20_2024.csv,Queries_Target_v2,Consonants,Pre,Spanish,S401,S401,EFE-A,Pre,k ↔ k,"volcán, bolˈkan, bolkan, b↔b,o↔o,l↔l,k↔k,a↔a,n↔n, LC",LC,volcán,bolˈkan,bolkan,"b↔b,o↔o,l↔l,k↔k,a↔a,n↔n",1.0
2020-10-21,218,1,"IPA Target ↔ IPA Actual; Orthography (Group), IPA Target (Group), IPA Actual (Group), Alignment (Group), Notes (Group)","(6...7) ↔ (5...6); (0...6), (0...7), (0...6), (0...23), (0...2)",n,n,n:C↔n:C,"n ↔ n; volcán, bolˈkan, bolkan, b↔b,o↔o,l↔l,k↔k,a↔a,n↔n, LC",S401.S401_EFE-A_Pre_05_20_2024.csv,Queries_Target_v2,Consonants,Pre,Spanish,S401,S401,EFE-A,Pre,n ↔ n,"volcán, bolˈkan, bolkan, b↔b,o↔o,l↔l,k↔k,a↔a,n↔n, LC",LC,volcán,bolˈkan,bolkan,"b↔b,o↔o,l↔l,k↔k,a↔a,n↔n",1.0
2020-10-21,219,1,"IPA Target ↔ IPA Actual; Orthography (Group), IPA Target (Group), IPA Actual (Group), Alignment (Group), Notes (Group)","(1...2) ↔ (1...2); (0...6), (0...7), (0...8), (0...31), (0...2)",s,s,s:C↔s:C,"s ↔ s; espuma, esˈpuma, espunama, e↔e,s↔s,p↔p,u↔u,∅↔n,∅↔a,m↔m,a↔a, LC",S401.S401_EFE-A_Pre_05_20_2024.csv,Queries_Target_v2,Consonants,Pre,Spanish,S401,S401,EFE-A,Pre,s ↔ s,"espuma, esˈpuma, espunama, e↔e,s↔s,p↔p,u↔u,∅↔n,∅↔a,m↔m,a↔a, LC",LC,espuma,esˈpuma,espunama,"e↔e,s↔s,p↔p,u↔u,∅↔n,∅↔a,m↔m,a↔a",1.0
2020-10-21,219,1,"IPA Target ↔ IPA Actual; Orthography (Group), IPA Target (Group), IPA Actual (Group), Alignment (Group), Notes (Group)","(3...4) ↔ (2...3); (0...6), (0...7), (0...8), (0...31), (0...2)",p,p,p:O↔p:O,"p ↔ p; espuma, esˈpuma, espunama, e↔e,s↔s,p↔p,u↔u,∅↔n,∅↔a,m↔m,a↔a, LC",S401.S401_EFE-A_Pre_05_20_2024.csv,Queries_Target_v2,Consonants,Pre,Spanish,S401,S401,EFE-A,Pre,p ↔ p,"espuma, esˈpuma, espunama, e↔e,s↔s,p↔p,u↔u,∅↔n,∅↔a,m↔m,a↔a, LC",LC,espuma,esˈpuma,espunama,"e↔e,s↔s,p↔p,u↔u,∅↔n,∅↔a,m↔m,a↔a",1.0
2020-10-21,219,1,"IPA Target ↔ IPA Actual; Orthography (Group), IPA Target (Group), IPA Actual (Group), Alignment (Group), Notes (Group)","(5...6) ↔ (6...7); (0...6), (0...7), (0...8), (0...31), (0...2)",m,m,m:O↔m:O,"m ↔ m; espuma, esˈpuma, espunama, e↔e,s↔s,p↔p,u↔u,∅↔n,∅↔a,m↔m,a↔a, LC",S401.S401_EFE-A_Pre_05_20_2024.csv,Queries_Target_v2,Consonants,Pre,Spanish,S401,S401,EFE-A,Pre,m ↔ m,"espuma, esˈpuma, espunama, e↔e,s↔s,p↔p,u↔u,∅↔n,∅↔a,m↔m,a↔a, LC",LC,espuma,esˈpuma,espunama,"e↔e,s↔s,p↔p,u↔u,∅↔n,∅↔a,m↔m,a↔a",1.0
2020-10-21,220,1,"IPA Target ↔ IPA Actual; Orthography (Group), IPA Target (Group), IPA Actual (Group), Alignment (Group), Notes (Group)","(1...2) ↔ (0...1); (0...6), (0...7), (0...5), (0...23), (0...2)",f,f,f:O↔f:O,"f ↔ f; frente, ˈfɾente, fente, f↔f,ɾ↔∅,e↔e,n↔n,t↔t,e↔e, LC",S401.S401_EFE-A_Pre_05_20_2024.csv,Queries_Target_v2,Consonants,Pre,Spanish,S401,S401,EFE-A,Pre,f ↔ f,"frente, ˈfɾente, fente, f↔f,ɾ↔∅,e↔e,n↔n,t↔t,e↔e, LC",LC,frente,ˈfɾente,fente,"f↔f,ɾ↔∅,e↔e,n↔n,t↔t,e↔e",1.0
2020-10-21,220,1,"IPA Target ↔ IPA Actual; Orthography (Group), IPA Target (Group), IPA Actual (Group), Alignment (Group), Notes (Group)","(2...3) ↔ (0...0); (0...6), (0...7), (0...5), (0...23), (0...2)",ɾ,,ɾ:O↔∅,"ɾ ↔ ∅; frente, ˈfɾente, fente, f↔f,ɾ↔∅,e↔e,n↔n,t↔t,e↔e, LC",S401.S401_EFE-A_Pre_05_20_2024.csv,Queries_Target_v2,Consonants,Pre,Spanish,S401,S401,EFE-A,Pre,ɾ ↔ ∅,"frente, ˈfɾente, fente, f↔f,ɾ↔∅,e↔e,n↔n,t↔t,e↔e, LC",LC,frente,ˈfɾente,fente,"f↔f,ɾ↔∅,e↔e,n↔n,t↔t,e↔e",0.0
2020-10-21,220,1,"IPA Target ↔ IPA Actual; Orthography (Group), IPA Target (Group), IPA Actual (Group), Alignment (Group), Notes (Group)","(4...5) ↔ (2...3); (0...6), (0...7), (0...5), (0...23), (0...2)",n,n,n:C↔n:C,"n ↔ n; frente, ˈfɾente, fente, f↔f,ɾ↔∅,e↔e,n↔n,t↔t,e↔e, LC",S401.S401_EFE-A_Pre_05_20_2024.csv,Queries_Target_v2,Consonants,Pre,Spanish,S401,S401,EFE-A,Pre,n ↔ n,"frente, ˈfɾente, fente, f↔f,ɾ↔∅,e↔e,n↔n,t↔t,e↔e, LC",LC,frente,ˈfɾente,fente,"f↔f,ɾ↔∅,e↔e,n↔n,t↔t,e↔e",1.0
2020-10-21,220,1,"IPA Target ↔ IPA Actual; Orthography (Group), IPA Target (Group), IPA Actual (Group), Alignment (Group), Notes (Group)","(5...6) ↔ (3...4); (0...6), (0...7), (0...5), (0...23), (0...2)",t,t,t:O↔t:O,"t ↔ t; frente, ˈfɾente, fente, f↔f,ɾ↔∅,e↔e,n↔n,t↔t,e↔e, LC",S401.S401_EFE-A_Pre_05_20_2024.csv,Queries_Target_v2,Consonants,Pre,Spanish,S401,S401,EFE-A,Pre,t ↔ t,"frente, ˈfɾente, fente, f↔f,ɾ↔∅,e↔e,n↔n,t↔t,e↔e, LC",LC,frente,ˈfɾente,fente,"f↔f,ɾ↔∅,e↔e,n↔n,t↔t,e↔e",1.0
2020-10-21,221,1,"IPA Target ↔ IPA Actual; Orthography (Group), IPA Target (Group), IPA Actual (Group), Alignment (Group), Notes (Group)","(1...2) ↔ (0...1); (0...6), (0...7), (0...5), (0...23), (0...2)",f,f,f:O↔f:O,"f ↔ f; fútbol, ˈfutbol, fuboɹ, f↔f,u↔u,t↔∅,b↔b,o↔o,l↔ɹ, LC",S401.S401_EFE-A_Pre_05_20_2024.csv,Queries_Target_v2,Consonants,Pre,Spanish,S401,S401,EFE-A,Pre,f ↔ f,"fútbol, ˈfutbol, fuboɹ, f↔f,u↔u,t↔∅,b↔b,o↔o,l↔ɹ, LC",LC,fútbol,ˈfutbol,fuboɹ,"f↔f,u↔u,t↔∅,b↔b,o↔o,l↔ɹ",1.0
2020-10-21,221,1,"IPA Target ↔ IPA Actual; Orthography (Group), IPA Target (Group), IPA Actual (Group), Alignment (Group), Notes (Group)","(3...4) ↔ (0...0); (0...6), (0...7), (0...5), (0...23), (0...2)",t,,t:C↔∅,"t ↔ ∅; fútbol, ˈfutbol, fuboɹ, f↔f,u↔u,t↔∅,b↔b,o↔o,l↔ɹ, LC",S401.S401_EFE-A_Pre_05_20_2024.csv,Queries_Target_v2,Consonants,Pre,Spanish,S401,S401,EFE-A,Pre,t ↔ ∅,"fútbol, ˈfutbol, fuboɹ, f↔f,u↔u,t↔∅,b↔b,o↔o,l↔ɹ, LC",LC,fútbol,ˈfutbol,fuboɹ,"f↔f,u↔u,t↔∅,b↔b,o↔o,l↔ɹ",0.0
2020-10-21,221,1,"IPA Target ↔ IPA Actual; Orthography (Group), IPA Target (Group), IPA Actual (Group), Alignment (Group), Notes (Group)","(4...5) ↔ (2...3); (0...6), (0...7), (0...5), (0...23), (0...2)",b,b,b:O↔b:O,"b ↔ b; fútbol, ˈfutbol, fuboɹ, f↔f,u↔u,t↔∅,b↔b,o↔o,l↔ɹ, LC",S401.S401_EFE-A_Pre_05_20_2024.csv,Queries_Target_v2,Consonants,Pre,Spanish,S401,S401,EFE-A,Pre,b ↔ b,"fútbol, ˈfutbol, fuboɹ, f↔f,u↔u,t↔∅,b↔b,o↔o,l↔ɹ, LC",LC,fútbol,ˈfutbol,fuboɹ,"f↔f,u↔u,t↔∅,b↔b,o↔o,l↔ɹ",1.0
2020-10-21,221,1,"IPA Target ↔ IPA Actual; Orthography (Group), IPA Target (Group), IPA Actual (Group), Alignment (Group), Notes (Group)","(6...7) ↔ (4...5); (0...6), (0...7), (0...5), (0...23), (0...2)",l,ɹ,l:C↔ɹ:C,"l ↔ ɹ; fútbol, ˈfutbol, fuboɹ, f↔f,u↔u,t↔∅,b↔b,o↔o,l↔ɹ, LC",S401.S401_EFE-A_Pre_05_20_2024.csv,Queries_Target_v2,Consonants,Pre,Spanish,S401,S401,EFE-A,Pre,l ↔ ɹ,"fútbol, ˈfutbol, fuboɹ, f↔f,u↔u,t↔∅,b↔b,o↔o,l↔ɹ, LC",LC,fútbol,ˈfutbol,fuboɹ,"f↔f,u↔u,t↔∅,b↔b,o↔o,l↔ɹ",0.5
2020-10-21,222,1,"IPA Target ↔ IPA Actual; Orthography (Group), IPA Target (Group), IPA Actual (Group), Alignment (Group), Notes (Group)","(2...3) ↔ (1...2); (0...5), (0...6), (0...5), (0...19), (0...2)",ɾ,z,ɾ:O↔z:O,"ɾ ↔ z; araña, aˈɾaɲa, azaɲa, a↔a,ɾ↔z,a↔a,ɲ↔ɲ,a↔a, LC",S401.S401_EFE-A_Pre_05_20_2024.csv,Queries_Target_v2,Consonants,Pre,Spanish,S401,S401,EFE-A,Pre,ɾ ↔ z,"araña, aˈɾaɲa, azaɲa, a↔a,ɾ↔z,a↔a,ɲ↔ɲ,a↔a, LC",LC,araña,aˈɾaɲa,azaɲa,"a↔a,ɾ↔z,a↔a,ɲ↔ɲ,a↔a",0.4117647058823529
2020-10-21,222,1,"IPA Target ↔ IPA Actual; Orthography (Group), IPA Target (Group), IPA Actual (Group), Alignment (Group), Notes (Group)","(4...5) ↔ (3...4); (0...5), (0...6), (0...5), (0...19), (0...2)",ɲ,ɲ,ɲ:O↔ɲ:O,"ɲ ↔ ɲ; araña, aˈɾaɲa, azaɲa, a↔a,ɾ↔z,a↔a,ɲ↔ɲ,a↔a, LC",S401.S401_EFE-A_Pre_05_20_2024.csv,Queries_Target_v2,Consonants,Pre,Spanish,S401,S401,EFE-A,Pre,ɲ ↔ ɲ,"araña, aˈɾaɲa, azaɲa, a↔a,ɾ↔z,a↔a,ɲ↔ɲ,a↔a, LC",LC,araña,aˈɾaɲa,azaɲa,"a↔a,ɾ↔z,a↔a,ɲ↔ɲ,a↔a",1.0
2020-10-21,223,1,"IPA Target ↔ IPA Actual; Orthography (Group), IPA Target (Group), IPA Actual (Group), Alignment (Group), Notes (Group)","(1...2) ↔ (0...1); (0...5), (0...6), (0...4), (0...19), (0...2)",m,m,m:O↔m:O,"m ↔ m; mueca, ˈmweka, meka, m↔m,w↔∅,e↔e,k↔k,a↔a, LC",S401.S401_EFE-A_Pre_05_20_2024.csv,Queries_Target_v2,Consonants,Pre,Spanish,S401,S401,EFE-A,Pre,m ↔ m,"mueca, ˈmweka, meka, m↔m,w↔∅,e↔e,k↔k,a↔a, LC",LC,mueca,ˈmweka,meka,"m↔m,w↔∅,e↔e,k↔k,a↔a",1.0
2020-10-21,223,1,"IPA Target ↔ IPA Actual; Orthography (Group), IPA Target (Group), IPA Actual (Group), Alignment (Group), Notes (Group)","(2...3) ↔ (0...0); (0...5), (0...6), (0...4), (0...19), (0...2)",w,,w:O↔∅,"w ↔ ∅; mueca, ˈmweka, meka, m↔m,w↔∅,e↔e,k↔k,a↔a, LC",S401.S401_EFE-A_Pre_05_20_2024.csv,Queries_Target_v2,Consonants,Pre,Spanish,S401,S401,EFE-A,Pre,w ↔ ∅,"mueca, ˈmweka, meka, m↔m,w↔∅,e↔e,k↔k,a↔a, LC",LC,mueca,ˈmweka,meka,"m↔m,w↔∅,e↔e,k↔k,a↔a",0.0
2020-10-21,223,1,"IPA Target ↔ IPA Actual; Orthography (Group), IPA Target (Group), IPA Actual (Group), Alignment (Group), Notes (Group)","(4...5) ↔ (2...3); (0...5), (0...6), (0...4), (0...19), (0...2)",k,k,k:O↔k:O,"k ↔ k; mueca, ˈmweka, meka, m↔m,w↔∅,e↔e,k↔k,a↔a, LC",S401.S401_EFE-A_Pre_05_20_2024.csv,Queries_Target_v2,Consonants,Pre,Spanish,S401,S401,EFE-A,Pre,k ↔ k,"mueca, ˈmweka, meka, m↔m,w↔∅,e↔e,k↔k,a↔a, LC",LC,mueca,ˈmweka,meka,"m↔m,w↔∅,e↔e,k↔k,a↔a",1.0
2020-10-21,224,1,"IPA Target ↔ IPA Actual; Orthography (Group), IPA Target (Group), IPA Actual (Group), Alignment (Group), Notes (Group)","(1...2) ↔ (0...1); (0...6), (0...7), (0...4), (0...23), (0...2)",f,f,f:O↔f:O,"f ↔ f; fiebre, ˈfjebɾe, feʝa, f↔f,j↔∅,e↔e,b↔∅,ɾ↔ʝ,e↔a, LC",S401.S401_EFE-A_Pre_05_20_2024.csv,Queries_Target_v2,Consonants,Pre,Spanish,S401,S401,EFE-A,Pre,f ↔ f,"fiebre, ˈfjebɾe, feʝa, f↔f,j↔∅,e↔e,b↔∅,ɾ↔ʝ,e↔a, LC",LC,fiebre,ˈfjebɾe,feʝa,"f↔f,j↔∅,e↔e,b↔∅,ɾ↔ʝ,e↔a",1.0
2020-10-21,224,1,"IPA Target ↔ IPA Actual; Orthography (Group), IPA Target (Group), IPA Actual (Group), Alignment (Group), Notes (Group)","(2...3) ↔ (0...0); (0...6), (0...7), (0...4), (0...23), (0...2)",j,,j:O↔∅,"j ↔ ∅; fiebre, ˈfjebɾe, feʝa, f↔f,j↔∅,e↔e,b↔∅,ɾ↔ʝ,e↔a, LC",S401.S401_EFE-A_Pre_05_20_2024.csv,Queries_Target_v2,Consonants,Pre,Spanish,S401,S401,EFE-A,Pre,j ↔ ∅,"fiebre, ˈfjebɾe, feʝa, f↔f,j↔∅,e↔e,b↔∅,ɾ↔ʝ,e↔a, LC",LC,fiebre,ˈfjebɾe,feʝa,"f↔f,j↔∅,e↔e,b↔∅,ɾ↔ʝ,e↔a",0.0
2020-10-21,224,1,"IPA Target ↔ IPA Actual; Orthography (Group), IPA Target (Group), IPA Actual (Group), Alignment (Group), Notes (Group)","(4...5) ↔ (0...0); (0...6), (0...7), (0...4), (0...23), (0...2)",b,,b:O↔∅,"b ↔ ∅; fiebre, ˈfjebɾe, feʝa, f↔f,j↔∅,e↔e,b↔∅,ɾ↔ʝ,e↔a, LC",S401.S401_EFE-A_Pre_05_20_2024.csv,Queries_Target_v2,Consonants,Pre,Spanish,S401,S401,EFE-A,Pre,b ↔ ∅,"fiebre, ˈfjebɾe, feʝa, f↔f,j↔∅,e↔e,b↔∅,ɾ↔ʝ,e↔a, LC",LC,fiebre,ˈfjebɾe,feʝa,"f↔f,j↔∅,e↔e,b↔∅,ɾ↔ʝ,e↔a",0.0
2020-10-21,224,1,"IPA Target ↔ IPA Actual; Orthography (Group), IPA Target (Group), IPA Actual (Group), Alignment (Group), Notes (Group)","(5...6) ↔ (2...3); (0...6), (0...7), (0...4), (0...23), (0...2)",ɾ,ʝ,ɾ:O↔ʝ:O,"ɾ ↔ ʝ; fiebre, ˈfjebɾe, feʝa, f↔f,j↔∅,e↔e,b↔∅,ɾ↔ʝ,e↔a, LC",S401.S401_EFE-A_Pre_05_20_2024.csv,Queries_Target_v2,Consonants,Pre,Spanish,S401,S401,EFE-A,Pre,ɾ ↔ ʝ,"fiebre, ˈfjebɾe, feʝa, f↔f,j↔∅,e↔e,b↔∅,ɾ↔ʝ,e↔a, LC",LC,fiebre,ˈfjebɾe,feʝa,"f↔f,j↔∅,e↔e,b↔∅,ɾ↔ʝ,e↔a",0.4117647058823529
2020-10-21,225,1,"IPA Target ↔ IPA Actual; Orthography (Group), IPA Target (Group), IPA Actual (Group), Alignment (Group), Notes (Group)","(1...2) ↔ (0...1); (0...6), (0...6), (0...4), (0...19), (0...2)",ʧ,ʃ,ʧ:O↔ʃ:O,"ʧ ↔ ʃ; chicle, ˈʧikle, ʃike, ʧ↔ʃ,i↔i,k↔k,l↔∅,e↔e, LC",S401.S401_EFE-A_Pre_05_20_2024.csv,Queries_Target_v2,Consonants,Pre,Spanish,S401,S401,EFE-A,Pre,ʧ ↔ ʃ,"chicle, ˈʧikle, ʃike, ʧ↔ʃ,i↔i,k↔k,l↔∅,e↔e, LC",LC,chicle,ˈʧikle,ʃike,"ʧ↔ʃ,i↔i,k↔k,l↔∅,e↔e",0.5294117647058824
2020-10-21,225,1,"IPA Target ↔ IPA Actual; Orthography (Group), IPA Target (Group), IPA Actual (Group), Alignment (Group), Notes (Group)","(3...4) ↔ (2...3); (0...6), (0...6), (0...4), (0...19), (0...2)",k,k,k:O↔k:O,"k ↔ k; chicle, ˈʧikle, ʃike, ʧ↔ʃ,i↔i,k↔k,l↔∅,e↔e, LC",S401.S401_EFE-A_Pre_05_20_2024.csv,Queries_Target_v2,Consonants,Pre,Spanish,S401,S401,EFE-A,Pre,k ↔ k,"chicle, ˈʧikle, ʃike, ʧ↔ʃ,i↔i,k↔k,l↔∅,e↔e, LC",LC,chicle,ˈʧikle,ʃike,"ʧ↔ʃ,i↔i,k↔k,l↔∅,e↔e",1.0
2020-10-21,225,1,"IPA Target ↔ IPA Actual; Orthography (Group), IPA Target (Group), IPA Actual (Group), Alignment (Group), Notes (Group)","(4...5) ↔ (0...0); (0...6), (0...6), (0...4), (0...19), (0...2)",l,,l:O↔∅,"l ↔ ∅; chicle, ˈʧikle, ʃike, ʧ↔ʃ,i↔i,k↔k,l↔∅,e↔e, LC",S401.S401_EFE-A_Pre_05_20_2024.csv,Queries_Target_v2,Consonants,Pre,Spanish,S401,S401,EFE-A,Pre,l ↔ ∅,"chicle, ˈʧikle, ʃike, ʧ↔ʃ,i↔i,k↔k,l↔∅,e↔e, LC",LC,chicle,ˈʧikle,ʃike,"ʧ↔ʃ,i↔i,k↔k,l↔∅,e↔e",0.0
2020-10-21,226,1,"IPA Target ↔ IPA Actual; Orthography (Group), IPA Target (Group), IPA Actual (Group), Alignment (Group), Notes (Group)","(1...2) ↔ (0...1); (0...5), (0...5), (0...4), (0...15), (0...2)",ɡ,ɡ,ɡ:O↔g:O,"ɡ ↔ g; gallo, ˈɡaʝo, gaʝo, ɡ↔g,a↔a,ʝ↔ʝ,o↔o, LC",S401.S401_EFE-A_Pre_05_20_2024.csv,Queries_Target_v2,Consonants,Pre,Spanish,S401,S401,EFE-A,Pre,ɡ ↔ g,"gallo, ˈɡaʝo, gaʝo, ɡ↔g,a↔a,ʝ↔ʝ,o↔o, LC",LC,gallo,ˈɡaʝo,gaʝo,"ɡ↔g,a↔a,ʝ↔ʝ,o↔o",1.0
2020-10-21,226,1,"IPA Target ↔ IPA Actual; Orthography (Group), IPA Target (Group), IPA Actual (Group), Alignment (Group), Notes (Group)","(3...4) ↔ (2...3); (0...5), (0...5), (0...4), (0...15), (0...2)",ʝ,ʝ,ʝ:O↔ʝ:O,"ʝ ↔ ʝ; gallo, ˈɡaʝo, gaʝo, ɡ↔g,a↔a,ʝ↔ʝ,o↔o, LC",S401.S401_EFE-A_Pre_05_20_2024.csv,Queries_Target_v2,Consonants,Pre,Spanish,S401,S401,EFE-A,Pre,ʝ ↔ ʝ,"gallo, ˈɡaʝo, gaʝo, ɡ↔g,a↔a,ʝ↔ʝ,o↔o, LC",LC,gallo,ˈɡaʝo,gaʝo,"ɡ↔g,a↔a,ʝ↔ʝ,o↔o",1.0
2020-10-21,227,1,"IPA Target ↔ IPA Actual; Orthography (Group), IPA Target (Group), IPA Actual (Group), Alignment (Group), Notes (Group)","(1...2) ↔ (0...1); (0...5), (0...6), (0...5), (0...19), (0...2)",b,b,b:O↔b:O,"b ↔ b; verde, ˈbeɾde, beɾde, b↔b,e↔e,ɾ↔ɾ,d↔d,e↔e, LC",S401.S401_EFE-A_Pre_05_20_2024.csv,Queries_Target_v2,Consonants,Pre,Spanish,S401,S401,EFE-A,Pre,b ↔ b,"verde, ˈbeɾde, beɾde, b↔b,e↔e,ɾ↔ɾ,d↔d,e↔e, LC",LC,verde,ˈbeɾde,beɾde,"b↔b,e↔e,ɾ↔ɾ,d↔d,e↔e",1.0
2020-10-21,227,1,"IPA Target ↔ IPA Actual; Orthography (Group), IPA Target (Group), IPA Actual (Group), Alignment (Group), Notes (Group)","(3...4) ↔ (2...3); (0...5), (0...6), (0...5), (0...19), (0...2)",ɾ,ɾ,ɾ:C↔ɾ:C,"ɾ ↔ ɾ; verde, ˈbeɾde, beɾde, b↔b,e↔e,ɾ↔ɾ,d↔d,e↔e, LC",S401.S401_EFE-A_Pre_05_20_2024.csv,Queries_Target_v2,Consonants,Pre,Spanish,S401,S401,EFE-A,Pre,ɾ ↔ ɾ,"verde, ˈbeɾde, beɾde, b↔b,e↔e,ɾ↔ɾ,d↔d,e↔e, LC",LC,verde,ˈbeɾde,beɾde,"b↔b,e↔e,ɾ↔ɾ,d↔d,e↔e",1.0
2020-10-21,227,1,"IPA Target ↔ IPA Actual; Orthography (Group), IPA Target (Group), IPA Actual (Group), Alignment (Group), Notes (Group)","(4...5) ↔ (3...4); (0...5), (0...6), (0...5), (0...19), (0...2)",d,d,d:O↔d:O,"d ↔ d; verde, ˈbeɾde, beɾde, b↔b,e↔e,ɾ↔ɾ,d↔d,e↔e, LC",S401.S401_EFE-A_Pre_05_20_2024.csv,Queries_Target_v2,Consonants,Pre,Spanish,S401,S401,EFE-A,Pre,d ↔ d,"verde, ˈbeɾde, beɾde, b↔b,e↔e,ɾ↔ɾ,d↔d,e↔e, LC",LC,verde,ˈbeɾde,beɾde,"b↔b,e↔e,ɾ↔ɾ,d↔d,e↔e",1.0
2020-10-21,228,1,"IPA Target ↔ IPA Actual; Orthography (Group), IPA Target (Group), IPA Actual (Group), Alignment (Group), Notes (Group)","(0...1) ↔ (0...1); (0...6), (0...7), (0...6), (0...23), (0...2)",m,m,m:O↔m:O,"m ↔ m; mecate, meˈkate, mekade, m↔m,e↔e,k↔k,a↔a,t↔d,e↔e, LC",S401.S401_EFE-A_Pre_05_20_2024.csv,Queries_Target_v2,Consonants,Pre,Spanish,S401,S401,EFE-A,Pre,m ↔ m,"mecate, meˈkate, mekade, m↔m,e↔e,k↔k,a↔a,t↔d,e↔e, LC",LC,mecate,meˈkate,mekade,"m↔m,e↔e,k↔k,a↔a,t↔d,e↔e",1.0
2020-10-21,228,1,"IPA Target ↔ IPA Actual; Orthography (Group), IPA Target (Group), IPA Actual (Group), Alignment (Group), Notes (Group)","(3...4) ↔ (2...3); (0...6), (0...7), (0...6), (0...23), (0...2)",k,k,k:O↔k:O,"k ↔ k; mecate, meˈkate, mekade, m↔m,e↔e,k↔k,a↔a,t↔d,e↔e, LC",S401.S401_EFE-A_Pre_05_20_2024.csv,Queries_Target_v2,Consonants,Pre,Spanish,S401,S401,EFE-A,Pre,k ↔ k,"mecate, meˈkate, mekade, m↔m,e↔e,k↔k,a↔a,t↔d,e↔e, LC",LC,mecate,meˈkate,mekade,"m↔m,e↔e,k↔k,a↔a,t↔d,e↔e",1.0
2020-10-21,228,1,"IPA Target ↔ IPA Actual; Orthography (Group), IPA Target (Group), IPA Actual (Group), Alignment (Group), Notes (Group)","(5...6) ↔ (4...5); (0...6), (0...7), (0...6), (0...23), (0...2)",t,d,t:O↔d:O,"t ↔ d; mecate, meˈkate, mekade, m↔m,e↔e,k↔k,a↔a,t↔d,e↔e, LC",S401.S401_EFE-A_Pre_05_20_2024.csv,Queries_Target_v2,Consonants,Pre,Spanish,S401,S401,EFE-A,Pre,t ↔ d,"mecate, meˈkate, mekade, m↔m,e↔e,k↔k,a↔a,t↔d,e↔e, LC",LC,mecate,meˈkate,mekade,"m↔m,e↔e,k↔k,a↔a,t↔d,e↔e",0.6470588235294118
2020-10-21,229,1,"IPA Target ↔ IPA Actual; Orthography (Group), IPA Target (Group), IPA Actual (Group), Alignment (Group), Notes (Group)","(1...2) ↔ (0...1); (0...6), (0...7), (0...6), (0...23), (0...2)",t,t,t:O↔t:O,"t ↔ t; tuerca, ˈtweɾka, tweɾka, t↔t,w↔w,e↔e,ɾ↔ɾ,k↔k,a↔a, LC",S401.S401_EFE-A_Pre_05_20_2024.csv,Queries_Target_v2,Consonants,Pre,Spanish,S401,S401,EFE-A,Pre,t ↔ t,"tuerca, ˈtweɾka, tweɾka, t↔t,w↔w,e↔e,ɾ↔ɾ,k↔k,a↔a, LC",LC,tuerca,ˈtweɾka,tweɾka,"t↔t,w↔w,e↔e,ɾ↔ɾ,k↔k,a↔a",1.0
2020-10-21,229,1,"IPA Target ↔ IPA Actual; Orthography (Group), IPA Target (Group), IPA Actual (Group), Alignment (Group), Notes (Group)","(2...3) ↔ (1...2); (0...6), (0...7), (0...6), (0...23), (0...2)",w,w,w:O↔w:O,"w ↔ w; tuerca, ˈtweɾka, tweɾka, t↔t,w↔w,e↔e,ɾ↔ɾ,k↔k,a↔a, LC",S401.S401_EFE-A_Pre_05_20_2024.csv,Queries_Target_v2,Consonants,Pre,Spanish,S401,S401,EFE-A,Pre,w ↔ w,"tuerca, ˈtweɾka, tweɾka, t↔t,w↔w,e↔e,ɾ↔ɾ,k↔k,a↔a, LC",LC,tuerca,ˈtweɾka,tweɾka,"t↔t,w↔w,e↔e,ɾ↔ɾ,k↔k,a↔a",1.0
2020-10-21,229,1,"IPA Target ↔ IPA Actual; Orthography (Group), IPA Target (Group), IPA Actual (Group), Alignment (Group), Notes (Group)","(4...5) ↔ (3...4); (0...6), (0...7), (0...6), (0...23), (0...2)",ɾ,ɾ,ɾ:C↔ɾ:C,"ɾ ↔ ɾ; tuerca, ˈtweɾka, tweɾka, t↔t,w↔w,e↔e,ɾ↔ɾ,k↔k,a↔a, LC",S401.S401_EFE-A_Pre_05_20_2024.csv,Queries_Target_v2,Consonants,Pre,Spanish,S401,S401,EFE-A,Pre,ɾ ↔ ɾ,"tuerca, ˈtweɾka, tweɾka, t↔t,w↔w,e↔e,ɾ↔ɾ,k↔k,a↔a, LC",LC,tuerca,ˈtweɾka,tweɾka,"t↔t,w↔w,e↔e,ɾ↔ɾ,k↔k,a↔a",1.0
2020-10-21,229,1,"IPA Target ↔ IPA Actual; Orthography (Group), IPA Target (Group), IPA Actual (Group), Alignment (Group), Notes (Group)","(5...6) ↔ (4...5); (0...6), (0...7), (0...6), (0...23), (0...2)",k,k,k:O↔k:O,"k ↔ k; tuerca, ˈtweɾka, tweɾka, t↔t,w↔w,e↔e,ɾ↔ɾ,k↔k,a↔a, LC",S401.S401_EFE-A_Pre_05_20_2024.csv,Queries_Target_v2,Consonants,Pre,Spanish,S401,S401,EFE-A,Pre,k ↔ k,"tuerca, ˈtweɾka, tweɾka, t↔t,w↔w,e↔e,ɾ↔ɾ,k↔k,a↔a, LC",LC,tuerca,ˈtweɾka,tweɾka,"t↔t,w↔w,e↔e,ɾ↔ɾ,k↔k,a↔a",1.0
2020-10-21,230,1,"IPA Target ↔ IPA Actual; Orthography (Group), IPA Target (Group), IPA Actual (Group), Alignment (Group), Notes (Group)","(1...2) ↔ (0...1); (0...5), (0...6), (0...3), (0...19), (0...2)",f,f,f:O↔f:O,"f ↔ f; fuera, ˈfweɾa, fea, f↔f,w↔∅,e↔e,ɾ↔∅,a↔a, LC",S401.S401_EFE-A_Pre_05_20_2024.csv,Queries_Target_v2,Consonants,Pre,Spanish,S401,S401,EFE-A,Pre,f ↔ f,"fuera, ˈfweɾa, fea, f↔f,w↔∅,e↔e,ɾ↔∅,a↔a, LC",LC,fuera,ˈfweɾa,fea,"f↔f,w↔∅,e↔e,ɾ↔∅,a↔a",1.0
2020-10-21,230,1,"IPA Target ↔ IPA Actual; Orthography (Group), IPA Target (Group), IPA Actual (Group), Alignment (Group), Notes (Group)","(2...3) ↔ (0...0); (0...5), (0...6), (0...3), (0...19), (0...2)",w,,w:O↔∅,"w ↔ ∅; fuera, ˈfweɾa, fea, f↔f,w↔∅,e↔e,ɾ↔∅,a↔a, LC",S401.S401_EFE-A_Pre_05_20_2024.csv,Queries_Target_v2,Consonants,Pre,Spanish,S401,S401,EFE-A,Pre,w ↔ ∅,"fuera, ˈfweɾa, fea, f↔f,w↔∅,e↔e,ɾ↔∅,a↔a, LC",LC,fuera,ˈfweɾa,fea,"f↔f,w↔∅,e↔e,ɾ↔∅,a↔a",0.0
2020-10-21,230,1,"IPA Target ↔ IPA Actual; Orthography (Group), IPA Target (Group), IPA Actual (Group), Alignment (Group), Notes (Group)","(4...5) ↔ (0...0); (0...5), (0...6), (0...3), (0...19), (0...2)",ɾ,,ɾ:O↔∅,"ɾ ↔ ∅; fuera, ˈfweɾa, fea, f↔f,w↔∅,e↔e,ɾ↔∅,a↔a, LC",S401.S401_EFE-A_Pre_05_20_2024.csv,Queries_Target_v2,Consonants,Pre,Spanish,S401,S401,EFE-A,Pre,ɾ ↔ ∅,"fuera, ˈfweɾa, fea, f↔f,w↔∅,e↔e,ɾ↔∅,a↔a, LC",LC,fuera,ˈfweɾa,fea,"f↔f,w↔∅,e↔e,ɾ↔∅,a↔a",0.0
2020-10-21,231,1,"IPA Target ↔ IPA Actual; Orthography (Group), IPA Target (Group), IPA Actual (Group), Alignment (Group), Notes (Group)","(1...2) ↔ (0...1); (0...4), (0...5), (0...4), (0...15), (0...2)",ʝ,ʝ,ʝ:O↔ʝ:O,"ʝ ↔ ʝ; yoyo, ˈʝoʝo, ʝoʝo, ʝ↔ʝ,o↔o,ʝ↔ʝ,o↔o, LC",S401.S401_EFE-A_Pre_05_20_2024.csv,Queries_Target_v2,Consonants,Pre,Spanish,S401,S401,EFE-A,Pre,ʝ ↔ ʝ,"yoyo, ˈʝoʝo, ʝoʝo, ʝ↔ʝ,o↔o,ʝ↔ʝ,o↔o, LC",LC,yoyo,ˈʝoʝo,ʝoʝo,"ʝ↔ʝ,o↔o,ʝ↔ʝ,o↔o",1.0
2020-10-21,231,1,"IPA Target ↔ IPA Actual; Orthography (Group), IPA Target (Group), IPA Actual (Group), Alignment (Group), Notes (Group)","(3...4) ↔ (2...3); (0...4), (0...5), (0...4), (0...15), (0...2)",ʝ,ʝ,ʝ:O↔ʝ:O,"ʝ ↔ ʝ; yoyo, ˈʝoʝo, ʝoʝo, ʝ↔ʝ,o↔o,ʝ↔ʝ,o↔o, LC",S401.S401_EFE-A_Pre_05_20_2024.csv,Queries_Target_v2,Consonants,Pre,Spanish,S401,S401,EFE-A,Pre,ʝ ↔ ʝ,"yoyo, ˈʝoʝo, ʝoʝo, ʝ↔ʝ,o↔o,ʝ↔ʝ,o↔o, LC",LC,yoyo,ˈʝoʝo,ʝoʝo,"ʝ↔ʝ,o↔o,ʝ↔ʝ,o↔o",1.0
2020-10-21,232,1,"IPA Target ↔ IPA Actual; Orthography (Group), IPA Target (Group), IPA Actual (Group), Alignment (Group), Notes (Group)","(0...1) ↔ (0...1); (0...6), (0...7), (0...6), (0...23), (0...2)",p,p,p:O↔p:O,"p ↔ p; pulmón, pulˈmon, pulbon, p↔p,u↔u,l↔l,m↔b,o↔o,n↔n, LC",S401.S401_EFE-A_Pre_05_20_2024.csv,Queries_Target_v2,Consonants,Pre,Spanish,S401,S401,EFE-A,Pre,p ↔ p,"pulmón, pulˈmon, pulbon, p↔p,u↔u,l↔l,m↔b,o↔o,n↔n, LC",LC,pulmón,pulˈmon,pulbon,"p↔p,u↔u,l↔l,m↔b,o↔o,n↔n",1.0
2020-10-21,232,1,"IPA Target ↔ IPA Actual; Orthography (Group), IPA Target (Group), IPA Actual (Group), Alignment (Group), Notes (Group)","(2...3) ↔ (2...3); (0...6), (0...7), (0...6), (0...23), (0...2)",l,l,l:C↔l:C,"l ↔ l; pulmón, pulˈmon, pulbon, p↔p,u↔u,l↔l,m↔b,o↔o,n↔n, LC",S401.S401_EFE-A_Pre_05_20_2024.csv,Queries_Target_v2,Consonants,Pre,Spanish,S401,S401,EFE-A,Pre,l ↔ l,"pulmón, pulˈmon, pulbon, p↔p,u↔u,l↔l,m↔b,o↔o,n↔n, LC",LC,pulmón,pulˈmon,pulbon,"p↔p,u↔u,l↔l,m↔b,o↔o,n↔n",1.0
2020-10-21,232,1,"IPA Target ↔ IPA Actual; Orthography (Group), IPA Target (Group), IPA Actual (Group), Alignment (Group), Notes (Group)","(4...5) ↔ (3...4); (0...6), (0...7), (0...6), (0...23), (0...2)",m,b,m:O↔b:O,"m ↔ b; pulmón, pulˈmon, pulbon, p↔p,u↔u,l↔l,m↔b,o↔o,n↔n, LC",S401.S401_EFE-A_Pre_05_20_2024.csv,Queries_Target_v2,Consonants,Pre,Spanish,S401,S401,EFE-A,Pre,m ↔ b,"pulmón, pulˈmon, pulbon, p↔p,u↔u,l↔l,m↔b,o↔o,n↔n, LC",LC,pulmón,pulˈmon,pulbon,"p↔p,u↔u,l↔l,m↔b,o↔o,n↔n",0.5
2020-10-21,232,1,"IPA Target ↔ IPA Actual; Orthography (Group), IPA Target (Group), IPA Actual (Group), Alignment (Group), Notes (Group)","(6...7) ↔ (5...6); (0...6), (0...7), (0...6), (0...23), (0...2)",n,n,n:C↔n:C,"n ↔ n; pulmón, pulˈmon, pulbon, p↔p,u↔u,l↔l,m↔b,o↔o,n↔n, LC",S401.S401_EFE-A_Pre_05_20_2024.csv,Queries_Target_v2,Consonants,Pre,Spanish,S401,S401,EFE-A,Pre,n ↔ n,"pulmón, pulˈmon, pulbon, p↔p,u↔u,l↔l,m↔b,o↔o,n↔n, LC",LC,pulmón,pulˈmon,pulbon,"p↔p,u↔u,l↔l,m↔b,o↔o,n↔n",1.0
2020-10-21,233,1,"IPA Target ↔ IPA Actual; Orthography (Group), IPA Target (Group), IPA Actual (Group), Alignment (Group), Notes (Group)","(1...2) ↔ (0...1); (0...5), (0...6), (0...5), (0...19), (0...2)",ɡ,ɡ,ɡ:O↔g:O,"ɡ ↔ g; gordo, ˈɡoɾdo, goɾdo, ɡ↔g,o↔o,ɾ↔ɾ,d↔d,o↔o, LC",S401.S401_EFE-A_Pre_05_20_2024.csv,Queries_Target_v2,Consonants,Pre,Spanish,S401,S401,EFE-A,Pre,ɡ ↔ g,"gordo, ˈɡoɾdo, goɾdo, ɡ↔g,o↔o,ɾ↔ɾ,d↔d,o↔o, LC",LC,gordo,ˈɡoɾdo,goɾdo,"ɡ↔g,o↔o,ɾ↔ɾ,d↔d,o↔o",1.0
2020-10-21,233,1,"IPA Target ↔ IPA Actual; Orthography (Group), IPA Target (Group), IPA Actual (Group), Alignment (Group), Notes (Group)","(3...4) ↔ (2...3); (0...5), (0...6), (0...5), (0...19), (0...2)",ɾ,ɾ,ɾ:C↔ɾ:C,"ɾ ↔ ɾ; gordo, ˈɡoɾdo, goɾdo, ɡ↔g,o↔o,ɾ↔ɾ,d↔d,o↔o, LC",S401.S401_EFE-A_Pre_05_20_2024.csv,Queries_Target_v2,Consonants,Pre,Spanish,S401,S401,EFE-A,Pre,ɾ ↔ ɾ,"gordo, ˈɡoɾdo, goɾdo, ɡ↔g,o↔o,ɾ↔ɾ,d↔d,o↔o, LC",LC,gordo,ˈɡoɾdo,goɾdo,"ɡ↔g,o↔o,ɾ↔ɾ,d↔d,o↔o",1.0
2020-10-21,233,1,"IPA Target ↔ IPA Actual; Orthography (Group), IPA Target (Group), IPA Actual (Group), Alignment (Group), Notes (Group)","(4...5) ↔ (3...4); (0...5), (0...6), (0...5), (0...19), (0...2)",d,d,d:O↔d:O,"d ↔ d; gordo, ˈɡoɾdo, goɾdo, ɡ↔g,o↔o,ɾ↔ɾ,d↔d,o↔o, LC",S401.S401_EFE-A_Pre_05_20_2024.csv,Queries_Target_v2,Consonants,Pre,Spanish,S401,S401,EFE-A,Pre,d ↔ d,"gordo, ˈɡoɾdo, goɾdo, ɡ↔g,o↔o,ɾ↔ɾ,d↔d,o↔o, LC",LC,gordo,ˈɡoɾdo,goɾdo,"ɡ↔g,o↔o,ɾ↔ɾ,d↔d,o↔o",1.0
2020-10-21,234,1,"IPA Target ↔ IPA Actual; Orthography (Group), IPA Target (Group), IPA Actual (Group), Alignment (Group), Notes (Group)","(1...2) ↔ (0...1); (0...5), (0...6), (0...5), (0...19), (0...2)",n,n,n:O↔n:O,"n ↔ n; nueve, ˈnwebe, nwebe, n↔n,w↔w,e↔e,b↔b,e↔e, LC",S401.S401_EFE-A_Pre_05_20_2024.csv,Queries_Target_v2,Consonants,Pre,Spanish,S401,S401,EFE-A,Pre,n ↔ n,"nueve, ˈnwebe, nwebe, n↔n,w↔w,e↔e,b↔b,e↔e, LC",LC,nueve,ˈnwebe,nwebe,"n↔n,w↔w,e↔e,b↔b,e↔e",1.0
2020-10-21,234,1,"IPA Target ↔ IPA Actual; Orthography (Group), IPA Target (Group), IPA Actual (Group), Alignment (Group), Notes (Group)","(2...3) ↔ (1...2); (0...5), (0...6), (0...5), (0...19), (0...2)",w,w,w:O↔w:O,"w ↔ w; nueve, ˈnwebe, nwebe, n↔n,w↔w,e↔e,b↔b,e↔e, LC",S401.S401_EFE-A_Pre_05_20_2024.csv,Queries_Target_v2,Consonants,Pre,Spanish,S401,S401,EFE-A,Pre,w ↔ w,"nueve, ˈnwebe, nwebe, n↔n,w↔w,e↔e,b↔b,e↔e, LC",LC,nueve,ˈnwebe,nwebe,"n↔n,w↔w,e↔e,b↔b,e↔e",1.0
2020-10-21,234,1,"IPA Target ↔ IPA Actual; Orthography (Group), IPA Target (Group), IPA Actual (Group), Alignment (Group), Notes (Group)","(4...5) ↔ (3...4); (0...5), (0...6), (0...5), (0...19), (0...2)",b,b,b:O↔b:O,"b ↔ b; nueve, ˈnwebe, nwebe, n↔n,w↔w,e↔e,b↔b,e↔e, LC",S401.S401_EFE-A_Pre_05_20_2024.csv,Queries_Target_v2,Consonants,Pre,Spanish,S401,S401,EFE-A,Pre,b ↔ b,"nueve, ˈnwebe, nwebe, n↔n,w↔w,e↔e,b↔b,e↔e, LC",LC,nueve,ˈnwebe,nwebe,"n↔n,w↔w,e↔e,b↔b,e↔e",1.0
2020-10-21,235,1,"IPA Target ↔ IPA Actual; Orthography (Group), IPA Target (Group), IPA Actual (Group), Alignment (Group), Notes (Group)","(2...3) ↔ (1...2); (0...5), (0...6), (0...5), (0...19), (0...2)",ɾ,ɾ,ɾ:C↔ɾ:C,"ɾ ↔ ɾ; árbol, ˈaɾbol, aɾbol, a↔a,ɾ↔ɾ,b↔b,o↔o,l↔l, LC",S401.S401_EFE-A_Pre_05_20_2024.csv,Queries_Target_v2,Consonants,Pre,Spanish,S401,S401,EFE-A,Pre,ɾ ↔ ɾ,"árbol, ˈaɾbol, aɾbol, a↔a,ɾ↔ɾ,b↔b,o↔o,l↔l, LC",LC,árbol,ˈaɾbol,aɾbol,"a↔a,ɾ↔ɾ,b↔b,o↔o,l↔l",1.0
2020-10-21,235,1,"IPA Target ↔ IPA Actual; Orthography (Group), IPA Target (Group), IPA Actual (Group), Alignment (Group), Notes (Group)","(3...4) ↔ (2...3); (0...5), (0...6), (0...5), (0...19), (0...2)",b,b,b:O↔b:O,"b ↔ b; árbol, ˈaɾbol, aɾbol, a↔a,ɾ↔ɾ,b↔b,o↔o,l↔l, LC",S401.S401_EFE-A_Pre_05_20_2024.csv,Queries_Target_v2,Consonants,Pre,Spanish,S401,S401,EFE-A,Pre,b ↔ b,"árbol, ˈaɾbol, aɾbol, a↔a,ɾ↔ɾ,b↔b,o↔o,l↔l, LC",LC,árbol,ˈaɾbol,aɾbol,"a↔a,ɾ↔ɾ,b↔b,o↔o,l↔l",1.0
2020-10-21,235,1,"IPA Target ↔ IPA Actual; Orthography (Group), IPA Target (Group), IPA Actual (Group), Alignment (Group), Notes (Group)","(5...6) ↔ (4...5); (0...5), (0...6), (0...5), (0...19), (0...2)",l,l,l:C↔l:C,"l ↔ l; árbol, ˈaɾbol, aɾbol, a↔a,ɾ↔ɾ,b↔b,o↔o,l↔l, LC",S401.S401_EFE-A_Pre_05_20_2024.csv,Queries_Target_v2,Consonants,Pre,Spanish,S401,S401,EFE-A,Pre,l ↔ l,"árbol, ˈaɾbol, aɾbol, a↔a,ɾ↔ɾ,b↔b,o↔o,l↔l, LC",LC,árbol,ˈaɾbol,aɾbol,"a↔a,ɾ↔ɾ,b↔b,o↔o,l↔l",1.0
2020-10-21,236,1,"IPA Target ↔ IPA Actual; Orthography (Group), IPA Target (Group), IPA Actual (Group), Alignment (Group), Notes (Group)","(2...3) ↔ (0...0); (0...7), (0...8), (0...5), (0...27), (0...3)",ɾ,,ɾ:C↔∅,"ɾ ↔ ∅; árboles, ˈaɾboles, abole, a↔a,ɾ↔∅,b↔b,o↔o,l↔l,e↔e,s↔∅, LC ",S401.S401_EFE-A_Pre_05_20_2024.csv,Queries_Target_v2,Consonants,Pre,Spanish,S401,S401,EFE-A,Pre,ɾ ↔ ∅,"árboles, ˈaɾboles, abole, a↔a,ɾ↔∅,b↔b,o↔o,l↔l,e↔e,s↔∅, LC",LC ,árboles,ˈaɾboles,abole,"a↔a,ɾ↔∅,b↔b,o↔o,l↔l,e↔e,s↔∅",0.0
2020-10-21,236,1,"IPA Target ↔ IPA Actual; Orthography (Group), IPA Target (Group), IPA Actual (Group), Alignment (Group), Notes (Group)","(3...4) ↔ (1...2); (0...7), (0...8), (0...5), (0...27), (0...3)",b,b,b:O↔b:O,"b ↔ b; árboles, ˈaɾboles, abole, a↔a,ɾ↔∅,b↔b,o↔o,l↔l,e↔e,s↔∅, LC ",S401.S401_EFE-A_Pre_05_20_2024.csv,Queries_Target_v2,Consonants,Pre,Spanish,S401,S401,EFE-A,Pre,b ↔ b,"árboles, ˈaɾboles, abole, a↔a,ɾ↔∅,b↔b,o↔o,l↔l,e↔e,s↔∅, LC",LC ,árboles,ˈaɾboles,abole,"a↔a,ɾ↔∅,b↔b,o↔o,l↔l,e↔e,s↔∅",1.0
2020-10-21,236,1,"IPA Target ↔ IPA Actual; Orthography (Group), IPA Target (Group), IPA Actual (Group), Alignment (Group), Notes (Group)","(5...6) ↔ (3...4); (0...7), (0...8), (0...5), (0...27), (0...3)",l,l,l:O↔l:O,"l ↔ l; árboles, ˈaɾboles, abole, a↔a,ɾ↔∅,b↔b,o↔o,l↔l,e↔e,s↔∅, LC ",S401.S401_EFE-A_Pre_05_20_2024.csv,Queries_Target_v2,Consonants,Pre,Spanish,S401,S401,EFE-A,Pre,l ↔ l,"árboles, ˈaɾboles, abole, a↔a,ɾ↔∅,b↔b,o↔o,l↔l,e↔e,s↔∅, LC",LC ,árboles,ˈaɾboles,abole,"a↔a,ɾ↔∅,b↔b,o↔o,l↔l,e↔e,s↔∅",1.0
2020-10-21,236,1,"IPA Target ↔ IPA Actual; Orthography (Group), IPA Target (Group), IPA Actual (Group), Alignment (Group), Notes (Group)","(7...8) ↔ (0...0); (0...7), (0...8), (0...5), (0...27), (0...3)",s,,s:C↔∅,"s ↔ ∅; árboles, ˈaɾboles, abole, a↔a,ɾ↔∅,b↔b,o↔o,l↔l,e↔e,s↔∅, LC ",S401.S401_EFE-A_Pre_05_20_2024.csv,Queries_Target_v2,Consonants,Pre,Spanish,S401,S401,EFE-A,Pre,s ↔ ∅,"árboles, ˈaɾboles, abole, a↔a,ɾ↔∅,b↔b,o↔o,l↔l,e↔e,s↔∅, LC",LC ,árboles,ˈaɾboles,abole,"a↔a,ɾ↔∅,b↔b,o↔o,l↔l,e↔e,s↔∅",0.0
2020-10-21,237,1,"IPA Target ↔ IPA Actual; Orthography (Group), IPA Target (Group), IPA Actual (Group), Alignment (Group), Notes (Group)","(0...1) ↔ (0...1); (0...7), (0...8), (0...7), (0...27), (0...2)",k,k,k:O↔k:O,"k ↔ k; camarón, kamaˈɾon, kamadon, k↔k,a↔a,m↔m,a↔a,ɾ↔d,o↔o,n↔n, LC",S401.S401_EFE-A_Pre_05_20_2024.csv,Queries_Target_v2,Consonants,Pre,Spanish,S401,S401,EFE-A,Pre,k ↔ k,"camarón, kamaˈɾon, kamadon, k↔k,a↔a,m↔m,a↔a,ɾ↔d,o↔o,n↔n, LC",LC,camarón,kamaˈɾon,kamadon,"k↔k,a↔a,m↔m,a↔a,ɾ↔d,o↔o,n↔n",1.0
2020-10-21,237,1,"IPA Target ↔ IPA Actual; Orthography (Group), IPA Target (Group), IPA Actual (Group), Alignment (Group), Notes (Group)","(2...3) ↔ (2...3); (0...7), (0...8), (0...7), (0...27), (0...2)",m,m,m:O↔m:O,"m ↔ m; camarón, kamaˈɾon, kamadon, k↔k,a↔a,m↔m,a↔a,ɾ↔d,o↔o,n↔n, LC",S401.S401_EFE-A_Pre_05_20_2024.csv,Queries_Target_v2,Consonants,Pre,Spanish,S401,S401,EFE-A,Pre,m ↔ m,"camarón, kamaˈɾon, kamadon, k↔k,a↔a,m↔m,a↔a,ɾ↔d,o↔o,n↔n, LC",LC,camarón,kamaˈɾon,kamadon,"k↔k,a↔a,m↔m,a↔a,ɾ↔d,o↔o,n↔n",1.0
2020-10-21,237,1,"IPA Target ↔ IPA Actual; Orthography (Group), IPA Target (Group), IPA Actual (Group), Alignment (Group), Notes (Group)","(5...6) ↔ (4...5); (0...7), (0...8), (0...7), (0...27), (0...2)",ɾ,d,ɾ:O↔d:O,"ɾ ↔ d; camarón, kamaˈɾon, kamadon, k↔k,a↔a,m↔m,a↔a,ɾ↔d,o↔o,n↔n, LC",S401.S401_EFE-A_Pre_05_20_2024.csv,Queries_Target_v2,Consonants,Pre,Spanish,S401,S401,EFE-A,Pre,ɾ ↔ d,"camarón, kamaˈɾon, kamadon, k↔k,a↔a,m↔m,a↔a,ɾ↔d,o↔o,n↔n, LC",LC,camarón,kamaˈɾon,kamadon,"k↔k,a↔a,m↔m,a↔a,ɾ↔d,o↔o,n↔n",0.5882352941176471
2020-10-21,237,1,"IPA Target ↔ IPA Actual; Orthography (Group), IPA Target (Group), IPA Actual (Group), Alignment (Group), Notes (Group)","(7...8) ↔ (6...7); (0...7), (0...8), (0...7), (0...27), (0...2)",n,n,n:C↔n:C,"n ↔ n; camarón, kamaˈɾon, kamadon, k↔k,a↔a,m↔m,a↔a,ɾ↔d,o↔o,n↔n, LC",S401.S401_EFE-A_Pre_05_20_2024.csv,Queries_Target_v2,Consonants,Pre,Spanish,S401,S401,EFE-A,Pre,n ↔ n,"camarón, kamaˈɾon, kamadon, k↔k,a↔a,m↔m,a↔a,ɾ↔d,o↔o,n↔n, LC",LC,camarón,kamaˈɾon,kamadon,"k↔k,a↔a,m↔m,a↔a,ɾ↔d,o↔o,n↔n",1.0
2020-10-21,238,1,"IPA Target ↔ IPA Actual; Orthography (Group), IPA Target (Group), IPA Actual (Group), Alignment (Group), Notes (Group)","(0...1) ↔ (0...1); (0...9), (0...10), (0...9), (0...35), (0...2)",k,k,k:O↔k:O,"k ↔ k; camarones, kamaˈɾones, kamazones, k↔k,a↔a,m↔m,a↔a,ɾ↔z,o↔o,n↔n,e↔e,s↔s, LC",S401.S401_EFE-A_Pre_05_20_2024.csv,Queries_Target_v2,Consonants,Pre,Spanish,S401,S401,EFE-A,Pre,k ↔ k,"camarones, kamaˈɾones, kamazones, k↔k,a↔a,m↔m,a↔a,ɾ↔z,o↔o,n↔n,e↔e,s↔s, LC",LC,camarones,kamaˈɾones,kamazones,"k↔k,a↔a,m↔m,a↔a,ɾ↔z,o↔o,n↔n,e↔e,s↔s",1.0
2020-10-21,238,1,"IPA Target ↔ IPA Actual; Orthography (Group), IPA Target (Group), IPA Actual (Group), Alignment (Group), Notes (Group)","(2...3) ↔ (2...3); (0...9), (0...10), (0...9), (0...35), (0...2)",m,m,m:O↔m:O,"m ↔ m; camarones, kamaˈɾones, kamazones, k↔k,a↔a,m↔m,a↔a,ɾ↔z,o↔o,n↔n,e↔e,s↔s, LC",S401.S401_EFE-A_Pre_05_20_2024.csv,Queries_Target_v2,Consonants,Pre,Spanish,S401,S401,EFE-A,Pre,m ↔ m,"camarones, kamaˈɾones, kamazones, k↔k,a↔a,m↔m,a↔a,ɾ↔z,o↔o,n↔n,e↔e,s↔s, LC",LC,camarones,kamaˈɾones,kamazones,"k↔k,a↔a,m↔m,a↔a,ɾ↔z,o↔o,n↔n,e↔e,s↔s",1.0
2020-10-21,238,1,"IPA Target ↔ IPA Actual; Orthography (Group), IPA Target (Group), IPA Actual (Group), Alignment (Group), Notes (Group)","(5...6) ↔ (4...5); (0...9), (0...10), (0...9), (0...35), (0...2)",ɾ,z,ɾ:O↔z:O,"ɾ ↔ z; camarones, kamaˈɾones, kamazones, k↔k,a↔a,m↔m,a↔a,ɾ↔z,o↔o,n↔n,e↔e,s↔s, LC",S401.S401_EFE-A_Pre_05_20_2024.csv,Queries_Target_v2,Consonants,Pre,Spanish,S401,S401,EFE-A,Pre,ɾ ↔ z,"camarones, kamaˈɾones, kamazones, k↔k,a↔a,m↔m,a↔a,ɾ↔z,o↔o,n↔n,e↔e,s↔s, LC",LC,camarones,kamaˈɾones,kamazones,"k↔k,a↔a,m↔m,a↔a,ɾ↔z,o↔o,n↔n,e↔e,s↔s",0.4117647058823529
2020-10-21,238,1,"IPA Target ↔ IPA Actual; Orthography (Group), IPA Target (Group), IPA Actual (Group), Alignment (Group), Notes (Group)","(7...8) ↔ (6...7); (0...9), (0...10), (0...9), (0...35), (0...2)",n,n,n:O↔n:O,"n ↔ n; camarones, kamaˈɾones, kamazones, k↔k,a↔a,m↔m,a↔a,ɾ↔z,o↔o,n↔n,e↔e,s↔s, LC",S401.S401_EFE-A_Pre_05_20_2024.csv,Queries_Target_v2,Consonants,Pre,Spanish,S401,S401,EFE-A,Pre,n ↔ n,"camarones, kamaˈɾones, kamazones, k↔k,a↔a,m↔m,a↔a,ɾ↔z,o↔o,n↔n,e↔e,s↔s, LC",LC,camarones,kamaˈɾones,kamazones,"k↔k,a↔a,m↔m,a↔a,ɾ↔z,o↔o,n↔n,e↔e,s↔s",1.0
2020-10-21,238,1,"IPA Target ↔ IPA Actual; Orthography (Group), IPA Target (Group), IPA Actual (Group), Alignment (Group), Notes (Group)","(9...10) ↔ (8...9); (0...9), (0...10), (0...9), (0...35), (0...2)",s,s,s:C↔s:C,"s ↔ s; camarones, kamaˈɾones, kamazones, k↔k,a↔a,m↔m,a↔a,ɾ↔z,o↔o,n↔n,e↔e,s↔s, LC",S401.S401_EFE-A_Pre_05_20_2024.csv,Queries_Target_v2,Consonants,Pre,Spanish,S401,S401,EFE-A,Pre,s ↔ s,"camarones, kamaˈɾones, kamazones, k↔k,a↔a,m↔m,a↔a,ɾ↔z,o↔o,n↔n,e↔e,s↔s, LC",LC,camarones,kamaˈɾones,kamazones,"k↔k,a↔a,m↔m,a↔a,ɾ↔z,o↔o,n↔n,e↔e,s↔s",1.0
2020-10-21,239,1,"IPA Target ↔ IPA Actual; Orthography (Group), IPA Target (Group), IPA Actual (Group), Alignment (Group), Notes (Group)","(0...1) ↔ (0...1); (0...4), (0...4), (0...4), (0...15), (0...2)",f,f,f:O↔f:O,"f ↔ f; flor, floɾ, floɾ, f↔f,l↔l,o↔o,ɾ↔ɾ, LC",S401.S401_EFE-A_Pre_05_20_2024.csv,Queries_Target_v2,Consonants,Pre,Spanish,S401,S401,EFE-A,Pre,f ↔ f,"flor, floɾ, floɾ, f↔f,l↔l,o↔o,ɾ↔ɾ, LC",LC,flor,floɾ,floɾ,"f↔f,l↔l,o↔o,ɾ↔ɾ",1.0
2020-10-21,239,1,"IPA Target ↔ IPA Actual; Orthography (Group), IPA Target (Group), IPA Actual (Group), Alignment (Group), Notes (Group)","(1...2) ↔ (1...2); (0...4), (0...4), (0...4), (0...15), (0...2)",l,l,l:O↔l:O,"l ↔ l; flor, floɾ, floɾ, f↔f,l↔l,o↔o,ɾ↔ɾ, LC",S401.S401_EFE-A_Pre_05_20_2024.csv,Queries_Target_v2,Consonants,Pre,Spanish,S401,S401,EFE-A,Pre,l ↔ l,"flor, floɾ, floɾ, f↔f,l↔l,o↔o,ɾ↔ɾ, LC",LC,flor,floɾ,floɾ,"f↔f,l↔l,o↔o,ɾ↔ɾ",1.0
2020-10-21,239,1,"IPA Target ↔ IPA Actual; Orthography (Group), IPA Target (Group), IPA Actual (Group), Alignment (Group), Notes (Group)","(3...4) ↔ (3...4); (0...4), (0...4), (0...4), (0...15), (0...2)",ɾ,ɾ,ɾ:C↔ɾ:C,"ɾ ↔ ɾ; flor, floɾ, floɾ, f↔f,l↔l,o↔o,ɾ↔ɾ, LC",S401.S401_EFE-A_Pre_05_20_2024.csv,Queries_Target_v2,Consonants,Pre,Spanish,S401,S401,EFE-A,Pre,ɾ ↔ ɾ,"flor, floɾ, floɾ, f↔f,l↔l,o↔o,ɾ↔ɾ, LC",LC,flor,floɾ,floɾ,"f↔f,l↔l,o↔o,ɾ↔ɾ",1.0
2020-10-21,240,1,"IPA Target ↔ IPA Actual; Orthography (Group), IPA Target (Group), IPA Actual (Group), Alignment (Group), Notes (Group)","(1...2) ↔ (0...1); (0...6), (0...7), (0...6), (0...23), (0...2)",f,f,f:O↔f:O,"f ↔ f; flores, ˈfloɾes, fjodes, f↔f,l↔j,o↔o,ɾ↔d,e↔e,s↔s, LC",S401.S401_EFE-A_Pre_05_20_2024.csv,Queries_Target_v2,Consonants,Pre,Spanish,S401,S401,EFE-A,Pre,f ↔ f,"flores, ˈfloɾes, fjodes, f↔f,l↔j,o↔o,ɾ↔d,e↔e,s↔s, LC",LC,flores,ˈfloɾes,fjodes,"f↔f,l↔j,o↔o,ɾ↔d,e↔e,s↔s",1.0
2020-10-21,240,1,"IPA Target ↔ IPA Actual; Orthography (Group), IPA Target (Group), IPA Actual (Group), Alignment (Group), Notes (Group)","(2...3) ↔ (1...2); (0...6), (0...7), (0...6), (0...23), (0...2)",l,j,l:O↔j:O,"l ↔ j; flores, ˈfloɾes, fjodes, f↔f,l↔j,o↔o,ɾ↔d,e↔e,s↔s, LC",S401.S401_EFE-A_Pre_05_20_2024.csv,Queries_Target_v2,Consonants,Pre,Spanish,S401,S401,EFE-A,Pre,l ↔ j,"flores, ˈfloɾes, fjodes, f↔f,l↔j,o↔o,ɾ↔d,e↔e,s↔s, LC",LC,flores,ˈfloɾes,fjodes,"f↔f,l↔j,o↔o,ɾ↔d,e↔e,s↔s",0.5
2020-10-21,240,1,"IPA Target ↔ IPA Actual; Orthography (Group), IPA Target (Group), IPA Actual (Group), Alignment (Group), Notes (Group)","(4...5) ↔ (3...4); (0...6), (0...7), (0...6), (0...23), (0...2)",ɾ,d,ɾ:O↔d:O,"ɾ ↔ d; flores, ˈfloɾes, fjodes, f↔f,l↔j,o↔o,ɾ↔d,e↔e,s↔s, LC",S401.S401_EFE-A_Pre_05_20_2024.csv,Queries_Target_v2,Consonants,Pre,Spanish,S401,S401,EFE-A,Pre,ɾ ↔ d,"flores, ˈfloɾes, fjodes, f↔f,l↔j,o↔o,ɾ↔d,e↔e,s↔s, LC",LC,flores,ˈfloɾes,fjodes,"f↔f,l↔j,o↔o,ɾ↔d,e↔e,s↔s",0.5882352941176471
2020-10-21,240,1,"IPA Target ↔ IPA Actual; Orthography (Group), IPA Target (Group), IPA Actual (Group), Alignment (Group), Notes (Group)","(6...7) ↔ (5...6); (0...6), (0...7), (0...6), (0...23), (0...2)",s,s,s:C↔s:C,"s ↔ s; flores, ˈfloɾes, fjodes, f↔f,l↔j,o↔o,ɾ↔d,e↔e,s↔s, LC",S401.S401_EFE-A_Pre_05_20_2024.csv,Queries_Target_v2,Consonants,Pre,Spanish,S401,S401,EFE-A,Pre,s ↔ s,"flores, ˈfloɾes, fjodes, f↔f,l↔j,o↔o,ɾ↔d,e↔e,s↔s, LC",LC,flores,ˈfloɾes,fjodes,"f↔f,l↔j,o↔o,ɾ↔d,e↔e,s↔s",1.0
2020-10-21,241,1,"IPA Target ↔ IPA Actual; Orthography (Group), IPA Target (Group), IPA Actual (Group), Alignment (Group), Notes (Group)","(0...1) ↔ (0...1); (0...3), (0...3), (0...3), (0...11), (0...2)",l,l,l:O↔l:O,"l ↔ l; luz, lus, luθ, l↔l,u↔u,s↔θ, LC",S401.S401_EFE-A_Pre_05_20_2024.csv,Queries_Target_v2,Consonants,Pre,Spanish,S401,S401,EFE-A,Pre,l ↔ l,"luz, lus, luθ, l↔l,u↔u,s↔θ, LC",LC,luz,lus,luθ,"l↔l,u↔u,s↔θ",1.0
2020-10-21,241,1,"IPA Target ↔ IPA Actual; Orthography (Group), IPA Target (Group), IPA Actual (Group), Alignment (Group), Notes (Group)","(2...3) ↔ (2...3); (0...3), (0...3), (0...3), (0...11), (0...2)",s,θ,s:C↔θ:C,"s ↔ θ; luz, lus, luθ, l↔l,u↔u,s↔θ, LC",S401.S401_EFE-A_Pre_05_20_2024.csv,Queries_Target_v2,Consonants,Pre,Spanish,S401,S401,EFE-A,Pre,s ↔ θ,"luz, lus, luθ, l↔l,u↔u,s↔θ, LC",LC,luz,lus,luθ,"l↔l,u↔u,s↔θ",0.7058823529411765
2020-10-21,242,1,"IPA Target ↔ IPA Actual; Orthography (Group), IPA Target (Group), IPA Actual (Group), Alignment (Group), Notes (Group)","(1...2) ↔ (0...1); (0...5), (0...6), (0...5), (0...19), (0...31)",l,l,l:O↔l:O,"l ↔ l; luces, ˈluses, luses, l↔l,u↔u,s↔s,e↔e,s↔s, KR-I would say dental here too!",S401.S401_EFE-A_Pre_05_20_2024.csv,Queries_Target_v2,Consonants,Pre,Spanish,S401,S401,EFE-A,Pre,l ↔ l,"luces, ˈluses, luses, l↔l,u↔u,s↔s,e↔e,s↔s, KR-I would say dental here too!",KR-I would say dental here too!,luces,ˈluses,luses,"l↔l,u↔u,s↔s,e↔e,s↔s",1.0
2020-10-21,242,1,"IPA Target ↔ IPA Actual; Orthography (Group), IPA Target (Group), IPA Actual (Group), Alignment (Group), Notes (Group)","(3...4) ↔ (2...3); (0...5), (0...6), (0...5), (0...19), (0...31)",s,s,s:O↔s:O,"s ↔ s; luces, ˈluses, luses, l↔l,u↔u,s↔s,e↔e,s↔s, KR-I would say dental here too!",S401.S401_EFE-A_Pre_05_20_2024.csv,Queries_Target_v2,Consonants,Pre,Spanish,S401,S401,EFE-A,Pre,s ↔ s,"luces, ˈluses, luses, l↔l,u↔u,s↔s,e↔e,s↔s, KR-I would say dental here too!",KR-I would say dental here too!,luces,ˈluses,luses,"l↔l,u↔u,s↔s,e↔e,s↔s",1.0
2020-10-21,242,1,"IPA Target ↔ IPA Actual; Orthography (Group), IPA Target (Group), IPA Actual (Group), Alignment (Group), Notes (Group)","(5...6) ↔ (4...5); (0...5), (0...6), (0...5), (0...19), (0...31)",s,s,s:C↔s:C,"s ↔ s; luces, ˈluses, luses, l↔l,u↔u,s↔s,e↔e,s↔s, KR-I would say dental here too!",S401.S401_EFE-A_Pre_05_20_2024.csv,Queries_Target_v2,Consonants,Pre,Spanish,S401,S401,EFE-A,Pre,s ↔ s,"luces, ˈluses, luses, l↔l,u↔u,s↔s,e↔e,s↔s, KR-I would say dental here too!",KR-I would say dental here too!,luces,ˈluses,luses,"l↔l,u↔u,s↔s,e↔e,s↔s",1.0
2020-10-21,243,1,"IPA Target ↔ IPA Actual; Orthography (Group), IPA Target (Group), IPA Actual (Group), Alignment (Group), Notes (Group)","(0...1) ↔ (0...1); (0...5), (0...6), (0...5), (0...19), (0...3)",n,n,n:O↔n:O,"n ↔ n; nopal, noˈpal, nopaɹ, n↔n,o↔o,p↔p,a↔a,l↔ɹ, LC ",S401.S401_EFE-A_Pre_05_20_2024.csv,Queries_Target_v2,Consonants,Pre,Spanish,S401,S401,EFE-A,Pre,n ↔ n,"nopal, noˈpal, nopaɹ, n↔n,o↔o,p↔p,a↔a,l↔ɹ, LC",LC ,nopal,noˈpal,nopaɹ,"n↔n,o↔o,p↔p,a↔a,l↔ɹ",1.0
2020-10-21,243,1,"IPA Target ↔ IPA Actual; Orthography (Group), IPA Target (Group), IPA Actual (Group), Alignment (Group), Notes (Group)","(3...4) ↔ (2...3); (0...5), (0...6), (0...5), (0...19), (0...3)",p,p,p:O↔p:O,"p ↔ p; nopal, noˈpal, nopaɹ, n↔n,o↔o,p↔p,a↔a,l↔ɹ, LC ",S401.S401_EFE-A_Pre_05_20_2024.csv,Queries_Target_v2,Consonants,Pre,Spanish,S401,S401,EFE-A,Pre,p ↔ p,"nopal, noˈpal, nopaɹ, n↔n,o↔o,p↔p,a↔a,l↔ɹ, LC",LC ,nopal,noˈpal,nopaɹ,"n↔n,o↔o,p↔p,a↔a,l↔ɹ",1.0
2020-10-21,243,1,"IPA Target ↔ IPA Actual; Orthography (Group), IPA Target (Group), IPA Actual (Group), Alignment (Group), Notes (Group)","(5...6) ↔ (4...5); (0...5), (0...6), (0...5), (0...19), (0...3)",l,ɹ,l:C↔ɹ:C,"l ↔ ɹ; nopal, noˈpal, nopaɹ, n↔n,o↔o,p↔p,a↔a,l↔ɹ, LC ",S401.S401_EFE-A_Pre_05_20_2024.csv,Queries_Target_v2,Consonants,Pre,Spanish,S401,S401,EFE-A,Pre,l ↔ ɹ,"nopal, noˈpal, nopaɹ, n↔n,o↔o,p↔p,a↔a,l↔ɹ, LC",LC ,nopal,noˈpal,nopaɹ,"n↔n,o↔o,p↔p,a↔a,l↔ɹ",0.5
2020-10-21,244,1,"IPA Target ↔ IPA Actual; Orthography (Group), IPA Target (Group), IPA Actual (Group), Alignment (Group), Notes (Group)","(0...1) ↔ (0...1); (0...7), (0...8), (0...8), (0...31), (0...2)",n,m,n:O↔m:O,"n ↔ m; nopales, noˈpales, moɾpaleθ, n↔m,o↔o,∅↔ɾ,p↔p,a↔a,l↔l,e↔e,s↔θ, LC",S401.S401_EFE-A_Pre_05_20_2024.csv,Queries_Target_v2,Consonants,Pre,Spanish,S401,S401,EFE-A,Pre,n ↔ m,"nopales, noˈpales, moɾpaleθ, n↔m,o↔o,∅↔ɾ,p↔p,a↔a,l↔l,e↔e,s↔θ, LC",LC,nopales,noˈpales,moɾpaleθ,"n↔m,o↔o,∅↔ɾ,p↔p,a↔a,l↔l,e↔e,s↔θ",0.5
2020-10-21,244,1,"IPA Target ↔ IPA Actual; Orthography (Group), IPA Target (Group), IPA Actual (Group), Alignment (Group), Notes (Group)","(3...4) ↔ (3...4); (0...7), (0...8), (0...8), (0...31), (0...2)",p,p,p:O↔p:O,"p ↔ p; nopales, noˈpales, moɾpaleθ, n↔m,o↔o,∅↔ɾ,p↔p,a↔a,l↔l,e↔e,s↔θ, LC",S401.S401_EFE-A_Pre_05_20_2024.csv,Queries_Target_v2,Consonants,Pre,Spanish,S401,S401,EFE-A,Pre,p ↔ p,"nopales, noˈpales, moɾpaleθ, n↔m,o↔o,∅↔ɾ,p↔p,a↔a,l↔l,e↔e,s↔θ, LC",LC,nopales,noˈpales,moɾpaleθ,"n↔m,o↔o,∅↔ɾ,p↔p,a↔a,l↔l,e↔e,s↔θ",1.0
2020-10-21,244,1,"IPA Target ↔ IPA Actual; Orthography (Group), IPA Target (Group), IPA Actual (Group), Alignment (Group), Notes (Group)","(5...6) ↔ (5...6); (0...7), (0...8), (0...8), (0...31), (0...2)",l,l,l:O↔l:O,"l ↔ l; nopales, noˈpales, moɾpaleθ, n↔m,o↔o,∅↔ɾ,p↔p,a↔a,l↔l,e↔e,s↔θ, LC",S401.S401_EFE-A_Pre_05_20_2024.csv,Queries_Target_v2,Consonants,Pre,Spanish,S401,S401,EFE-A,Pre,l ↔ l,"nopales, noˈpales, moɾpaleθ, n↔m,o↔o,∅↔ɾ,p↔p,a↔a,l↔l,e↔e,s↔θ, LC",LC,nopales,noˈpales,moɾpaleθ,"n↔m,o↔o,∅↔ɾ,p↔p,a↔a,l↔l,e↔e,s↔θ",1.0
2020-10-21,244,1,"IPA Target ↔ IPA Actual; Orthography (Group), IPA Target (Group), IPA Actual (Group), Alignment (Group), Notes (Group)","(7...8) ↔ (7...8); (0...7), (0...8), (0...8), (0...31), (0...2)",s,θ,s:C↔θ:C,"s ↔ θ; nopales, noˈpales, moɾpaleθ, n↔m,o↔o,∅↔ɾ,p↔p,a↔a,l↔l,e↔e,s↔θ, LC",S401.S401_EFE-A_Pre_05_20_2024.csv,Queries_Target_v2,Consonants,Pre,Spanish,S401,S401,EFE-A,Pre,s ↔ θ,"nopales, noˈpales, moɾpaleθ, n↔m,o↔o,∅↔ɾ,p↔p,a↔a,l↔l,e↔e,s↔θ, LC",LC,nopales,noˈpales,moɾpaleθ,"n↔m,o↔o,∅↔ɾ,p↔p,a↔a,l↔l,e↔e,s↔θ",0.7058823529411765
2020-10-21,245,1,"IPA Target ↔ IPA Actual; Orthography (Group), IPA Target (Group), IPA Actual (Group), Alignment (Group), Notes (Group)","(0...1) ↔ (0...1); (0...5), (0...6), (0...4), (0...19), (0...2)",p,p,p:O↔p:O,"p ↔ p; pared, paˈɾed, pave, p↔p,a↔a,ɾ↔v,e↔e,d↔∅, LC",S401.S401_EFE-A_Pre_05_20_2024.csv,Queries_Target_v2,Consonants,Pre,Spanish,S401,S401,EFE-A,Pre,p ↔ p,"pared, paˈɾed, pave, p↔p,a↔a,ɾ↔v,e↔e,d↔∅, LC",LC,pared,paˈɾed,pave,"p↔p,a↔a,ɾ↔v,e↔e,d↔∅",1.0
2020-10-21,245,1,"IPA Target ↔ IPA Actual; Orthography (Group), IPA Target (Group), IPA Actual (Group), Alignment (Group), Notes (Group)","(3...4) ↔ (2...3); (0...5), (0...6), (0...4), (0...19), (0...2)",ɾ,v,ɾ:O↔v:O,"ɾ ↔ v; pared, paˈɾed, pave, p↔p,a↔a,ɾ↔v,e↔e,d↔∅, LC",S401.S401_EFE-A_Pre_05_20_2024.csv,Queries_Target_v2,Consonants,Pre,Spanish,S401,S401,EFE-A,Pre,ɾ ↔ v,"pared, paˈɾed, pave, p↔p,a↔a,ɾ↔v,e↔e,d↔∅, LC",LC,pared,paˈɾed,pave,"p↔p,a↔a,ɾ↔v,e↔e,d↔∅",0.4117647058823529
2020-10-21,245,1,"IPA Target ↔ IPA Actual; Orthography (Group), IPA Target (Group), IPA Actual (Group), Alignment (Group), Notes (Group)","(5...6) ↔ (0...0); (0...5), (0...6), (0...4), (0...19), (0...2)",d,,d:C↔∅,"d ↔ ∅; pared, paˈɾed, pave, p↔p,a↔a,ɾ↔v,e↔e,d↔∅, LC",S401.S401_EFE-A_Pre_05_20_2024.csv,Queries_Target_v2,Consonants,Pre,Spanish,S401,S401,EFE-A,Pre,d ↔ ∅,"pared, paˈɾed, pave, p↔p,a↔a,ɾ↔v,e↔e,d↔∅, LC",LC,pared,paˈɾed,pave,"p↔p,a↔a,ɾ↔v,e↔e,d↔∅",0.0
2020-10-21,246,1,"IPA Target ↔ IPA Actual; Orthography (Group), IPA Target (Group), IPA Actual (Group), Alignment (Group), Notes (Group)","(0...1) ↔ (0...1); (0...7), (0...8), (0...6), (0...27), (0...2)",p,p,p:O↔p:O,"p ↔ p; paredes, paˈɾedes, paebes, p↔p,a↔a,ɾ↔∅,e↔e,d↔b,e↔e,s↔s, LC",S401.S401_EFE-A_Pre_05_20_2024.csv,Queries_Target_v2,Consonants,Pre,Spanish,S401,S401,EFE-A,Pre,p ↔ p,"paredes, paˈɾedes, paebes, p↔p,a↔a,ɾ↔∅,e↔e,d↔b,e↔e,s↔s, LC",LC,paredes,paˈɾedes,paebes,"p↔p,a↔a,ɾ↔∅,e↔e,d↔b,e↔e,s↔s",1.0
2020-10-21,246,1,"IPA Target ↔ IPA Actual; Orthography (Group), IPA Target (Group), IPA Actual (Group), Alignment (Group), Notes (Group)","(3...4) ↔ (0...0); (0...7), (0...8), (0...6), (0...27), (0...2)",ɾ,,ɾ:O↔∅,"ɾ ↔ ∅; paredes, paˈɾedes, paebes, p↔p,a↔a,ɾ↔∅,e↔e,d↔b,e↔e,s↔s, LC",S401.S401_EFE-A_Pre_05_20_2024.csv,Queries_Target_v2,Consonants,Pre,Spanish,S401,S401,EFE-A,Pre,ɾ ↔ ∅,"paredes, paˈɾedes, paebes, p↔p,a↔a,ɾ↔∅,e↔e,d↔b,e↔e,s↔s, LC",LC,paredes,paˈɾedes,paebes,"p↔p,a↔a,ɾ↔∅,e↔e,d↔b,e↔e,s↔s",0.0
2020-10-21,246,1,"IPA Target ↔ IPA Actual; Orthography (Group), IPA Target (Group), IPA Actual (Group), Alignment (Group), Notes (Group)","(5...6) ↔ (3...4); (0...7), (0...8), (0...6), (0...27), (0...2)",d,b,d:O↔b:O,"d ↔ b; paredes, paˈɾedes, paebes, p↔p,a↔a,ɾ↔∅,e↔e,d↔b,e↔e,s↔s, LC",S401.S401_EFE-A_Pre_05_20_2024.csv,Queries_Target_v2,Consonants,Pre,Spanish,S401,S401,EFE-A,Pre,d ↔ b,"paredes, paˈɾedes, paebes, p↔p,a↔a,ɾ↔∅,e↔e,d↔b,e↔e,s↔s, LC",LC,paredes,paˈɾedes,paebes,"p↔p,a↔a,ɾ↔∅,e↔e,d↔b,e↔e,s↔s",0.7058823529411765
2020-10-21,246,1,"IPA Target ↔ IPA Actual; Orthography (Group), IPA Target (Group), IPA Actual (Group), Alignment (Group), Notes (Group)","(7...8) ↔ (5...6); (0...7), (0...8), (0...6), (0...27), (0...2)",s,s,s:C↔s:C,"s ↔ s; paredes, paˈɾedes, paebes, p↔p,a↔a,ɾ↔∅,e↔e,d↔b,e↔e,s↔s, LC",S401.S401_EFE-A_Pre_05_20_2024.csv,Queries_Target_v2,Consonants,Pre,Spanish,S401,S401,EFE-A,Pre,s ↔ s,"paredes, paˈɾedes, paebes, p↔p,a↔a,ɾ↔∅,e↔e,d↔b,e↔e,s↔s, LC",LC,paredes,paˈɾedes,paebes,"p↔p,a↔a,ɾ↔∅,e↔e,d↔b,e↔e,s↔s",1.0
2020-10-21,247,1,"IPA Target ↔ IPA Actual; Orthography (Group), IPA Target (Group), IPA Actual (Group), Alignment (Group), Notes (Group)","(0...1) ↔ (0...1); (0...6), (0...7), (0...6), (0...23), (0...2)",s,s,s:O↔s:O,"s ↔ s; sartén, saɾˈten, saɾten, s↔s,a↔a,ɾ↔ɾ,t↔t,e↔e,n↔n, LC",S401.S401_EFE-A_Pre_05_20_2024.csv,Queries_Target_v2,Consonants,Pre,Spanish,S401,S401,EFE-A,Pre,s ↔ s,"sartén, saɾˈten, saɾten, s↔s,a↔a,ɾ↔ɾ,t↔t,e↔e,n↔n, LC",LC,sartén,saɾˈten,saɾten,"s↔s,a↔a,ɾ↔ɾ,t↔t,e↔e,n↔n",1.0
2020-10-21,247,1,"IPA Target ↔ IPA Actual; Orthography (Group), IPA Target (Group), IPA Actual (Group), Alignment (Group), Notes (Group)","(2...3) ↔ (2...3); (0...6), (0...7), (0...6), (0...23), (0...2)",ɾ,ɾ,ɾ:C↔ɾ:C,"ɾ ↔ ɾ; sartén, saɾˈten, saɾten, s↔s,a↔a,ɾ↔ɾ,t↔t,e↔e,n↔n, LC",S401.S401_EFE-A_Pre_05_20_2024.csv,Queries_Target_v2,Consonants,Pre,Spanish,S401,S401,EFE-A,Pre,ɾ ↔ ɾ,"sartén, saɾˈten, saɾten, s↔s,a↔a,ɾ↔ɾ,t↔t,e↔e,n↔n, LC",LC,sartén,saɾˈten,saɾten,"s↔s,a↔a,ɾ↔ɾ,t↔t,e↔e,n↔n",1.0
2020-10-21,247,1,"IPA Target ↔ IPA Actual; Orthography (Group), IPA Target (Group), IPA Actual (Group), Alignment (Group), Notes (Group)","(4...5) ↔ (3...4); (0...6), (0...7), (0...6), (0...23), (0...2)",t,t,t:O↔t:O,"t ↔ t; sartén, saɾˈten, saɾten, s↔s,a↔a,ɾ↔ɾ,t↔t,e↔e,n↔n, LC",S401.S401_EFE-A_Pre_05_20_2024.csv,Queries_Target_v2,Consonants,Pre,Spanish,S401,S401,EFE-A,Pre,t ↔ t,"sartén, saɾˈten, saɾten, s↔s,a↔a,ɾ↔ɾ,t↔t,e↔e,n↔n, LC",LC,sartén,saɾˈten,saɾten,"s↔s,a↔a,ɾ↔ɾ,t↔t,e↔e,n↔n",1.0
2020-10-21,247,1,"IPA Target ↔ IPA Actual; Orthography (Group), IPA Target (Group), IPA Actual (Group), Alignment (Group), Notes (Group)","(6...7) ↔ (5...6); (0...6), (0...7), (0...6), (0...23), (0...2)",n,n,n:C↔n:C,"n ↔ n; sartén, saɾˈten, saɾten, s↔s,a↔a,ɾ↔ɾ,t↔t,e↔e,n↔n, LC",S401.S401_EFE-A_Pre_05_20_2024.csv,Queries_Target_v2,Consonants,Pre,Spanish,S401,S401,EFE-A,Pre,n ↔ n,"sartén, saɾˈten, saɾten, s↔s,a↔a,ɾ↔ɾ,t↔t,e↔e,n↔n, LC",LC,sartén,saɾˈten,saɾten,"s↔s,a↔a,ɾ↔ɾ,t↔t,e↔e,n↔n",1.0
2020-10-21,248,1,"IPA Target ↔ IPA Actual; Orthography (Group), IPA Target (Group), IPA Actual (Group), Alignment (Group), Notes (Group)","(0...1) ↔ (0...1); (0...8), (0...9), (0...8), (0...31), (0...2)",s,s,s:O↔s:O,"s ↔ s; sartenes, saɾˈtenes, saɾtenes, s↔s,a↔a,ɾ↔ɾ,t↔t,e↔e,n↔n,e↔e,s↔s, LC",S401.S401_EFE-A_Pre_05_20_2024.csv,Queries_Target_v2,Consonants,Pre,Spanish,S401,S401,EFE-A,Pre,s ↔ s,"sartenes, saɾˈtenes, saɾtenes, s↔s,a↔a,ɾ↔ɾ,t↔t,e↔e,n↔n,e↔e,s↔s, LC",LC,sartenes,saɾˈtenes,saɾtenes,"s↔s,a↔a,ɾ↔ɾ,t↔t,e↔e,n↔n,e↔e,s↔s",1.0
2020-10-21,248,1,"IPA Target ↔ IPA Actual; Orthography (Group), IPA Target (Group), IPA Actual (Group), Alignment (Group), Notes (Group)","(2...3) ↔ (2...3); (0...8), (0...9), (0...8), (0...31), (0...2)",ɾ,ɾ,ɾ:C↔ɾ:C,"ɾ ↔ ɾ; sartenes, saɾˈtenes, saɾtenes, s↔s,a↔a,ɾ↔ɾ,t↔t,e↔e,n↔n,e↔e,s↔s, LC",S401.S401_EFE-A_Pre_05_20_2024.csv,Queries_Target_v2,Consonants,Pre,Spanish,S401,S401,EFE-A,Pre,ɾ ↔ ɾ,"sartenes, saɾˈtenes, saɾtenes, s↔s,a↔a,ɾ↔ɾ,t↔t,e↔e,n↔n,e↔e,s↔s, LC",LC,sartenes,saɾˈtenes,saɾtenes,"s↔s,a↔a,ɾ↔ɾ,t↔t,e↔e,n↔n,e↔e,s↔s",1.0
2020-10-21,248,1,"IPA Target ↔ IPA Actual; Orthography (Group), IPA Target (Group), IPA Actual (Group), Alignment (Group), Notes (Group)","(4...5) ↔ (3...4); (0...8), (0...9), (0...8), (0...31), (0...2)",t,t,t:O↔t:O,"t ↔ t; sartenes, saɾˈtenes, saɾtenes, s↔s,a↔a,ɾ↔ɾ,t↔t,e↔e,n↔n,e↔e,s↔s, LC",S401.S401_EFE-A_Pre_05_20_2024.csv,Queries_Target_v2,Consonants,Pre,Spanish,S401,S401,EFE-A,Pre,t ↔ t,"sartenes, saɾˈtenes, saɾtenes, s↔s,a↔a,ɾ↔ɾ,t↔t,e↔e,n↔n,e↔e,s↔s, LC",LC,sartenes,saɾˈtenes,saɾtenes,"s↔s,a↔a,ɾ↔ɾ,t↔t,e↔e,n↔n,e↔e,s↔s",1.0
2020-10-21,248,1,"IPA Target ↔ IPA Actual; Orthography (Group), IPA Target (Group), IPA Actual (Group), Alignment (Group), Notes (Group)","(6...7) ↔ (5...6); (0...8), (0...9), (0...8), (0...31), (0...2)",n,n,n:O↔n:O,"n ↔ n; sartenes, saɾˈtenes, saɾtenes, s↔s,a↔a,ɾ↔ɾ,t↔t,e↔e,n↔n,e↔e,s↔s, LC",S401.S401_EFE-A_Pre_05_20_2024.csv,Queries_Target_v2,Consonants,Pre,Spanish,S401,S401,EFE-A,Pre,n ↔ n,"sartenes, saɾˈtenes, saɾtenes, s↔s,a↔a,ɾ↔ɾ,t↔t,e↔e,n↔n,e↔e,s↔s, LC",LC,sartenes,saɾˈtenes,saɾtenes,"s↔s,a↔a,ɾ↔ɾ,t↔t,e↔e,n↔n,e↔e,s↔s",1.0
2020-10-21,248,1,"IPA Target ↔ IPA Actual; Orthography (Group), IPA Target (Group), IPA Actual (Group), Alignment (Group), Notes (Group)","(8...9) ↔ (7...8); (0...8), (0...9), (0...8), (0...31), (0...2)",s,s,s:C↔s:C,"s ↔ s; sartenes, saɾˈtenes, saɾtenes, s↔s,a↔a,ɾ↔ɾ,t↔t,e↔e,n↔n,e↔e,s↔s, LC",S401.S401_EFE-A_Pre_05_20_2024.csv,Queries_Target_v2,Consonants,Pre,Spanish,S401,S401,EFE-A,Pre,s ↔ s,"sartenes, saɾˈtenes, saɾtenes, s↔s,a↔a,ɾ↔ɾ,t↔t,e↔e,n↔n,e↔e,s↔s, LC",LC,sartenes,saɾˈtenes,saɾtenes,"s↔s,a↔a,ɾ↔ɾ,t↔t,e↔e,n↔n,e↔e,s↔s",1.0
2020-10-21,249,1,"IPA Target ↔ IPA Actual; Orthography (Group), IPA Target (Group), IPA Actual (Group), Alignment (Group), Notes (Group)","(0...1) ↔ (0...1); (0...6), (0...7), (0...6), (0...23), (0...2)",t,t,t:O↔t:O,"t ↔ t; tambor, tamˈboɾ, tamboɾ, t↔t,a↔a,m↔m,b↔b,o↔o,ɾ↔ɾ, LC",S401.S401_EFE-A_Pre_05_20_2024.csv,Queries_Target_v2,Consonants,Pre,Spanish,S401,S401,EFE-A,Pre,t ↔ t,"tambor, tamˈboɾ, tamboɾ, t↔t,a↔a,m↔m,b↔b,o↔o,ɾ↔ɾ, LC",LC,tambor,tamˈboɾ,tamboɾ,"t↔t,a↔a,m↔m,b↔b,o↔o,ɾ↔ɾ",1.0
2020-10-21,249,1,"IPA Target ↔ IPA Actual; Orthography (Group), IPA Target (Group), IPA Actual (Group), Alignment (Group), Notes (Group)","(2...3) ↔ (2...3); (0...6), (0...7), (0...6), (0...23), (0...2)",m,m,m:C↔m:C,"m ↔ m; tambor, tamˈboɾ, tamboɾ, t↔t,a↔a,m↔m,b↔b,o↔o,ɾ↔ɾ, LC",S401.S401_EFE-A_Pre_05_20_2024.csv,Queries_Target_v2,Consonants,Pre,Spanish,S401,S401,EFE-A,Pre,m ↔ m,"tambor, tamˈboɾ, tamboɾ, t↔t,a↔a,m↔m,b↔b,o↔o,ɾ↔ɾ, LC",LC,tambor,tamˈboɾ,tamboɾ,"t↔t,a↔a,m↔m,b↔b,o↔o,ɾ↔ɾ",1.0
2020-10-21,249,1,"IPA Target ↔ IPA Actual; Orthography (Group), IPA Target (Group), IPA Actual (Group), Alignment (Group), Notes (Group)","(4...5) ↔ (3...4); (0...6), (0...7), (0...6), (0...23), (0...2)",b,b,b:O↔b:O,"b ↔ b; tambor, tamˈboɾ, tamboɾ, t↔t,a↔a,m↔m,b↔b,o↔o,ɾ↔ɾ, LC",S401.S401_EFE-A_Pre_05_20_2024.csv,Queries_Target_v2,Consonants,Pre,Spanish,S401,S401,EFE-A,Pre,b ↔ b,"tambor, tamˈboɾ, tamboɾ, t↔t,a↔a,m↔m,b↔b,o↔o,ɾ↔ɾ, LC",LC,tambor,tamˈboɾ,tamboɾ,"t↔t,a↔a,m↔m,b↔b,o↔o,ɾ↔ɾ",1.0
2020-10-21,249,1,"IPA Target ↔ IPA Actual; Orthography (Group), IPA Target (Group), IPA Actual (Group), Alignment (Group), Notes (Group)","(6...7) ↔ (5...6); (0...6), (0...7), (0...6), (0...23), (0...2)",ɾ,ɾ,ɾ:C↔ɾ:C,"ɾ ↔ ɾ; tambor, tamˈboɾ, tamboɾ, t↔t,a↔a,m↔m,b↔b,o↔o,ɾ↔ɾ, LC",S401.S401_EFE-A_Pre_05_20_2024.csv,Queries_Target_v2,Consonants,Pre,Spanish,S401,S401,EFE-A,Pre,ɾ ↔ ɾ,"tambor, tamˈboɾ, tamboɾ, t↔t,a↔a,m↔m,b↔b,o↔o,ɾ↔ɾ, LC",LC,tambor,tamˈboɾ,tamboɾ,"t↔t,a↔a,m↔m,b↔b,o↔o,ɾ↔ɾ",1.0
2020-10-21,250,1,"IPA Target ↔ IPA Actual; Orthography (Group), IPA Target (Group), IPA Actual (Group), Alignment (Group), Notes (Group)","(0...1) ↔ (0...1); (0...8), (0...9), (0...8), (0...31), (0...2)",t,t,t:O↔t:O,"t ↔ t; tambores, tamˈboɾes, tamboɾes, t↔t,a↔a,m↔m,b↔b,o↔o,ɾ↔ɾ,e↔e,s↔s, LC",S401.S401_EFE-A_Pre_05_20_2024.csv,Queries_Target_v2,Consonants,Pre,Spanish,S401,S401,EFE-A,Pre,t ↔ t,"tambores, tamˈboɾes, tamboɾes, t↔t,a↔a,m↔m,b↔b,o↔o,ɾ↔ɾ,e↔e,s↔s, LC",LC,tambores,tamˈboɾes,tamboɾes,"t↔t,a↔a,m↔m,b↔b,o↔o,ɾ↔ɾ,e↔e,s↔s",1.0
2020-10-21,250,1,"IPA Target ↔ IPA Actual; Orthography (Group), IPA Target (Group), IPA Actual (Group), Alignment (Group), Notes (Group)","(2...3) ↔ (2...3); (0...8), (0...9), (0...8), (0...31), (0...2)",m,m,m:C↔m:C,"m ↔ m; tambores, tamˈboɾes, tamboɾes, t↔t,a↔a,m↔m,b↔b,o↔o,ɾ↔ɾ,e↔e,s↔s, LC",S401.S401_EFE-A_Pre_05_20_2024.csv,Queries_Target_v2,Consonants,Pre,Spanish,S401,S401,EFE-A,Pre,m ↔ m,"tambores, tamˈboɾes, tamboɾes, t↔t,a↔a,m↔m,b↔b,o↔o,ɾ↔ɾ,e↔e,s↔s, LC",LC,tambores,tamˈboɾes,tamboɾes,"t↔t,a↔a,m↔m,b↔b,o↔o,ɾ↔ɾ,e↔e,s↔s",1.0
2020-10-21,250,1,"IPA Target ↔ IPA Actual; Orthography (Group), IPA Target (Group), IPA Actual (Group), Alignment (Group), Notes (Group)","(4...5) ↔ (3...4); (0...8), (0...9), (0...8), (0...31), (0...2)",b,b,b:O↔b:O,"b ↔ b; tambores, tamˈboɾes, tamboɾes, t↔t,a↔a,m↔m,b↔b,o↔o,ɾ↔ɾ,e↔e,s↔s, LC",S401.S401_EFE-A_Pre_05_20_2024.csv,Queries_Target_v2,Consonants,Pre,Spanish,S401,S401,EFE-A,Pre,b ↔ b,"tambores, tamˈboɾes, tamboɾes, t↔t,a↔a,m↔m,b↔b,o↔o,ɾ↔ɾ,e↔e,s↔s, LC",LC,tambores,tamˈboɾes,tamboɾes,"t↔t,a↔a,m↔m,b↔b,o↔o,ɾ↔ɾ,e↔e,s↔s",1.0
2020-10-21,250,1,"IPA Target ↔ IPA Actual; Orthography (Group), IPA Target (Group), IPA Actual (Group), Alignment (Group), Notes (Group)","(6...7) ↔ (5...6); (0...8), (0...9), (0...8), (0...31), (0...2)",ɾ,ɾ,ɾ:O↔ɾ:O,"ɾ ↔ ɾ; tambores, tamˈboɾes, tamboɾes, t↔t,a↔a,m↔m,b↔b,o↔o,ɾ↔ɾ,e↔e,s↔s, LC",S401.S401_EFE-A_Pre_05_20_2024.csv,Queries_Target_v2,Consonants,Pre,Spanish,S401,S401,EFE-A,Pre,ɾ ↔ ɾ,"tambores, tamˈboɾes, tamboɾes, t↔t,a↔a,m↔m,b↔b,o↔o,ɾ↔ɾ,e↔e,s↔s, LC",LC,tambores,tamˈboɾes,tamboɾes,"t↔t,a↔a,m↔m,b↔b,o↔o,ɾ↔ɾ,e↔e,s↔s",1.0
2020-10-21,250,1,"IPA Target ↔ IPA Actual; Orthography (Group), IPA Target (Group), IPA Actual (Group), Alignment (Group), Notes (Group)","(8...9) ↔ (7...8); (0...8), (0...9), (0...8), (0...31), (0...2)",s,s,s:C↔s:C,"s ↔ s; tambores, tamˈboɾes, tamboɾes, t↔t,a↔a,m↔m,b↔b,o↔o,ɾ↔ɾ,e↔e,s↔s, LC",S401.S401_EFE-A_Pre_05_20_2024.csv,Queries_Target_v2,Consonants,Pre,Spanish,S401,S401,EFE-A,Pre,s ↔ s,"tambores, tamˈboɾes, tamboɾes, t↔t,a↔a,m↔m,b↔b,o↔o,ɾ↔ɾ,e↔e,s↔s, LC",LC,tambores,tamˈboɾes,tamboɾes,"t↔t,a↔a,m↔m,b↔b,o↔o,ɾ↔ɾ,e↔e,s↔s",1.0
2020-10-21,251,1,"IPA Target ↔ IPA Actual; Orthography (Group), IPA Target (Group), IPA Actual (Group), Alignment (Group), Notes (Group)","(0...1) ↔ (0...1); (0...6), (0...7), (0...4), (0...23), (0...2)",s,ʃ,s:O↔ʃ:O,"s ↔ ʃ; ciudad, sjuˈdad, ʃuda, s↔ʃ,j↔∅,u↔u,d↔d,a↔a,d↔∅, LC",S401.S401_EFE-A_Pre_05_20_2024.csv,Queries_Target_v2,Consonants,Pre,Spanish,S401,S401,EFE-A,Pre,s ↔ ʃ,"ciudad, sjuˈdad, ʃuda, s↔ʃ,j↔∅,u↔u,d↔d,a↔a,d↔∅, LC",LC,ciudad,sjuˈdad,ʃuda,"s↔ʃ,j↔∅,u↔u,d↔d,a↔a,d↔∅",0.7058823529411765
2020-10-21,251,1,"IPA Target ↔ IPA Actual; Orthography (Group), IPA Target (Group), IPA Actual (Group), Alignment (Group), Notes (Group)","(1...2) ↔ (0...0); (0...6), (0...7), (0...4), (0...23), (0...2)",j,,j:O↔∅,"j ↔ ∅; ciudad, sjuˈdad, ʃuda, s↔ʃ,j↔∅,u↔u,d↔d,a↔a,d↔∅, LC",S401.S401_EFE-A_Pre_05_20_2024.csv,Queries_Target_v2,Consonants,Pre,Spanish,S401,S401,EFE-A,Pre,j ↔ ∅,"ciudad, sjuˈdad, ʃuda, s↔ʃ,j↔∅,u↔u,d↔d,a↔a,d↔∅, LC",LC,ciudad,sjuˈdad,ʃuda,"s↔ʃ,j↔∅,u↔u,d↔d,a↔a,d↔∅",0.0
2020-10-21,251,1,"IPA Target ↔ IPA Actual; Orthography (Group), IPA Target (Group), IPA Actual (Group), Alignment (Group), Notes (Group)","(4...5) ↔ (2...3); (0...6), (0...7), (0...4), (0...23), (0...2)",d,d,d:O↔d:O,"d ↔ d; ciudad, sjuˈdad, ʃuda, s↔ʃ,j↔∅,u↔u,d↔d,a↔a,d↔∅, LC",S401.S401_EFE-A_Pre_05_20_2024.csv,Queries_Target_v2,Consonants,Pre,Spanish,S401,S401,EFE-A,Pre,d ↔ d,"ciudad, sjuˈdad, ʃuda, s↔ʃ,j↔∅,u↔u,d↔d,a↔a,d↔∅, LC",LC,ciudad,sjuˈdad,ʃuda,"s↔ʃ,j↔∅,u↔u,d↔d,a↔a,d↔∅",1.0
2020-10-21,251,1,"IPA Target ↔ IPA Actual; Orthography (Group), IPA Target (Group), IPA Actual (Group), Alignment (Group), Notes (Group)","(6...7) ↔ (0...0); (0...6), (0...7), (0...4), (0...23), (0...2)",d,,d:C↔∅,"d ↔ ∅; ciudad, sjuˈdad, ʃuda, s↔ʃ,j↔∅,u↔u,d↔d,a↔a,d↔∅, LC",S401.S401_EFE-A_Pre_05_20_2024.csv,Queries_Target_v2,Consonants,Pre,Spanish,S401,S401,EFE-A,Pre,d ↔ ∅,"ciudad, sjuˈdad, ʃuda, s↔ʃ,j↔∅,u↔u,d↔d,a↔a,d↔∅, LC",LC,ciudad,sjuˈdad,ʃuda,"s↔ʃ,j↔∅,u↔u,d↔d,a↔a,d↔∅",0.0
2020-10-21,252,1,"IPA Target ↔ IPA Actual; Orthography (Group), IPA Target (Group), IPA Actual (Group), Alignment (Group), Notes (Group)","(0...1) ↔ (0...1); (0...8), (0...9), (0...6), (0...31), (0...16)",s,ʃ,s:O↔ʃ:O,"s ↔ ʃ; ciudades, sjuˈdades, ʃuades, s↔ʃ,j↔∅,u↔u,d↔∅,a↔a,d↔d,e↔e,s↔s, LC KR Yes Dental",S401.S401_EFE-A_Pre_05_20_2024.csv,Queries_Target_v2,Consonants,Pre,Spanish,S401,S401,EFE-A,Pre,s ↔ ʃ,"ciudades, sjuˈdades, ʃuades, s↔ʃ,j↔∅,u↔u,d↔∅,a↔a,d↔d,e↔e,s↔s, LC KR Yes Dental",LC KR Yes Dental,ciudades,sjuˈdades,ʃuades,"s↔ʃ,j↔∅,u↔u,d↔∅,a↔a,d↔d,e↔e,s↔s",0.7058823529411765
2020-10-21,252,1,"IPA Target ↔ IPA Actual; Orthography (Group), IPA Target (Group), IPA Actual (Group), Alignment (Group), Notes (Group)","(1...2) ↔ (0...0); (0...8), (0...9), (0...6), (0...31), (0...16)",j,,j:O↔∅,"j ↔ ∅; ciudades, sjuˈdades, ʃuades, s↔ʃ,j↔∅,u↔u,d↔∅,a↔a,d↔d,e↔e,s↔s, LC KR Yes Dental",S401.S401_EFE-A_Pre_05_20_2024.csv,Queries_Target_v2,Consonants,Pre,Spanish,S401,S401,EFE-A,Pre,j ↔ ∅,"ciudades, sjuˈdades, ʃuades, s↔ʃ,j↔∅,u↔u,d↔∅,a↔a,d↔d,e↔e,s↔s, LC KR Yes Dental",LC KR Yes Dental,ciudades,sjuˈdades,ʃuades,"s↔ʃ,j↔∅,u↔u,d↔∅,a↔a,d↔d,e↔e,s↔s",0.0
2020-10-21,252,1,"IPA Target ↔ IPA Actual; Orthography (Group), IPA Target (Group), IPA Actual (Group), Alignment (Group), Notes (Group)","(4...5) ↔ (0...0); (0...8), (0...9), (0...6), (0...31), (0...16)",d,,d:O↔∅,"d ↔ ∅; ciudades, sjuˈdades, ʃuades, s↔ʃ,j↔∅,u↔u,d↔∅,a↔a,d↔d,e↔e,s↔s, LC KR Yes Dental",S401.S401_EFE-A_Pre_05_20_2024.csv,Queries_Target_v2,Consonants,Pre,Spanish,S401,S401,EFE-A,Pre,d ↔ ∅,"ciudades, sjuˈdades, ʃuades, s↔ʃ,j↔∅,u↔u,d↔∅,a↔a,d↔d,e↔e,s↔s, LC KR Yes Dental",LC KR Yes Dental,ciudades,sjuˈdades,ʃuades,"s↔ʃ,j↔∅,u↔u,d↔∅,a↔a,d↔d,e↔e,s↔s",0.0
2020-10-21,252,1,"IPA Target ↔ IPA Actual; Orthography (Group), IPA Target (Group), IPA Actual (Group), Alignment (Group), Notes (Group)","(6...7) ↔ (3...4); (0...8), (0...9), (0...6), (0...31), (0...16)",d,d,d:O↔d:O,"d ↔ d; ciudades, sjuˈdades, ʃuades, s↔ʃ,j↔∅,u↔u,d↔∅,a↔a,d↔d,e↔e,s↔s, LC KR Yes Dental",S401.S401_EFE-A_Pre_05_20_2024.csv,Queries_Target_v2,Consonants,Pre,Spanish,S401,S401,EFE-A,Pre,d ↔ d,"ciudades, sjuˈdades, ʃuades, s↔ʃ,j↔∅,u↔u,d↔∅,a↔a,d↔d,e↔e,s↔s, LC KR Yes Dental",LC KR Yes Dental,ciudades,sjuˈdades,ʃuades,"s↔ʃ,j↔∅,u↔u,d↔∅,a↔a,d↔d,e↔e,s↔s",1.0
2020-10-21,252,1,"IPA Target ↔ IPA Actual; Orthography (Group), IPA Target (Group), IPA Actual (Group), Alignment (Group), Notes (Group)","(8...9) ↔ (5...6); (0...8), (0...9), (0...6), (0...31), (0...16)",s,s,s:C↔s:C,"s ↔ s; ciudades, sjuˈdades, ʃuades, s↔ʃ,j↔∅,u↔u,d↔∅,a↔a,d↔d,e↔e,s↔s, LC KR Yes Dental",S401.S401_EFE-A_Pre_05_20_2024.csv,Queries_Target_v2,Consonants,Pre,Spanish,S401,S401,EFE-A,Pre,s ↔ s,"ciudades, sjuˈdades, ʃuades, s↔ʃ,j↔∅,u↔u,d↔∅,a↔a,d↔d,e↔e,s↔s, LC KR Yes Dental",LC KR Yes Dental,ciudades,sjuˈdades,ʃuades,"s↔ʃ,j↔∅,u↔u,d↔∅,a↔a,d↔d,e↔e,s↔s",1.0
2020-10-21,253,1,"IPA Target ↔ IPA Actual; Orthography (Group), IPA Target (Group), IPA Actual (Group), Alignment (Group), Notes (Group)","(0...1) ↔ (0...1); (0...4), (0...4), (0...3), (0...15), (0...2)",k,k,k:O↔k:O,"k ↔ k; cruz, kɾus, kuθ, k↔k,ɾ↔∅,u↔u,s↔θ, LC",S401.S401_EFE-A_Pre_05_20_2024.csv,Queries_Target_v2,Consonants,Pre,Spanish,S401,S401,EFE-A,Pre,k ↔ k,"cruz, kɾus, kuθ, k↔k,ɾ↔∅,u↔u,s↔θ, LC",LC,cruz,kɾus,kuθ,"k↔k,ɾ↔∅,u↔u,s↔θ",1.0
2020-10-21,253,1,"IPA Target ↔ IPA Actual; Orthography (Group), IPA Target (Group), IPA Actual (Group), Alignment (Group), Notes (Group)","(1...2) ↔ (0...0); (0...4), (0...4), (0...3), (0...15), (0...2)",ɾ,,ɾ:O↔∅,"ɾ ↔ ∅; cruz, kɾus, kuθ, k↔k,ɾ↔∅,u↔u,s↔θ, LC",S401.S401_EFE-A_Pre_05_20_2024.csv,Queries_Target_v2,Consonants,Pre,Spanish,S401,S401,EFE-A,Pre,ɾ ↔ ∅,"cruz, kɾus, kuθ, k↔k,ɾ↔∅,u↔u,s↔θ, LC",LC,cruz,kɾus,kuθ,"k↔k,ɾ↔∅,u↔u,s↔θ",0.0
2020-10-21,253,1,"IPA Target ↔ IPA Actual; Orthography (Group), IPA Target (Group), IPA Actual (Group), Alignment (Group), Notes (Group)","(3...4) ↔ (2...3); (0...4), (0...4), (0...3), (0...15), (0...2)",s,θ,s:C↔θ:C,"s ↔ θ; cruz, kɾus, kuθ, k↔k,ɾ↔∅,u↔u,s↔θ, LC",S401.S401_EFE-A_Pre_05_20_2024.csv,Queries_Target_v2,Consonants,Pre,Spanish,S401,S401,EFE-A,Pre,s ↔ θ,"cruz, kɾus, kuθ, k↔k,ɾ↔∅,u↔u,s↔θ, LC",LC,cruz,kɾus,kuθ,"k↔k,ɾ↔∅,u↔u,s↔θ",0.7058823529411765
2020-10-21,254,1,"IPA Target ↔ IPA Actual; Orthography (Group), IPA Target (Group), IPA Actual (Group), Alignment (Group), Notes (Group)","(1...2) ↔ (0...1); (0...6), (0...7), (0...6), (0...23), (0...2)",k,k,k:O↔k:O,"k ↔ k; cruces, ˈkɾuses, kɾuses, k↔k,ɾ↔ɾ,u↔u,s↔s,e↔e,s↔s, LC",S401.S401_EFE-A_Pre_05_20_2024.csv,Queries_Target_v2,Consonants,Pre,Spanish,S401,S401,EFE-A,Pre,k ↔ k,"cruces, ˈkɾuses, kɾuses, k↔k,ɾ↔ɾ,u↔u,s↔s,e↔e,s↔s, LC",LC,cruces,ˈkɾuses,kɾuses,"k↔k,ɾ↔ɾ,u↔u,s↔s,e↔e,s↔s",1.0
2020-10-21,254,1,"IPA Target ↔ IPA Actual; Orthography (Group), IPA Target (Group), IPA Actual (Group), Alignment (Group), Notes (Group)","(2...3) ↔ (1...2); (0...6), (0...7), (0...6), (0...23), (0...2)",ɾ,ɾ,ɾ:O↔ɾ:O,"ɾ ↔ ɾ; cruces, ˈkɾuses, kɾuses, k↔k,ɾ↔ɾ,u↔u,s↔s,e↔e,s↔s, LC",S401.S401_EFE-A_Pre_05_20_2024.csv,Queries_Target_v2,Consonants,Pre,Spanish,S401,S401,EFE-A,Pre,ɾ ↔ ɾ,"cruces, ˈkɾuses, kɾuses, k↔k,ɾ↔ɾ,u↔u,s↔s,e↔e,s↔s, LC",LC,cruces,ˈkɾuses,kɾuses,"k↔k,ɾ↔ɾ,u↔u,s↔s,e↔e,s↔s",1.0
2020-10-21,254,1,"IPA Target ↔ IPA Actual; Orthography (Group), IPA Target (Group), IPA Actual (Group), Alignment (Group), Notes (Group)","(4...5) ↔ (3...4); (0...6), (0...7), (0...6), (0...23), (0...2)",s,s,s:O↔s:O,"s ↔ s; cruces, ˈkɾuses, kɾuses, k↔k,ɾ↔ɾ,u↔u,s↔s,e↔e,s↔s, LC",S401.S401_EFE-A_Pre_05_20_2024.csv,Queries_Target_v2,Consonants,Pre,Spanish,S401,S401,EFE-A,Pre,s ↔ s,"cruces, ˈkɾuses, kɾuses, k↔k,ɾ↔ɾ,u↔u,s↔s,e↔e,s↔s, LC",LC,cruces,ˈkɾuses,kɾuses,"k↔k,ɾ↔ɾ,u↔u,s↔s,e↔e,s↔s",1.0
2020-10-21,254,1,"IPA Target ↔ IPA Actual; Orthography (Group), IPA Target (Group), IPA Actual (Group), Alignment (Group), Notes (Group)","(6...7) ↔ (5...6); (0...6), (0...7), (0...6), (0...23), (0...2)",s,s,s:C↔s:C,"s ↔ s; cruces, ˈkɾuses, kɾuses, k↔k,ɾ↔ɾ,u↔u,s↔s,e↔e,s↔s, LC",S401.S401_EFE-A_Pre_05_20_2024.csv,Queries_Target_v2,Consonants,Pre,Spanish,S401,S401,EFE-A,Pre,s ↔ s,"cruces, ˈkɾuses, kɾuses, k↔k,ɾ↔ɾ,u↔u,s↔s,e↔e,s↔s, LC",LC,cruces,ˈkɾuses,kɾuses,"k↔k,ɾ↔ɾ,u↔u,s↔s,e↔e,s↔s",1.0
